item, 1 x 1, 0.9315812184582446, 0.8902842261137622, 0.5464708176628198, 0.7721125492982496
item, 1 x 10, 0.9279543959914315, 0.9622431585301168, 0.58094597555495, 0.8843383878704055
item, 1 x 2, 0.8994781680252705, 0.8239745466558651, 0.8002606179635476, 0.6417429068753273
item, 1 x 3, 0.8794198929142016, 0.6925100509994289, 0.6616911168255789, 0.8816092574017473
item, 1 x 4, 0.9108551098411622, 0.777366689986843, 0.6120135549214842, 0.7624514426506588
item, 1 x 5, 0.7929364320116213, 0.7741870445358484, 0.6696125121950836, 0.7762986658663447
item, 1 x 6, 0.8020885380531804, 0.5268914551767837, 0.6780506711278808, 0.49469381760791076
item, 1 x 7, 0.8312126246846085, 0.9285927060449349, 0.5977411335382151, 0.582242675686674
item, 1 x 8, 0.9285585854148987, 0.3306675598252897, 0.7294965594152891, 0.7873714146935629
item, 1 x 9, 0.8503017844136144, 0.6334127045623226, 0.7607527714965586, 0.5336456327934195
item, 10 x 1, 0.988940496253016, 1.0, 0.5292746070447766, 0.8175503208195154
item, 10 x 10, 0.8441963550141037, 0.7674512113301881, 0.6114087977751391, 0.9990272558266168
item, 10 x 2, 0.8553185809819941, 0.7330455917324146, 0.7417705081074173, 0.7611057600114581
item, 10 x 3, 0.9460552293291967, 0.5389778342827306, 0.7606279309257414, 0.8905319858967155
item, 10 x 4, 0.8496245049431744, 0.6747587704413905, 0.620349878823462, 0.9757994100106345
item, 10 x 5, 0.9256708242228096, 0.9674808874891953, 0.7223115582525942, 0.8445586459040124
item, 10 x 6, 0.7556296790449878, 0.4106221954126722, 0.899259444138516, 0.7101630324626378
item, 10 x 7, 0.8760808017795509, 0.9237821770021943, 0.6841171283110679, 0.6283516563174877
item, 10 x 8, 0.9747819633754461, 0.8214641397515582, 0.8324961154468973, 0.9427270047188006
item, 10 x 9, 0.8687245782317732, 0.7850234109848706, 0.807562851311556, 0.9208253701850668
item, 2 x 1, 0.8729713012068344, 0.9995986702228062, 0.556627102395763, 0.7757196703762108
item, 2 x 10, 0.9301045165353967, 0.7848227408381516, 0.6871784187024266, 0.9831100997698562
item, 2 x 2, 0.8274032898702188, 0.8388791981666783, 0.7723504132616509, 0.8810421602767633
item, 2 x 3, 0.9887224365989521, 0.7864718625416283, 0.8685596983443942, 0.9114265968577661
item, 2 x 4, 0.9812651921350642, 0.8668526348753374, 0.6458346611928647, 0.7882778053407218
item, 2 x 5, 0.9080616066712028, 0.9077854450442773, 0.8348695315261097, 0.7523481153530353
item, 2 x 6, 0.8547620885769359, 0.7907410660500255, 0.8287911618941127, 0.7812630401631049
item, 2 x 7, 0.8580143744845248, 0.7877813419960566, 0.7710208412666737, 0.8964046423354183
item, 2 x 8, 0.8158781824873056, 0.7393688529901655, 0.9607892559855106, 0.838005660250517
item, 2 x 9, 0.9933155692908505, 0.9744555609449252, 0.9803334219662996, 0.6729849015716057
item, 3 x 1, 0.9331800612349688, 0.9909700805000952, 0.521709719656037, 0.7790020392816963
item, 3 x 10, 0.8674608156320671, 0.772196690558979, 0.530390810541749, 1.0
item, 3 x 2, 0.9319978746222592, 0.9076991566702581, 0.8868955167270876, 0.7423129498169003
item, 3 x 3, 0.9635938849194944, 0.8958124657975917, 0.947920078150613, 0.8975629059795442
item, 3 x 4, 0.8032294998300734, 0.8985325550948299, 0.9545259812785354, 0.9099177333572063
item, 3 x 5, 0.8919728285319578, 0.9813543245390891, 0.9064441758616972, 0.933324184831767
item, 3 x 6, 0.9648754258338398, 0.8917935235803137, 1.0, 0.9034169514934461
item, 3 x 7, 0.9835190794347644, 1.0, 0.9384927442416391, 0.9999277193401546
item, 3 x 8, 0.996521409886507, 0.9867797342638879, 0.9972980386786022, 0.9991149551735035
item, 3 x 9, 0.9958295971926728, 0.9900069978773776, 0.999774590786521, 1.0
item, 4 x 1, 0.8790932995608475, 0.9909875522480371, 0.5468978042290384, 0.8418867629470772
item, 4 x 10, 0.7898747913694665, 0.8804104408765683, 0.5889900809195797, 1.0
item, 4 x 2, 0.864614388102564, 0.8991765070591331, 0.9899478224444616, 0.7699338047896217
item, 4 x 3, 0.996337489816417, 1.0, 1.0, 0.8097440110708315
item, 4 x 4, 0.8630933382903327, 0.995451957362733, 1.0, 1.0
item, 4 x 5, 0.8240448943422906, 0.9264976794440469, 0.936856586896686, 0.945766908661933
item, 4 x 6, 0.9710796250938201, 0.8572294467129593, 0.9996982636434072, 1.0
item, 4 x 7, 0.9993923491854741, 0.9984424124591413, 0.9878490463203039, 0.9997583640395881
item, 4 x 8, 0.9769733248013983, 0.9839512525218653, 0.9949923266715127, 0.9933760507247396
item, 4 x 9, 0.9924771654976672, 0.9923836832394128, 0.9999931811241111, 0.9992957679277474
item, 5 x 1, 0.8781835430844328, 0.9777710405565858, 0.4771385641159331, 0.8474783900942121
item, 5 x 10, 0.7662303742003049, 0.7824252134140791, 0.5761203616160562, 0.9976930109146693
item, 5 x 2, 0.9304096403152691, 0.8583490095940015, 0.9286375117773719, 0.71169408734049
item, 5 x 3, 0.9806513579829115, 0.8763789803606656, 0.9905481363107744, 0.9746311183496004
item, 5 x 4, 0.9702882963122446, 0.9206150746092856, 0.9300956934476496, 0.966446464844905
item, 5 x 5, 0.871494498887817, 0.9938510424271289, 0.8632500330471247, 0.9852525438995492
item, 5 x 6, 0.764499668008852, 0.8614915254714364, 0.9852412564747902, 0.8814567886782172
item, 5 x 7, 0.9698264456552362, 0.9803532405269416, 0.9849677255388454, 0.9976264039537293
item, 5 x 8, 0.9124814091012877, 0.9025013891340453, 1.0, 0.993918663089317
item, 5 x 9, 0.991000793673832, 0.8205715204097396, 1.0, 0.9942283425974837
item, 6 x 1, 0.9855317645899218, 0.9676475645227429, 0.47677006369203667, 0.7794766169878918
item, 6 x 10, 0.9400877491206061, 0.6753061937140543, 0.5900257505454908, 0.9936526100205583
item, 6 x 2, 0.9187811592290076, 0.8715979047324822, 0.986139752850734, 0.7960939166618167
item, 6 x 3, 0.9978233595163453, 0.9950264872776322, 0.9952370723884297, 0.9879543963729155
item, 6 x 4, 0.9827605604473129, 0.9709212394181261, 0.9899764646542559, 0.9797400735525458
item, 6 x 5, 0.9033471945341209, 0.9629417148802495, 0.990484230762421, 0.8045172481453358
item, 6 x 6, 0.8695503095665522, 0.9861084956729397, 1.0, 0.8436249040061774
item, 6 x 7, 1.0, 0.998589182652674, 1.0, 1.0
item, 6 x 8, 1.0, 1.0, 1.0, 0.9957281064279421
item, 6 x 9, 1.0, 0.9999944982294924, 1.0, 0.9999176383385229
item, 7 x 1, 0.9845250236415501, 0.990513738545874, 0.46260930808148865, 0.7875067226947137
item, 7 x 10, 0.9483071242329855, 0.7346229442764239, 0.5639693017551937, 0.9992033996806113
item, 7 x 2, 0.9270902586075455, 0.7987116906689631, 0.9600620983592029, 0.9475716150810896
item, 7 x 3, 0.9979734648823965, 0.9861508459949164, 0.9928980991797252, 0.9982078160928499
item, 7 x 4, 0.9997755275466843, 0.9998148152418205, 0.9970245384990001, 1.0
item, 7 x 5, 0.9902023923602707, 0.9937729651357029, 0.9750565822466125, 0.8376191834092216
item, 7 x 6, 0.9953742135841736, 0.9932311340958389, 1.0, 1.0
item, 7 x 7, 0.9975986877213635, 0.9977649010265757, 0.9999071909413038, 0.9912860156360833
item, 7 x 8, 0.9991108627564501, 0.9995382186793887, 0.9982677330293841, 0.9974175303370193
item, 7 x 9, 1.0, 0.9991387566414797, 1.0, 1.0
item, 8 x 1, 0.9787484169106064, 0.9623408663021691, 0.5173524556175114, 0.8367116026471161
item, 8 x 10, 0.8564218961280063, 0.8071526410735945, 0.5603132365213485, 0.9990495508373052
item, 8 x 2, 0.9403230925552843, 0.9403542150294157, 0.9415677713064643, 0.8698274115311017
item, 8 x 3, 0.9971994991105239, 0.9980757349714765, 1.0, 0.99639162339318
item, 8 x 4, 0.9974971864677905, 0.9993488443476661, 0.995796076248105, 0.9999426007987572
item, 8 x 5, 0.8917174011528576, 0.9605526530880871, 0.9538486641859367, 0.8971058219422302
item, 8 x 6, 0.9176865523786515, 0.9966804215520821, 0.9949911124583101, 1.0
item, 8 x 7, 0.9902615372281216, 1.0, 1.0, 0.998818958207389
item, 8 x 8, 0.9793713541035844, 0.9930034170779815, 0.9996037584791572, 0.9903731479845558
item, 8 x 9, 0.9692795179579118, 0.9786120259815828, 1.0, 0.9883919776488608
item, 9 x 1, 0.9280154995646083, 0.9882688516489391, 0.5113622955933498, 0.828972967720788
item, 9 x 10, 0.9696786935704425, 0.5749772337342658, 0.4805733375303606, 0.9964088849508117
item, 9 x 2, 0.9846323348495608, 0.8353545124671574, 0.9110937056258822, 0.7514194412372444
item, 9 x 3, 1.0, 0.9832665017159831, 1.0, 1.0
item, 9 x 4, 0.9943206692628723, 0.972479532095662, 0.9998990334429433, 0.9868526122686776
item, 9 x 5, 0.9385727782314883, 0.9368677685200075, 0.9420738641011046, 0.7880488963003577
item, 9 x 6, 0.956859409477163, 0.9371129294667382, 1.0, 0.9999425559053928
item, 9 x 7, 0.9895532147074296, 0.9988148362265107, 1.0, 1.0
item, 9 x 8, 0.8695072246902527, 0.9480099382021531, 0.9570727340289348, 0.9786911689986985
item, 9 x 9, 0.8473252915727876, 0.9375328369327969, 0.9909915149779872, 0.9654925661711634
student, 479, 0.9970951305486888, 0.9967390896835585, 0.9650481415195299, 0.9948779307206876
student, 134, 0.9878178220727678, 0.980276968557911, 0.9891360840603104, 0.9910658873757152
student, 706, 0.9985549981858384, 0.9986622337514233, 0.7940470595304654, 0.9962045598543433
student, 697, 0.9804573284888185, 0.9784019938330379, 0.95067232744162, 0.9780399955497338
student, 764, 0.9908712855136051, 0.9919154547632216, 0.9691973759710751, 0.9911837836888975
student, 579, 1.0, 1.0, 0.7951703796793752, 1.0
student, 785, 0.9925656334056473, 0.9616420535153789, 0.9938924816687525, 0.9930443643740882
student, 177, 1.0, 1.0, 0.7648233810982362, 1.0
student, 153, 0.9840062072570525, 0.9794833143304182, 0.9104919955983277, 0.9852543518910476
student, 452, 0.9963174016577959, 0.9962107608978646, 0.7489165263616908, 0.9958933526608712
student, 155, 1.0, 1.0, 0.8294925012930576, 1.0
student, 771, 0.9951464128070955, 0.9966783753515994, 0.8601303242912781, 0.9943420244478813
student, 362, 0.9987722701556431, 0.9984365140267599, 0.9337050909068023, 0.9988775878721973
student, 47, 0.9957905693330171, 0.9955706041782452, 0.8533149950942135, 0.9971193769668462
student, 529, 0.9949120156602803, 0.9939329312404284, 0.9367923059421848, 0.9927665030640408
student, 167, 0.9984324866510725, 0.9985585967617364, 0.9040234190462094, 0.9985543141890624
student, 210, 0.9836695003775863, 0.9791040977043949, 0.8617471554364693, 0.9796545938028818
student, 363, 1.0, 1.0, 0.9057965012545447, 1.0
student, 221, 0.9990660151709554, 0.9909666937638587, 0.9939669028127384, 0.998380746849264
student, 196, 0.9878841252917047, 0.9837891709111286, 0.8155602407468746, 0.9877729811904021
student, 335, 0.9945768261745243, 0.9950255060206636, 0.8521713144632689, 0.9970860580688408
student, 292, 0.9993645023598681, 0.9993690953345085, 0.916026666592478, 0.9995379502431032
student, 142, 0.9862365527732144, 0.9858625022134586, 0.8662272217368511, 0.9910193105921478
student, 253, 0.9986722688629701, 0.998275584317876, 0.8343154682504444, 0.9973197813058805
student, 172, 0.977359981246165, 0.986515226650414, 0.8492435049911546, 0.9842941361815939
student, 623, 0.9775521064181649, 0.9417644261448174, 0.9495417481321956, 0.9793084177306702
student, 119, 0.9994591266589172, 0.9970370536343947, 0.9664740859287111, 0.9994274847932296
student, 216, 0.9953704322551071, 0.9935555786449822, 0.9655442520953417, 0.9964803801481146
student, 222, 0.9976839248706076, 0.9978541647789984, 0.9976731125547397, 0.9866650776097017
student, 656, 0.985325714053655, 0.9844066853253026, 0.8788951311207581, 0.9851041422804366
student, 95, 1.0, 1.0, 1.0, 1.0
student, 526, 0.9938426838833957, 0.9721839234361536, 0.9830875936375343, 0.9948493152858516
student, 614, 1.0, 1.0, 0.9019253236352539, 1.0
student, 64, 0.9906610251872123, 0.9934758602821973, 0.9528618831722352, 0.9517799977297015
student, 169, 1.0, 1.0, 0.8213112682816137, 0.9988810359557058
student, 375, 0.9871370992868536, 0.9867095662264939, 0.7036186083176513, 0.987873959917164
student, 87, 0.9970946595572341, 0.9968575512177759, 0.9394084161492597, 0.9978208249994779
student, 109, 0.992105835094655, 0.9956805094826312, 0.9239145795010201, 0.9960975921644514
student, 560, 0.995968298500685, 0.995179944491635, 0.9858002237571223, 0.9941533586370772
student, 323, 0.9968729004363969, 0.9104525946498933, 0.9968619718117594, 0.9971278226607465
student, 201, 0.9966116150448635, 0.9959608446826785, 0.8772642192582035, 0.9965489316711681
student, 241, 0.9916212646318274, 0.99023018236945, 0.9413543357899316, 0.9945031431874887
student, 603, 0.9947808456581623, 0.9902664620246048, 0.7741610299581343, 0.9942751242908131
student, 176, 0.9930154282268177, 0.990693971375191, 0.9041223256628527, 0.9922725567727342
student, 640, 0.9969112062221593, 0.9962314799644452, 0.895491470944811, 0.9929005946299542
student, 594, 0.9970063827909815, 0.9961403229817393, 0.7963156886322973, 0.9947048754846056
student, 473, 0.9914680020473342, 0.9922241197806851, 0.6751950542979277, 0.991438021973286
student, 407, 1.0, 0.998643572571199, 0.9714182339553706, 1.0
student, 307, 0.9871034679910442, 0.9868960136420042, 0.9521089706753482, 0.987349189323657
student, 644, 0.9985847827538337, 0.9991684289973881, 0.9736885890908038, 0.9998412631486874
student, 339, 0.9956341521124342, 0.9925743723557859, 0.9952510217063706, 0.9936695321652674
student, 79, 0.9989246633970061, 0.9988967185788021, 0.9387929944810499, 0.999494854523444
student, 247, 0.9923020274193125, 0.9316268359958388, 0.9838381800778324, 0.9936045565524627
student, 377, 0.9993677863484327, 0.9996382030878044, 0.652264172452702, 0.9992251691570908
student, 26, 0.9975198699246578, 0.998022614748029, 0.7396751236754093, 0.9970132607815931
student, 789, 0.989993024050894, 0.9869406988758084, 0.9598032929627393, 0.9883772520725628
student, 282, 0.9574797316468572, 0.9970259648239377, 0.9980043181224085, 0.9939305553398944
student, 194, 1.0, 0.9970914991266546, 0.8765076648674054, 0.9975754663331832
student, 321, 0.9929914913759406, 0.9932992982503264, 0.9922263044420635, 0.983316589486505
student, 386, 0.9979113542117767, 0.9960771072071651, 0.9919886430904437, 0.9947852939681863
student, 238, 0.5775295974431286, 0.9892659657008439, 0.9974861036573903, 0.9928528176098994
student, 532, 0.9949620739386184, 0.9933233619369071, 0.8887889497572116, 0.9955086134059755
student, 758, 0.9996654676036876, 0.9990979399865267, 0.921494082248703, 0.9980376348457857
student, 787, 0.9988910216706824, 0.9736710261067537, 0.9589331142063805, 0.9969744468358059
student, 539, 1.0, 0.9727233511681721, 0.9650067204549261, 1.0
student, 367, 1.0, 1.0, 0.9469028368068934, 0.999541583804543
student, 696, 0.9945275086614435, 0.9968806844728184, 0.933989008184273, 0.994048381193569
student, 453, 0.9936971962914809, 0.9925625671405116, 0.9766209955884142, 0.9920528855964847
student, 698, 0.9928087871919204, 0.9949176283082335, 0.8807387740861747, 0.9910349010582551
student, 444, 0.9886632310492379, 0.9889788819771418, 0.8608168498418385, 0.987281756977906
student, 670, 0.8882997484753393, 0.996225380039143, 0.9974737490763813, 0.9922385687577572
student, 37, 1.0, 1.0, 1.0, 1.0
student, 325, 0.9997416377839446, 0.9976176244405159, 0.9609382537831465, 1.0
student, 783, 0.9901335090526169, 0.9859647498778069, 0.9252007704242805, 0.9892404102390365
student, 357, 0.992816133634583, 0.9911266621098002, 0.8482133009846404, 0.9903295697250565
student, 388, 1.0, 1.0, 0.9953029922334243, 1.0
student, 378, 0.9982935372621472, 0.9986207887394377, 0.9774407788447422, 0.9982002195802253
student, 212, 0.9957829410957508, 0.9956330319114582, 0.7898389858081766, 0.9932904075468318
student, 193, 0.9974424708203027, 0.9955041015036054, 0.84076427517042, 0.9959426227845348
student, 218, 0.9997123825008933, 0.9956429775085976, 0.9901386661179588, 1.0
student, 745, 0.9810754340071842, 0.9820318976892024, 0.7402955134508805, 0.9761605616549125
student, 630, 0.997035687651482, 0.9961577414607856, 0.6190565408520589, 0.9978256596911905
student, 183, 0.9984590891446383, 0.9988362396068592, 0.7704525293793832, 0.9984946577848289
student, 733, 0.9921803268291634, 0.9921393288695076, 0.9684991048295855, 0.9839535903482568
student, 302, 1.0, 1.0, 1.0, 1.0
student, 129, 1.0, 1.0, 0.8612065773472777, 1.0
student, 301, 0.9988940046216781, 0.9980152819495753, 0.678589458078788, 0.9982533851103973
student, 333, 0.9899159106205652, 0.9892780159313441, 0.972633094749146, 0.9864877040203932
student, 105, 0.9970042531593349, 0.9974784713531853, 0.6485811810307954, 0.9977548212352321
student, 384, 0.9961667225370585, 0.9954539938500406, 0.9394201612663154, 0.9951725539473671
student, 331, 0.9967575742625021, 0.9961669500269923, 0.973540022070828, 0.9968737379252338
student, 828, 1.0, 1.0, 0.8666273302738666, 1.0
student, 716, 0.9920551919945444, 0.9933651427821742, 0.9601853995303805, 0.9885463570635658
student, 684, 0.995623490214301, 0.9962335230674425, 0.8121338181418849, 0.995476853400153
student, 28, 0.9950746509010093, 0.9948154676321427, 0.7517091957996628, 0.9967409513228751
student, 160, 0.9921096151682516, 0.9938711740135382, 0.8758191656484067, 0.9914509115505709
student, 80, 0.9952265939789378, 0.9953468213177781, 0.6882287574133146, 0.9957754995031448
student, 27, 0.9955627804972489, 0.8914798564054376, 0.9989372463749336, 0.9954773008291049
student, 136, 0.9936206045571709, 0.994272004800743, 0.8017317585583073, 0.9946937758210354
student, 554, 0.9974112902345674, 0.9975646558489454, 0.9656404932890749, 0.9980202649318819
student, 178, 0.9796593656552234, 0.9792517099925478, 0.9125912898450911, 0.9792938921059055
student, 596, 0.9983488113953891, 0.8924991632244844, 0.9963870000240559, 0.9996769994155134
student, 617, 0.9920256357117914, 0.9909190002602527, 0.9149635630662756, 0.9516612692933115
student, 418, 0.9950012338344075, 0.8978949514326716, 0.9941909711968863, 0.9969971614020136
student, 398, 0.9947674116939804, 0.9952438650954369, 0.9848191839418694, 0.9958607266241939
student, 757, 0.8766593589649527, 0.9957548946860698, 0.9980758821780789, 0.9963195819701688
student, 436, 0.9963544944446467, 0.995864487693225, 0.9939395679806056, 0.7398439255606352
student, 790, 0.9924632184619261, 0.9924965300772524, 0.7225360107143559, 0.9926164204946688
student, 688, 0.9938003531634274, 0.9916383082419105, 0.8482402336812345, 0.9927497171419677
student, 17, 0.9949748885311607, 0.9944305852526658, 0.9966264410935879, 0.9892324614028647
student, 234, 0.9949874948138211, 0.9949105251074349, 0.9323456264279572, 0.9946505006532619
student, 103, 0.9917632141949142, 0.9907163890419095, 0.9608116335227017, 0.9919588461068155
student, 199, 0.9984641483990477, 0.9960218323370714, 0.8358041683316006, 0.9968419329741933
student, 180, 0.9967133009480489, 0.996522195960825, 0.7517723122419196, 0.993128410036796
student, 195, 0.990012692326481, 0.9878137930542856, 0.9465685419637322, 0.9874958475209339
student, 207, 0.9985294921173115, 0.9964842211436601, 0.9955099620948562, 0.9762945446007028
student, 120, 0.9889688623095094, 0.9905306086199485, 0.9568699328009329, 0.9875083525416287
student, 89, 0.9983046781549336, 0.9977614250389647, 0.8569438979700266, 0.9979762631910527
student, 316, 0.9957677082434342, 0.8322818219383089, 0.9955992541436531, 0.9956232969260969
student, 746, 0.9928870479387997, 0.9879996269986081, 0.8650069174492329, 0.9979659353607793
student, 556, 0.9995925192044567, 0.9997898236855961, 0.9189106537737576, 0.9998134888205898
student, 765, 1.0, 1.0, 0.9188778597824385, 0.9999024656796999
student, 548, 0.9949985563837652, 0.994745361309484, 0.994960338457602, 0.9949347063571593
student, 434, 0.9899030655958746, 0.9599739891376107, 0.9934606538580534, 0.9905201593346578
student, 249, 0.9998666736309627, 0.9992819180274785, 0.8976445810070752, 1.0
student, 747, 0.9983516507992989, 0.996008564598231, 0.8900209496007405, 0.9948270824749683
student, 626, 0.9992986752917256, 0.997341059692145, 0.9237886381146855, 0.9967093754301076
student, 240, 0.9997754554529805, 0.9995523334983183, 0.9346695957769197, 0.9994001160117408
student, 647, 0.9855458423517943, 0.982087608417435, 0.9061531991798045, 0.9831269098278871
student, 779, 0.9946544291499878, 0.9915081553631506, 0.977407010712085, 0.9960399749729919
student, 400, 1.0, 1.0, 1.0, 1.0
student, 159, 0.9831685863669059, 0.9812450214048459, 0.8755559681404963, 0.9830911661452778
student, 262, 0.9992594027815584, 0.9894463991026181, 0.99353422447407, 0.9982016866214112
student, 721, 0.9939073516683182, 0.9673082974975777, 0.9950218926092582, 0.9951554400535135
student, 116, 0.9992349205722614, 1.0, 0.904574924778727, 0.9974792888449493
student, 32, 0.9837819463236657, 0.9827238726048465, 0.9344777407072249, 0.9830044141388424
student, 30, 1.0, 1.0, 1.0, 0.6548669619258058
student, 713, 0.9938289236909732, 0.9943982512668474, 0.9702135312282453, 0.993931556576946
student, 269, 0.9970902353743609, 0.9972944315304716, 0.9100350009547462, 0.9961443185557493
student, 791, 0.9376238460931552, 0.9974229484709409, 0.9684890844738638, 0.9976644822326631
student, 198, 1.0, 1.0, 1.0, 0.9683280619608721
student, 94, 1.0, 1.0, 1.0, 1.0
student, 341, 0.9952382768777913, 0.992951398688905, 0.9006916796082703, 0.9948157137796525
student, 111, 1.0, 0.9998831052826481, 0.9064537644308551, 0.9994053098184769
student, 21, 1.0, 1.0, 1.0, 1.0
student, 692, 0.9951764847771177, 0.8773423726789914, 0.9956921273213617, 0.9939829324230788
student, 345, 1.0, 0.9971146564583552, 0.9952069777526507, 0.7465970102775094
student, 748, 0.9862377668726058, 0.9854222606534162, 0.8792753988081037, 0.9710607440178991
student, 678, 1.0, 1.0, 0.6796784645636232, 1.0
student, 781, 0.9976508297452843, 0.9975087655277395, 0.846171198224128, 0.9963041351178223
student, 788, 0.9927757038986356, 0.987554048425878, 0.8834307870502419, 0.9897154629880097
student, 197, 0.9935785614997237, 0.9921647733186357, 0.9906117195521528, 0.9473146753933597
student, 651, 0.9881328050104454, 0.9877049235384956, 0.7633302117726597, 0.9895929758212181
student, 655, 0.9878122185567215, 0.989120187163753, 0.9133142399256571, 0.9859360675142231
student, 462, 0.9894914358395099, 0.9751123617443426, 0.971188179375369, 0.9895085936883925
student, 206, 0.9820177985107751, 0.85794165061161, 0.9794252462767828, 0.9810094962341965
student, 356, 0.9929588658343682, 0.9911723935375141, 0.9086021527004805, 0.9879156508850732
student, 61, 0.9966945506829776, 0.9943388975071963, 0.9249844727579827, 0.9956733875413609
student, 84, 0.9990833701626123, 0.998462484190884, 0.7554708674310214, 0.9986973500425481
student, 720, 0.9983681964923927, 0.9984525396067656, 0.9384406288633009, 0.9986988692987735
student, 217, 0.99723154932305, 0.9810545955640766, 0.9931837534141841, 0.9947823390391372
student, 39, 0.9939761401471396, 0.9936776818863247, 0.9943907103951983, 0.9875907392394051
student, 536, 0.998073674328412, 0.9973409324649318, 0.954144294681676, 0.9985494167543958
student, 710, 1.0, 0.9984932954516669, 0.9695523555269376, 0.9864148164765694
student, 135, 0.9969398276072491, 0.9963782626395081, 0.837607375890208, 0.9968516825667884
student, 286, 0.9936639911259658, 0.9315830693961517, 0.995371367559019, 0.9931630507371817
student, 354, 0.9921521009527524, 0.9926334680342461, 0.6991963784394597, 0.995944707606431
student, 277, 0.9947306409555109, 0.9963233117081677, 0.9931277351146113, 0.7653496932706931
student, 587, 0.8657623296283957, 0.9949090718185465, 0.9945077145392872, 0.9947361786087594
student, 666, 0.99915779274749, 0.9999042939517708, 0.792513198298312, 0.9995354246211368
student, 219, 0.9870405692139668, 0.9886705067094279, 0.9873818095144592, 0.9585203217537374
student, 310, 0.9998634271776816, 0.9968542858200062, 0.9988819145359457, 0.9993906327062319
student, 220, 0.9962561453106764, 0.9985744199155329, 0.9993568216830974, 0.9879226974873074
student, 93, 0.9881413840540297, 0.9851044599815146, 0.9824549402847111, 0.9900670771327541
student, 211, 0.9893238223734286, 0.8361541161797312, 0.9285266685300979, 0.9890685499484547
student, 355, 0.9943160782470882, 0.9945021052358242, 0.9860748745314597, 0.994605873703365
student, 376, 1.0, 0.9784192121937497, 1.0, 1.0
student, 202, 0.9977123368683806, 0.9983440034347543, 0.831876742738241, 0.9967574683563702
student, 784, 0.9892404331090422, 0.9879969497968323, 0.9502293131938635, 0.9864332095480695
student, 639, 1.0, 1.0, 0.7969137590590427, 1.0
student, 701, 0.9843830216764172, 0.983863342096628, 0.9829719670645808, 0.9075873269308208
student, 652, 0.999002678528755, 0.9699895561356144, 0.992952782505472, 0.9968078721711685
student, 166, 0.9999713717447909, 0.9998643366448041, 0.7834991319857145, 1.0
student, 276, 0.9900875781541235, 0.9107048453851926, 0.9974274621117021, 0.9910456237790465
student, 516, 0.9964741246664741, 0.9821898035158894, 0.9941147890470214, 0.9979494833183391
student, 112, 0.998262582099606, 0.9984587860805261, 0.8958743718639054, 0.9983998180374514
student, 182, 0.9933967432624354, 0.986478520681766, 0.9178087714061799, 0.9924080249664391
student, 643, 0.997706599591438, 0.9975182195336425, 0.8833293681891299, 0.99348436929518
student, 461, 0.9942451727527886, 0.9941499095291289, 0.7851858422191935, 0.9926832612083492
student, 573, 0.996408153140643, 0.9981000166051871, 0.7918274022488856, 0.9948185331077629
student, 607, 1.0, 1.0, 0.30783791899807966, 1.0
student, 562, 1.0, 1.0, 0.9115306530502341, 1.0
student, 550, 1.0, 1.0, 0.9929007557456729, 1.0
student, 126, 0.9978734889949223, 0.9977995849350619, 0.8315724343197399, 0.9968519177049078
student, 708, 0.9888958698452898, 0.9868312423041483, 0.8677765549852298, 0.9868291338523641
student, 242, 0.9947180717542478, 0.9941314481252584, 0.9533438031176025, 0.9948264256343247
student, 629, 1.0, 1.0, 0.7974531673671126, 1.0
student, 463, 1.0, 1.0, 0.9407372314436513, 0.9994474103397551
student, 192, 0.9979061666072881, 0.9975821985735336, 0.8893619622118772, 0.9976373822885157
student, 634, 0.9906910268586385, 0.9897255306495634, 0.9402557149250357, 0.9879966413229754
student, 165, 0.9895570582425947, 0.9891285275739902, 0.8878998510047187, 0.9900215324158582
student, 110, 0.9967269302883613, 0.9963380078318269, 0.6744706520683152, 0.9964773905073816
student, 680, 0.9995892798271361, 0.9997622192747915, 0.6366494877146508, 0.9997755743767267
student, 638, 0.9955926084449466, 0.9953606712436541, 0.864533315915578, 0.9930064812647744
student, 778, 0.9890583619372071, 0.9879461378284313, 0.9871305851126337, 0.9676892250476833
student, 92, 1.0, 1.0, 1.0, 1.0
student, 703, 0.9952522193154149, 0.9952105708135321, 0.9524540410543515, 0.9956949189946971
student, 628, 0.9895565507020981, 0.9777294624486077, 0.9903192791454563, 0.9907018675985271
student, 272, 0.9685814175343155, 0.9914081159399278, 0.9923509720817665, 0.9929008524754976
student, 187, 0.9917915197649378, 0.9910447577028271, 0.7823818981393973, 0.992622517513475
student, 727, 0.9988713010970032, 0.9995509316094969, 0.7487630635708377, 0.9994945520476556
student, 374, 0.9863993420764572, 0.983757348082185, 0.9588495206995146, 0.9856071133471359
student, 571, 0.9944770475441468, 0.9949646093579668, 0.7893073225095583, 0.9933853459041616
student, 520, 1.0, 0.998530991050682, 0.9973644068977345, 0.9989463250019309
student, 251, 0.9990571704816557, 0.9989899815555403, 0.9471516742678465, 0.9990120784785582
student, 117, 0.9922544528138991, 0.9919920586324323, 0.8680499763811315, 0.9922966011973208
student, 654, 0.9901577563320217, 0.9899459259211013, 0.8505326176664189, 0.9897228843360112
student, 414, 0.9968601502299501, 0.9984910768697461, 0.850471878230116, 0.9974661822543407
student, 740, 0.9960185843024026, 0.994656869862338, 0.9326034201328451, 0.9958819474146874
student, 209, 0.9996470724673813, 0.9406197181425844, 0.999565661238354, 0.9996084900199895
student, 256, 1.0, 0.9501650597803004, 1.0, 1.0
student, 533, 0.9966935079904302, 0.8319145031582766, 0.9960075110402047, 0.9979852591281752
student, 592, 1.0, 1.0, 1.0, 1.0
student, 295, 1.0, 1.0, 0.7355714846640629, 1.0
student, 186, 0.9903700057991666, 0.9917894586103435, 0.9177754559412316, 0.988662407712523
student, 97, 0.999656359278109, 0.9996062846262204, 0.7605141523821566, 0.9994089544178328
student, 725, 1.0, 1.0, 0.49283704432381586, 1.0
student, 610, 1.0, 1.0, 0.8325891462557193, 1.0
student, 145, 0.9937572197695844, 0.9935932820359573, 0.7509768975302324, 0.9933897983645391
student, 575, 1.0, 1.0, 0.8686101711069887, 0.9998820757919143
student, 65, 0.9992306297134844, 0.998145628444593, 0.8105402279113252, 0.9959590957363719
student, 243, 0.9987538447417736, 0.9951212301879994, 0.9673642467211202, 0.9951332386697403
student, 141, 0.9946014240262177, 0.9948941710441007, 0.7181410720130031, 0.9942602028940116
student, 574, 1.0, 1.0, 0.8125532439029695, 1.0
student, 472, 0.9927137350198777, 0.9845553204091385, 0.9937612461845724, 0.9928440830539177
student, 776, 1.0, 1.0, 0.94140260326915, 1.0
student, 547, 0.9992349745969752, 0.9996602011375785, 1.0, 1.0
student, 191, 1.0, 1.0, 0.6475147889089925, 1.0
student, 460, 0.9905646953799551, 0.9917943075865711, 0.918245655961341, 0.9910182596907733
student, 314, 0.9978014911343701, 0.9974951827089944, 0.9968012315381237, 0.8655684238976071
student, 470, 0.9978977053469059, 0.9982422017061845, 0.7657764795395766, 0.9971655506408311
student, 107, 1.0, 1.0, 0.8184647288259783, 1.0
student, 73, 0.9850715944094165, 0.9836317615161756, 0.9884504070901295, 0.9880898665465949
student, 578, 0.8374148264091216, 0.9923215822560929, 0.7187813404448803, 0.9917581602763789
student, 749, 0.998801374753599, 0.9975405540461719, 0.8015332147601897, 0.9979904075253014
student, 100, 0.9929060280616642, 0.9908315506703639, 0.8886677086216312, 0.9915873235406267
student, 175, 0.995482277916258, 0.9948057782370329, 0.8917497496723971, 0.9948817052634902
student, 86, 1.0, 1.0, 1.0, 1.0
student, 682, 0.9985942035833663, 0.9976238860795822, 0.9453487189909624, 0.9986787318540873
student, 49, 0.9948384226130715, 0.994837225118739, 0.9815814452471096, 0.9662165091668077
student, 491, 0.9975530535897, 0.9774212552735183, 0.9978067758406827, 0.9977833677562247
student, 257, 0.9972423751779279, 0.9983926390629964, 0.8878858778013253, 0.9966724290469986
student, 736, 0.9948585253292667, 0.8746033439674636, 0.9937656782953552, 0.9946515345033359
student, 150, 0.9992595539977938, 0.9993035325876342, 0.7512192485351091, 0.9994496666239574
student, 372, 0.8659709265542439, 0.9917118378545007, 0.9867453619254992, 0.990971303146143
student, 271, 1.0, 1.0, 0.6889523622701801, 1.0
student, 118, 0.9945136594115821, 0.9933185944068865, 0.9580012311957181, 0.9924956455318072
student, 420, 1.0, 1.0, 0.9820637642223597, 1.0
student, 133, 0.9958691271008557, 0.99609490266674, 0.9000998690476537, 0.9951173999556485
student, 358, 0.9997032047390726, 0.999640049641056, 0.7529677833572228, 0.9997131655393827
student, 599, 0.9954504323106599, 0.9959580677419745, 0.7643366856475755, 0.9955280927399558
student, 174, 0.9916307933165135, 0.9920354207439811, 0.8038462088308838, 0.9939830764180153
student, 754, 0.9907340395959178, 0.9919408196663617, 0.9905381689935161, 0.8051894708561731
student, 200, 1.0, 0.9980147188313804, 0.9697289198268426, 0.9979080513509878
student, 803, 0.9912707872442376, 0.8288887591041386, 0.9891220704985269, 0.9933124079188491
student, 382, 0.9968938344973918, 0.9874690994848684, 0.9959015780268481, 0.9970857460309303
student, 738, 0.9963054636737466, 0.993958558331686, 0.9406563481395392, 0.9952982822346685
student, 223, 0.9936261733580655, 0.9895245635589027, 0.995305840705434, 0.9595179212514785
student, 296, 0.9941385136077437, 0.9929427389405642, 0.7623492375522262, 0.9895828125796964
student, 565, 0.9983385070332665, 0.9998345022401339, 0.838056486563775, 0.9965659943435746
student, 88, 1.0, 1.0, 1.0, 1.0
student, 513, 0.9993664965051681, 1.0, 0.9403809333720096, 1.0
student, 157, 1.0, 0.9995488395737422, 0.6661508307522427, 1.0
student, 424, 0.998154873828768, 0.9981886939670732, 0.887491736134772, 0.9979905457597408
student, 138, 1.0, 1.0, 0.6894897856320187, 1.0
student, 495, 0.9975400624903898, 0.9974198630058447, 0.9894008984044229, 0.9970027879951424
student, 485, 0.9992789119289116, 0.9994421616558751, 0.912409367563375, 0.9361749233366451
student, 457, 0.9867668044109805, 0.9855721454508168, 0.9450696712828279, 0.9883171577349853
student, 605, 1.0, 1.0, 0.7765586119944453, 0.9999974033111174
student, 144, 0.9997120851099707, 0.9995982247083706, 0.6945299922328834, 0.9993999912450204
student, 507, 0.9876568801779809, 0.9900594559577349, 0.9482951442073461, 0.9880244599067707
student, 772, 0.9998552656903275, 0.9530269987613171, 0.9998407977675475, 0.8034790982935782
student, 432, 0.9938862212964333, 0.9945670559352303, 0.9642787775133366, 0.9928288091601913
student, 677, 0.995858759506607, 0.9947120238579688, 0.8391431310351657, 0.9951695472686432
student, 512, 0.8096245078071699, 0.9927856654846043, 0.992983453254572, 0.9928999903747472
student, 769, 0.9971559834022795, 0.6864476759720425, 0.999683745107871, 0.9981501512445956
student, 557, 0.9950706360642948, 0.9950178637204701, 0.9242351685544989, 0.9948615290799322
student, 602, 0.9881646605200705, 0.9851679273747634, 0.8860077368708494, 0.9886016400901948
student, 469, 0.9983144840585215, 0.9980278336963998, 0.9985241007161938, 0.8796306457932158
student, 674, 0.9885120875958526, 0.9874888768112317, 0.9678943478389508, 0.9653840825098353
student, 760, 0.9990410890535396, 0.9948929711404323, 0.9728847454727159, 0.9927337793519498
student, 273, 1.0, 0.9974760765083484, 0.9250137842877801, 1.0
student, 514, 0.9943490889359671, 0.9320001402668903, 0.9939585922677917, 0.9980447425894777
student, 552, 1.0, 0.9848555407826588, 0.9975484084679757, 0.993038380072231
student, 622, 0.9988637271980982, 0.9977381308262245, 0.9603539557316821, 0.9971875488251036
student, 161, 0.9834787616014924, 0.9848623407715391, 0.882509794654828, 0.9838823693187977
student, 537, 0.9991114791843363, 0.9990390671552479, 0.9393841135266973, 0.9990538426892157
student, 261, 0.9996992383369985, 0.9995718419523846, 0.9241797587882791, 0.9997357456657012
student, 293, 0.9993021773762975, 0.9981253229621403, 0.9802577166249086, 0.9977947201494552
student, 390, 0.9982511418147052, 0.9978643424651945, 0.9530477818955763, 0.997711714954937
student, 204, 0.9907512351790198, 0.99309791268262, 0.7429314915024343, 0.9902388206578192
student, 245, 0.9993154891741279, 0.9970320222254617, 0.9547354544774519, 0.9993093118607892
student, 329, 0.9978624772456753, 0.9989312707974013, 0.9616605136441055, 0.9984978715058405
student, 743, 0.9955958779437912, 0.9954430270799348, 0.883376147656775, 0.9915151132384787
student, 668, 0.9957731900249385, 0.9457199643203668, 0.9959703344111989, 0.9963393922137816
student, 408, 0.9857954871262391, 0.9860819567116696, 0.8425951488558115, 0.9856086027009782
student, 404, 0.9957342215561303, 0.9952646244909026, 0.9950027571317595, 0.7966581073544833
student, 53, 0.9963502004720936, 0.995953114293066, 0.936621576584409, 0.9946748705047204
student, 115, 0.9979610278954969, 0.9962663181178986, 1.0, 0.9999236744523837
student, 412, 1.0, 1.0, 1.0, 1.0
student, 675, 0.9862658144161891, 0.9845768838025986, 0.9224538268510015, 0.9844001875177126
student, 545, 1.0, 1.0, 0.9102696467132634, 1.0
student, 373, 0.9934015306891878, 0.9874849161328478, 0.9907390982428894, 0.9231989686475287
student, 750, 0.9975321134197612, 0.9944084129087094, 0.9309722233125024, 0.9957988139349785
student, 712, 1.0, 1.0, 1.0, 1.0
student, 226, 0.9948377748501753, 0.9928578771427075, 0.9473950685639508, 0.9935009025634121
student, 487, 0.9991466838382889, 0.9993124862363175, 0.7699444898332691, 0.9990902527465659
student, 604, 0.9923840695333025, 0.9920309124479517, 0.8567594212549253, 0.9704058966754053
student, 263, 0.9922212631114874, 0.9917760603975062, 0.9538999827839033, 0.9918972965801692
student, 52, 0.9994365766842163, 0.9993771849053994, 0.7065573155936502, 0.999305220691497
student, 327, 0.9940263251826715, 0.9933905010618916, 0.8885346111162022, 0.9939661984048824
student, 553, 1.0, 1.0, 0.7685545582979413, 1.0
student, 525, 0.9976270134184021, 0.9763816095929695, 0.9955986082604578, 0.9955197941125024
student, 102, 0.9808037956933013, 0.9792247561797335, 0.8688061681801967, 0.9793200367766878
student, 78, 0.9915535736854122, 0.9964650325344749, 0.9819896921048298, 0.9911802736920682
student, 139, 0.9994087627350703, 0.9990355812117215, 0.8736260181807, 0.9989320815752063
student, 281, 0.9929984486021545, 0.9968210510563505, 0.9918111344621358, 0.8329743211440327
student, 524, 0.9965214202562775, 0.9941785872358286, 0.9382242858711854, 0.9933054133956498
student, 448, 0.9913357910839273, 0.9918144617421032, 0.8913994761256587, 0.9926754569010331
student, 264, 0.9891672976465647, 0.9888156384767606, 0.9714330021922353, 0.98812929149904
student, 619, 0.9992340539862573, 0.9981896686084893, 0.9244164752068428, 0.9995205412373079
student, 690, 0.9931997886732729, 0.9949673427628484, 0.9721158201952458, 0.9931613041739961
student, 22, 1.0, 1.0, 0.9988866214682305, 1.0
student, 819, 0.9942894812207321, 0.9946247799056418, 0.9900211054846194, 0.9947945047667698
student, 366, 0.9979810976794429, 0.9979373475716742, 0.8685581315894985, 0.9979975938360838
student, 154, 0.9872082429071494, 0.9892370586271011, 0.9555306513971986, 0.9888140011446508
student, 106, 0.996587261119785, 0.9929149435624378, 0.8538462396743474, 0.996762738976147
student, 76, 0.9927844762380856, 0.9952622316197084, 0.9877192538384767, 0.9569492915271312
student, 396, 0.9860055476121673, 0.993106937960231, 0.9073551618764751, 0.9938680939596332
student, 606, 0.9649790087338687, 0.9932442392045221, 0.9936195056961086, 0.9902577774221115
student, 527, 0.9963948239977712, 0.9963537178639968, 0.9566339988924231, 0.9960477172840018
student, 464, 0.9767719084602331, 0.9895417446574442, 0.9600485184192463, 0.9887516588508125
student, 318, 0.9971989387004856, 0.9986199701364407, 0.9204027438478725, 0.9983099715069372
student, 477, 0.9953733594778197, 0.9933615126052439, 0.8085300738180818, 0.9946483959360137
student, 284, 0.9913809944326117, 0.9918969633311991, 0.9024982279011903, 0.9653417451965883
student, 156, 0.9952754726514398, 0.9937697835000849, 0.8371001743806887, 0.9951857801374066
student, 430, 0.9961537646227872, 0.9959216696893786, 0.9182176926621293, 0.9988417473008373
student, 164, 0.9991136545450542, 0.9961497478641913, 0.9606504105902816, 0.9987089561461792
student, 641, 0.9899773210550736, 0.9889539638369265, 0.9860647129117728, 0.9101491258858341
student, 735, 0.9994844028362506, 0.9963075460560744, 0.9550188454830975, 0.993750144434176
student, 567, 0.9988508168173343, 0.9987503683177493, 0.9003663154320494, 0.9987738058398481
student, 480, 0.9936616219467606, 0.975111752393962, 0.9964246767747182, 0.9723217919799078
student, 569, 0.997988460724039, 0.9982119522188541, 0.6885803783202519, 0.997720418018602
student, 672, 0.9996108291293944, 0.9992265815954477, 0.7976494554248819, 0.9996135796176012
student, 233, 1.0, 1.0, 0.9743576363637089, 1.0
student, 549, 1.0, 1.0, 0.990167536870442, 0.9992050039863739
student, 163, 0.9978554449588131, 0.9983101537534244, 0.9551023532967002, 0.9983678380978886
student, 364, 1.0, 1.0, 0.7590031340324058, 1.0
student, 168, 0.9967751719816329, 0.9962268556458749, 0.8124769396413188, 0.9954038231464203
student, 542, 0.9981575226061699, 1.0, 0.9654261392816582, 0.9890342158132943
student, 50, 0.9967413618597791, 0.9935154728807465, 0.9226029298633222, 0.9970696357770694
student, 344, 0.9965281363063232, 0.9963981937381609, 0.856782210065228, 0.9967757779603128
student, 346, 0.9984336653183745, 0.9972046419976146, 0.9611408850828894, 0.998939301180239
student, 365, 0.96752911519362, 0.9923899350236922, 1.0, 1.0
student, 601, 1.0, 1.0, 0.9750597411415292, 1.0
student, 580, 1.0, 1.0, 1.0, 1.0
student, 312, 0.9918253083381992, 0.9743169283059369, 0.9826937691218877, 0.992367032981865
student, 741, 1.0, 0.9991507894213845, 0.970110051293907, 1.0
student, 777, 0.9974597973334399, 0.9970480956749206, 0.9533760853224699, 0.9966034601318331
student, 440, 0.9842698189128222, 0.9846228547892173, 0.916312581090687, 0.9854509294536772
student, 568, 0.9883118454013791, 0.9900126991961014, 0.9842549311783054, 0.9612488969970525
student, 563, 0.9940996242979196, 0.9929327015912278, 0.9464560005352614, 0.9917782398005331
student, 700, 1.0, 1.0, 0.7579275748314888, 1.0
student, 501, 0.9873061086789221, 0.9872009254523582, 0.8014991650941288, 0.9872977421268235
student, 152, 1.0, 1.0, 0.9377282743252982, 1.0
student, 250, 0.9890358616662304, 0.9112085533131595, 0.9885340312305486, 0.9872993117389609
student, 467, 1.0, 1.0, 0.5591132047407338, 1.0
student, 585, 0.9764171921694681, 0.9931750746408605, 0.9933182807617499, 0.9971936339381764
student, 66, 0.9993446185674655, 0.9969348729209148, 0.5904824953605498, 0.9997821627372127
student, 402, 0.9879687785590355, 0.9867109450641395, 0.9521285734547426, 0.9890591261097051
student, 451, 0.9949658707598569, 0.961076468480135, 0.9929325299482344, 0.9946470342326879
student, 581, 0.9939607238215076, 0.9075358745659811, 0.9916911399333533, 0.9925816481135842
student, 51, 0.9923307418817474, 0.9885908367311205, 0.9524484105971945, 0.9968363637032774
student, 140, 0.9952220096968494, 0.9944347553424415, 0.6181151929954423, 0.9943447741104539
student, 334, 0.9847644102415752, 0.9908578283575818, 0.9726068298502248, 0.9892435535325608
student, 650, 0.990596363730004, 0.9909875279428283, 0.8683067257655489, 0.9893130346293044
student, 55, 0.9995264084111076, 0.9995124799931574, 0.7434265413788886, 0.9980543107586284
student, 77, 1.0, 0.9990898193648274, 0.9473929508377735, 0.9934688027900268
student, 239, 0.9912752999873228, 0.9911600562742788, 0.9907592499093597, 0.6750256545667218
student, 481, 0.9976823037154557, 0.9996794172078548, 0.9989787606023234, 0.7547612935254977
student, 43, 0.9973344485898339, 0.9959631766784975, 0.9973513190073428, 0.92502144369106
student, 570, 0.9970284925160805, 0.9966325430984755, 0.8221736856995141, 0.9964632230916206
student, 753, 0.9947233886149985, 0.9947492080008563, 0.8522105580029599, 0.9933830480503271
student, 173, 0.9948280032403617, 0.9948507526321347, 0.8650037484536774, 0.9951890648800363
student, 96, 0.9980618602241166, 0.9027375860062568, 0.9944706172042518, 0.9985299706996694
student, 729, 0.997979263041735, 0.998646072768993, 0.9674809783340867, 0.9632725683251601
student, 248, 0.9955866003727658, 0.9929421124718144, 0.9047294451920213, 0.996123402122367
student, 279, 0.9909675275725391, 0.9925714222485853, 0.9926546196302553, 0.9861563935167384
student, 577, 0.9910200398646098, 0.9883392918837476, 0.9260185655248306, 0.9883672731819688
student, 101, 0.9938292265156062, 0.9918618908292176, 0.8805195712744774, 0.9923919677459724
student, 714, 0.9982680147973121, 0.8681002155020519, 0.9894977838374307, 0.9986727516930544
student, 478, 1.0, 0.9999592560355597, 0.9449469060505431, 0.9994591282317936
student, 29, 0.9951064941776008, 0.9948225173309362, 0.992886722137251, 0.9951184300430951
student, 75, 0.986299729392489, 0.9870421223818981, 0.9916966562760237, 0.9674648870935005
student, 143, 0.983259742923305, 0.9863012105672337, 0.7077822198653908, 0.9829581586667914
student, 611, 0.9954918511878156, 0.9960727928095214, 0.5411178321832785, 0.9920905234618989
student, 576, 0.994731066634357, 0.9941610503647867, 0.9836715091200607, 0.9766634618830412
student, 98, 0.9967339072833443, 0.9957308321777802, 0.7401465721581506, 0.9961773857097923
student, 489, 0.9955245334642304, 0.9961002434410039, 0.9063187404199134, 0.9929864325001767
student, 667, 0.9995899172101986, 0.9989990001835422, 0.8454919811553552, 0.9969821650557272
student, 205, 0.9942791428258084, 0.9947192248673884, 0.9591820321959735, 0.994289514454499
student, 483, 0.999534003410755, 0.9980089311797931, 0.8449430967151433, 0.9998098336080193
student, 236, 0.9969819435530413, 0.9992235589483162, 0.9413386413030257, 0.9975829089233722
student, 215, 0.9944093418636193, 0.9942248153313834, 0.9744642162303364, 0.9941509086730885
student, 685, 0.9890988852263852, 0.9932915811812498, 0.9285203324795079, 0.9893314463548255
student, 612, 0.9990946922620877, 0.9958408460688785, 0.945354439189399, 0.9970643605110873
student, 380, 1.0, 0.9955471641060252, 0.6715163766092885, 1.0
student, 438, 0.9853471157446837, 0.9844464790362837, 0.9472101091490356, 0.9855511342937491
student, 589, 0.9748680367716966, 0.9935891530716898, 0.9941789703008103, 0.9931077794247317
student, 609, 0.9954869988075059, 0.9915618802354617, 0.9366468833522342, 0.9923911522735396
student, 361, 0.9965089273961725, 0.9962139115796311, 0.9304672849715423, 0.9964754708938114
student, 128, 1.0, 1.0, 1.0, 1.0
student, 91, 0.9936829759656288, 0.9929201347448539, 0.9128680803643746, 0.9932069283516598
student, 608, 0.996599125897329, 0.9890923443498879, 0.8534214933194605, 0.9955028827965702
student, 559, 0.9969546782890364, 0.9970239424971505, 0.8909942641138243, 0.9963199166337611
student, 184, 0.9945575461724389, 0.9944598005444907, 0.7837916489249995, 0.9944083823977679
student, 280, 0.9988232538958427, 0.9032822395348485, 0.9995385414974491, 1.0
student, 723, 0.9930722911130597, 0.9946457331695309, 0.9863338819390769, 0.9930009298006591
student, 99, 0.9992045330724248, 0.9991717337571766, 0.8543396461850802, 0.999195086501499
student, 715, 0.9969667098129317, 0.9934379536387206, 0.9252520234894872, 0.9952261261660879
student, 124, 0.9874562745748926, 0.9402993565895464, 0.9897089338336306, 0.9885213797281096
student, 319, 0.9983450493803444, 0.996864040725673, 0.9735362471999965, 0.9985223301500251
student, 203, 0.9973339019255599, 0.9982478597687441, 0.9976159203962565, 0.9719855051028133
student, 538, 1.0, 1.0, 0.9429597355465252, 1.0
student, 208, 0.9953834086649728, 0.9972541599690933, 0.985861256879597, 0.8860155737813955
student, 274, 0.9584038226879136, 0.9926381184804622, 0.9680532943217351, 0.9920214017549018
student, 621, 0.9964963838919514, 0.9965851488489849, 0.7566818145979035, 0.997302670947811
student, 54, 0.987278631977306, 0.9224871907367542, 1.0, 0.991352431733218
student, 259, 0.9933809956537761, 0.9950426772037446, 0.9456407641910785, 0.9925261361189034
student, 343, 1.0, 1.0, 1.0, 0.9908196893472044
student, 583, 0.9992135583572752, 0.9995481984849064, 0.9956624746010851, 0.9644761423145568
student, 659, 0.9914197164929811, 0.9595829286102217, 0.990345521899716, 0.9925016087180549
student, 794, 0.9927806966401368, 0.9929965822402145, 0.6922996429801508, 0.7780755455718718
student, 123, 0.9914323935709021, 0.9983402081272292, 0.9992507338264458, 0.9978828470678718
student, 131, 0.9995868229639154, 0.9997894658620216, 0.8004617072138911, 0.9995304257019907
student, 523, 0.9902023466852817, 0.991040223253061, 0.8998359907196216, 0.9899599521822353
student, 591, 0.9942553080053685, 0.995520854108282, 0.8950726484539817, 0.9937668943983528
student, 519, 0.9970423248162014, 0.9947156360315589, 0.9753980827424718, 0.9979006745039498
student, 671, 0.9932813738656425, 0.9928106675215467, 0.8808559473211065, 0.9927673363756035
student, 459, 0.9896611546892515, 0.9891311659453463, 0.9192733639774621, 0.9899547736642952
student, 125, 0.9954839793705611, 0.9938342038173885, 0.8267101622458888, 0.995412565157969
student, 225, 0.9805376461627198, 0.9818052038085001, 0.898885266163128, 0.9796626496523893
student, 371, 0.9988063694338425, 0.9980852990056888, 0.8355072624099369, 0.9981601954482068
student, 798, 0.9910686485191696, 0.990478838400349, 0.9683938033082294, 0.9852158701596672
student, 476, 0.9924862081942064, 0.9937899593195768, 0.8373570440844083, 0.9915030823614012
student, 268, 0.9891575034803071, 0.9900112714417355, 0.8659766981096744, 0.9887769748799908
student, 252, 0.9959767849405806, 0.9952855799787823, 0.9996734848704819, 0.8769955835110447
student, 369, 0.9909765407781476, 0.990740879730577, 0.9786225769766984, 0.9763994341537756
student, 755, 1.0, 1.0, 1.0, 0.9986922241753078
student, 285, 0.9952528946317658, 0.9911347016125889, 0.6158035190501813, 0.9983734880558779
student, 181, 0.9966933290949386, 0.9963687960845159, 0.8842700633556976, 0.9967630723413057
student, 742, 0.9964731753581567, 0.9930541868177776, 0.9125651849463348, 0.9928056423509205
student, 278, 0.9806883189240647, 0.9836134132953902, 0.9669897844857434, 0.9860870292165196
student, 179, 0.9913429694178183, 0.9912183918884954, 0.8794400167586642, 0.9907878751397647
student, 503, 0.9863450812758296, 0.9848466851647313, 0.855355137929257, 0.9852542765300738
student, 625, 0.9976606896369313, 0.9949620066269435, 0.9910387587501368, 0.9954397472525042
student, 773, 0.9977368700068399, 0.9973779434665438, 0.9671234661114478, 0.9978223341155057
student, 158, 0.9994004067083821, 0.9994922788312384, 0.7850434320468735, 0.9985086040774045
student, 456, 1.0, 1.0, 0.9735984918511185, 1.0
student, 337, 0.9950959226270933, 0.9951612566058358, 0.7869908140520931, 0.9948506978455579
student, 522, 0.9983718165141172, 0.9974549510505776, 0.9555775905880153, 0.9952060344875647
student, 669, 0.9921933315166315, 0.990841891116526, 0.9754177548863279, 0.9914830481258503
student, 832, 0.9986172843169125, 0.9982712453919799, 0.9983809950295659, 0.9706146932034526
student, 308, 0.9984002787252725, 0.9378429584649782, 0.9999179615156484, 0.9997085545761039
student, 499, 0.9904017844521635, 0.9907748139710892, 0.9366348564379803, 0.9901250748673202
student, 287, 0.9998277818530155, 0.9997951051628066, 0.9998712282154995, 0.6786948269095708
student, 25, 1.0, 0.9995716744606119, 0.43678280913641904, 0.9994999992859852
student, 648, 0.9866949106833325, 0.9714948211141315, 0.9879621932029496, 0.9838874115135814
student, 767, 1.0, 0.99711207521251, 0.8445337859556928, 0.9949247795930278
student, 370, 0.9998355668747758, 0.9998118359940078, 0.9398900060190168, 0.9998627170372759
student, 113, 0.9953155602636015, 0.9953545834690877, 0.9825316541258606, 0.9956670057431739
student, 114, 0.989441624563285, 0.9887998799593035, 0.982803437327094, 0.9888126292394371
student, 230, 0.9935807997232798, 0.9944249532446037, 1.0, 0.9182569000004324
student, 465, 0.9998716832322626, 0.9995632983092706, 0.7397066218248937, 0.9992823451411637
student, 661, 0.9985371879202432, 0.9793444167871878, 0.9943752921287756, 0.9978030632318687
student, 121, 0.9988478202190316, 0.998477626234138, 0.947770231182607, 0.9953773655859915
student, 185, 0.9975437611350678, 0.9946388589616884, 0.9067636897034218, 0.9967543615449646
student, 468, 0.9998744772941208, 0.9997853113566605, 0.8741101190261035, 0.9998014941051067
student, 518, 0.9999023556316452, 0.998070034753889, 0.9995733883239183, 0.8982156652915769
student, 534, 0.9998510558541838, 0.9946462700565436, 0.8480488744569835, 1.0
student, 505, 0.9989336417343343, 1.0, 0.8497346049763126, 1.0
student, 426, 0.9938324018055633, 0.9291233015458082, 1.0, 1.0
student, 613, 0.9939429719342658, 0.9953427977747888, 0.8424205864421929, 0.9938838087831888
student, 442, 0.93507211167032, 0.9964285854830011, 0.997298161257367, 0.9956815089169927
student, 719, 0.9938649982115123, 0.9914531582722168, 0.9246004492811292, 0.9915004157611438
student, 739, 0.9950956776185141, 0.9950658404480381, 0.9613394833491271, 0.9202423772819048
student, 515, 0.9987052148397831, 0.9988157584895194, 0.8201657177320234, 0.9998068842053616
student, 535, 1.0, 0.9987147134662565, 0.8711144000225766, 1.0
student, 517, 0.9997065750340152, 0.9975020790249959, 0.9033396873645166, 1.0
student, 132, 0.9900454340862679, 0.9884834840984154, 0.9891720027745379, 0.9288472820213582
student, 137, 0.9980609578708457, 0.9982591374178443, 0.94556089670934, 0.9986150465782107
student, 471, 1.0, 1.0, 0.9976773096929884, 1.0
student, 475, 0.9990286342455739, 0.9988844213965206, 0.9541182063271365, 0.9956698427683259
student, 171, 0.9984846094427166, 0.9984368168506568, 0.9532893250661308, 0.9984809681957101
student, 416, 0.9802723520363189, 0.9867454684449478, 0.9900729736290471, 0.9774140741015124
student, 304, 0.9907072993867923, 0.9902353603376834, 0.983559199981447, 0.9693171040289273
student, 246, 0.994312605435532, 0.993981778038083, 0.8876432634950642, 0.9937116729212825
student, 637, 0.9961415159152144, 0.9956709541827101, 0.9067558434336498, 0.995917048621804
student, 31, 1.0, 1.0, 0.9537580008706427, 1.0
student, 724, 0.9992293974891459, 0.9981531814078141, 0.9297761012272194, 0.9952732050415554
student, 618, 0.998948588325932, 0.9992775538820722, 0.9503076283094797, 0.9974131573913408
student, 275, 0.9954538991740446, 0.9956278648792181, 0.9352826949385504, 0.9971556242096346
student, 510, 0.9467251662644572, 0.995739397182677, 0.9965646304745533, 0.9950168235810144
student, 449, 0.9959733908507524, 0.9965787973351438, 0.994061581741661, 0.7745762039962696
student, 410, 0.9957777485625582, 0.9946996040385236, 0.9089487614012813, 0.9953861591202928
student, 394, 0.9982570106966769, 1.0, 1.0, 0.9888169614107061
student, 48, 1.0, 1.0, 0.4287786274114923, 1.0
student, 353, 0.9972528081779839, 0.9968892803728385, 0.8316855037472762, 0.9967879267537737
student, 255, 0.9950290826495803, 0.9884941400568282, 0.9186950760573538, 0.9949005991395703
student, 104, 0.9995571867572532, 0.8238736927839833, 0.9981602340570216, 0.9996912058074043
student, 392, 0.9894926092360526, 0.9884391492504891, 0.9835882938010122, 0.9899070408624941
student, 288, 0.9922397820922954, 0.994301698145767, 0.863883769690843, 0.9932751009616122
student, 74, 0.9978270414125349, 0.9978435138361763, 0.8728893077458948, 0.9990241239167902
student, 63, 0.9890098122139969, 0.9874698821259462, 0.760400531243115, 0.9858374249366549
student, 283, 0.9975572021040437, 0.9974967006139415, 0.749548718914714, 0.9980691434205181
student, 190, 0.9979255063435725, 0.8914986443720984, 0.9984496495608077, 0.999321718633903
student, 546, 0.9946417373157397, 0.9951097739337732, 0.9952708021372444, 0.995316319271838
student, 90, 0.9948107378846797, 0.9947228801946666, 0.9474681912658119, 0.9947725368584843
student, 352, 0.9924995028193812, 0.9897654114537467, 0.9041552452300041, 0.989059404582969
student, 170, 0.9945544648521485, 0.9950103767363389, 0.8592581587628326, 0.9938512643907941
student, 645, 1.0, 1.0, 0.9157375319472759, 1.0
student, 663, 0.9952688862727469, 0.9940060189198404, 0.9152310287752157, 0.9921015767109742
student, 775, 0.9938385882954891, 0.9951897544087283, 0.9861738464862608, 0.9942810085041078
student, 162, 1.0, 1.0, 0.8468257639973763, 1.0
student, 544, 0.9916600528269357, 0.9912911871376663, 0.9832116219826301, 0.9903868388420728
student, 531, 0.9942628539123822, 0.9934687630439489, 0.9247199522565399, 0.9841823014119891
student, 267, 0.999751679544775, 0.999528328556666, 0.5388649059938319, 0.9999603584168136
student, 359, 0.9909975653448164, 0.9905182460603412, 0.8906526057746823, 0.9915096242301409
student, 711, 0.9947639935413541, 0.9957619747694386, 0.9621797329014353, 0.9947016338503034
student, 509, 0.9872382117609568, 0.908862763575587, 0.9902460415907793, 0.9879835316871989
student, 368, 0.9916659148696944, 0.9927166304047034, 0.7456464672551918, 0.9918288617005399
student, 360, 0.9949423188091733, 0.9948448308958043, 0.9421921983094778, 0.9945095088704954
student, 528, 0.9954603954732439, 0.9950561242957062, 0.9138805444677366, 0.9950212393480614
student, 454, 0.9925604943362257, 0.9928004473132899, 0.9897233334257416, 0.9857765423079132
student, 122, 0.9948169744354287, 0.982914199666089, 0.9927962140445266, 0.9982061205895224
student, 446, 1.0, 1.0, 0.7425774579211266, 1.0
student, 693, 0.9995463825702552, 0.8004902133259648, 1.0, 0.9997353945413907
