item, 1 x 1, 0.9084672767830511, 0.713642852071413, 0.5833284983341563
item, 1 x 10, 0.9265761903759435, 0.8597306244058125, 0.6138756684506959
item, 1 x 2, 0.7584735809300996, 0.8880969051614045, 0.830553725039175
item, 1 x 3, 0.849972545906744, 0.6529814835811555, 0.6915577246558462
item, 1 x 4, 0.8001836515349154, 0.7498761365136858, 0.6411236805719656
item, 1 x 5, 0.8485375309906177, 0.953325971781828, 0.6438658086466883
item, 1 x 6, 0.4989883244758136, 0.711773928321725, 0.6883139696387153
item, 1 x 7, 0.8472675684153455, 0.5423515558505093, 0.5758873569654702
item, 1 x 8, 0.3905244585002171, 0.6507112690266912, 0.8015131692624827
item, 1 x 9, 0.6841110438356187, 0.813551986291561, 0.7673576473537429
item, 10 x 1, 0.9883973545002737, 0.7536037929876799, 0.5337203016087868
item, 10 x 10, 0.6962308218725552, 0.9790072130686045, 0.6263560654081104
item, 10 x 2, 0.7311981601041362, 0.843565426938972, 0.7822296784644056
item, 10 x 3, 0.6249922280327301, 0.9307298387661749, 0.8304128591255324
item, 10 x 4, 0.8658028002873832, 0.7251972400972272, 0.599863832896443
item, 10 x 5, 0.951232954653691, 0.9997156649242289, 0.6357583214541119
item, 10 x 6, 0.36856932250234475, 0.9618357692442263, 0.9058582930815232
item, 10 x 7, 0.9029449263210836, 0.6719763806960283, 0.6683280208621681
item, 10 x 8, 0.9825906307056792, 0.9362685470205635, 0.8236316377296949
item, 10 x 9, 0.9427995056226731, 0.6987425103684273, 0.8687034311687062
item, 2 x 1, 0.9700215255141552, 0.7975466253606674, 0.5653618868674398
item, 2 x 10, 0.731986280103648, 0.998304517620797, 0.697829374203733
item, 2 x 2, 0.8854786695866088, 0.8623071272042063, 0.8363091306162944
item, 2 x 3, 0.8679140073451586, 0.8483918864933049, 0.8767817055534418
item, 2 x 4, 0.9280803080792942, 0.7422861929322404, 0.6617699018788907
item, 2 x 5, 0.9114028373997791, 0.9998712667334776, 0.7749483380641252
item, 2 x 6, 0.5251589034353471, 0.9976160115537135, 0.843746459421005
item, 2 x 7, 0.900653368591316, 1.0, 0.739007166244219
item, 2 x 8, 0.7911693900840397, 0.9386356916220961, 0.9708444166628745
item, 2 x 9, 0.9852066470284763, 0.7792633995156494, 1.0
item, 3 x 1, 0.9999993063490621, 0.8027428736571833, 0.5373602440488121
item, 3 x 10, 0.8614655498067836, 0.9925932579855411, 0.4900192788913273
item, 3 x 2, 0.9060042916926967, 0.7708940002068951, 0.9643251132283759
item, 3 x 3, 0.9260404297098526, 0.874821423961386, 0.9886503411869906
item, 3 x 4, 0.8315877221459943, 0.9291406466276345, 0.9882890957122166
item, 3 x 5, 0.9848039845039417, 0.9875398905919766, 0.8459525001041972
item, 3 x 6, 0.8553610593615307, 0.9922552298084838, 1.0
item, 3 x 7, 1.0, 0.7575858465338406, 0.9751463687548566
item, 3 x 8, 1.0, 0.8915815522351052, 1.0
item, 3 x 9, 1.0, 0.9009217381693253, 1.0
item, 4 x 1, 0.9522169886238327, 0.7659475970559575, 0.522515444329125
item, 4 x 10, 0.8673554761157978, 0.9975485814137071, 0.5594242027582231
item, 4 x 2, 0.7870510258413292, 0.9338831387557999, 0.987460128547722
item, 4 x 3, 0.925074892311193, 0.8435086969775005, 1.0
item, 4 x 4, 0.888127329488862, 0.9971038415877852, 0.9991678560297
item, 4 x 5, 0.9088202504583794, 0.9999342519641707, 0.8276106922332493
item, 4 x 6, 0.9306011557253053, 0.9187515959613682, 1.0
item, 4 x 7, 0.9999553639954591, 0.9999900101236614, 0.984558793228589
item, 4 x 8, 0.9979129372017432, 0.9127328665112887, 1.0
item, 4 x 9, 0.9974415837686487, 1.0, 1.0
item, 5 x 1, 0.9919922657986998, 0.8151454813243546, 0.5154682448066614
item, 5 x 10, 0.7748548628455254, 0.9994700457911604, 0.5497851498147907
item, 5 x 2, 0.8350754057224665, 0.8140513394382471, 0.9409107376683652
item, 5 x 3, 0.8690751475004702, 0.9958996464794581, 1.0
item, 5 x 4, 0.941150359302856, 0.7200341446323222, 0.9536349541967504
item, 5 x 5, 0.9605455999048836, 0.9994421505293233, 0.8274952404897195
item, 5 x 6, 0.7830206577020618, 0.9912799100526519, 0.9940122185138769
item, 5 x 7, 0.9984883170399674, 0.8273936175557145, 0.998686450193575
item, 5 x 8, 0.986382763943887, 0.9621472369781531, 0.9966456976517408
item, 5 x 9, 0.9977730668670591, 0.8431920714774966, 1.0
item, 6 x 1, 0.9857383584671598, 0.7855109179482567, 0.5204427254250666
item, 6 x 10, 0.7552114047912516, 0.9823321566609222, 0.5667506142379879
item, 6 x 2, 0.7012339046773042, 0.8994640568653665, 0.9730343667152384
item, 6 x 3, 0.9943306881339332, 0.9375140462366637, 0.9980842523281028
item, 6 x 4, 0.892243291510516, 0.9780183641718907, 0.9889127443471747
item, 6 x 5, 0.9471140839529434, 0.9993725868349282, 0.9103782734797728
item, 6 x 6, 0.7015585700572753, 0.9770239403781605, 0.9999684149567473
item, 6 x 7, 1.0, 0.9982623140517609, 0.9883065107445335
item, 6 x 8, 0.991067013232959, 0.9968638614767261, 0.9980008543563748
item, 6 x 9, 0.9999754685527297, 0.7843831272668387, 1.0
item, 7 x 1, 0.9863686327963447, 0.7998188394509705, 0.46008544012931607
item, 7 x 10, 0.7744022724044749, 1.0, 0.5400240424209641
item, 7 x 2, 0.882087806499401, 0.9133656251124479, 0.9463102363733635
item, 7 x 3, 0.9853899445318695, 0.9999861174615448, 1.0
item, 7 x 4, 0.9865002206189721, 0.816926756556208, 0.9993863235350242
item, 7 x 5, 0.9739239508435482, 0.99650762203649, 0.9625493088086863
item, 7 x 6, 1.0, 1.0, 0.9995603897860451
item, 7 x 7, 0.9962595339588609, 0.9961672488992975, 1.0
item, 7 x 8, 1.0, 0.9993832795621482, 0.9997796454660124
item, 7 x 9, 1.0, 0.9694247058122825, 1.0
item, 8 x 1, 0.9968018895071605, 0.7752392410143749, 0.4809875015935949
item, 8 x 10, 0.8345660509253603, 0.9945758138025194, 0.5446694225824021
item, 8 x 2, 0.8409552030734199, 0.7598513911791205, 0.9606537589049783
item, 8 x 3, 0.9808189350229232, 0.9889102467661514, 1.0
item, 8 x 4, 0.9801860688713903, 0.9875447886489624, 0.9982394971434146
item, 8 x 5, 0.9964359786809426, 1.0, 0.8376277421804708
item, 8 x 6, 0.9130117758720089, 1.0, 1.0
item, 8 x 7, 1.0, 0.99593365832317, 1.0
item, 8 x 8, 0.9999487097084623, 0.8671904763881847, 1.0
item, 8 x 9, 0.9942151020348562, 0.7512531776781024, 1.0
item, 9 x 1, 0.9792685562457591, 0.7116453794805966, 0.5256859528981276
item, 9 x 10, 0.8635936680942733, 0.9863384757561686, 0.46608912394885554
item, 9 x 2, 0.867624390650184, 0.8784926440439575, 0.9462152748523464
item, 9 x 3, 0.9656740144419711, 1.0, 1.0
item, 9 x 4, 0.9840822214290936, 0.9526350040001694, 0.9997000398855634
item, 9 x 5, 0.9943464177515322, 0.9956790617659599, 0.8635132596825327
item, 9 x 6, 0.8529834573094113, 0.9970046829490684, 0.9985876485542345
item, 9 x 7, 0.9980744431332803, 0.9794116797055605, 1.0
item, 9 x 8, 0.9826666693690704, 0.8738133921557022, 0.9956605427009724
item, 9 x 9, 0.9887191491814894, 0.8034435278368111, 0.9951866371789371
student, 475, 0.9909152959913986, 0.9789460021287304, 0.9906722214989748
student, 333, 0.999541001788485, 0.9883086633691763, 1.0
student, 329, 0.995989604459133, 0.9440548326592572, 0.9899887891284153
student, 568, 1.0, 0.9883651353920524, 1.0
student, 637, 0.9900489929580216, 0.9913649953322986, 0.8959076937803201
student, 743, 0.995689153682335, 0.9920360686368, 0.9074758995301551
student, 464, 0.9942838642504256, 0.9572525831083183, 0.9920697441874367
student, 645, 0.9823042057282344, 0.9527852983003491, 0.9339920195649047
student, 753, 0.8528309196203925, 0.988895239906227, 0.9878438565372731
student, 192, 0.9959142610562932, 0.9987184169350071, 0.902862021537822
student, 183, 0.9998240751832184, 0.9996776137523784, 0.7729983227624634
student, 647, 0.9773079169310152, 0.9999459623253818, 0.9053110249579532
student, 182, 0.9994700794222061, 0.9971356984437196, 0.8975516490041765
student, 467, 1.0, 1.0, 0.5443605707890486
student, 589, 0.9841479653279683, 0.9946930083808737, 0.9968043142639137
student, 617, 0.9925567541421909, 0.9364758521495863, 0.9926100258580246
student, 747, 0.9912384227039212, 0.9568506869143627, 0.9422283803283638
student, 357, 0.9919106972434598, 0.9958026162318581, 0.844170606176854
student, 173, 0.9976201526896914, 0.9971219774408924, 0.8661863258495853
student, 735, 0.9858103409840407, 0.9889044195704468, 0.9726767950283493
student, 312, 0.9941964613219268, 0.9959364156347182, 0.9781591752233334
student, 325, 0.9858775567901863, 0.9872721426627193, 0.9444427502487829
student, 472, 0.984202883375053, 0.9904969236032154, 0.9895105175597396
student, 654, 0.9998531925219831, 0.9998322131597036, 0.8361261436793129
student, 465, 0.9939321582130786, 0.9941337348296261, 0.699425989814369
student, 110, 1.0, 1.0, 0.6487518829952877
student, 449, 0.9980820787123618, 0.9982147758089005, 0.8185459941104954
student, 659, 0.9990302136416401, 1.0, 0.960743665526589
student, 688, 0.9963089695365245, 0.9973461923381305, 0.856135937423155
student, 682, 0.9840538532972035, 0.9847179631283427, 0.931973298227597
student, 619, 0.9992304939448355, 0.9996388624395741, 0.9461142033844578
student, 533, 0.8142949716128307, 0.9993476947857765, 1.0
student, 703, 0.9982932556527012, 0.9985650860665816, 0.9429576594858935
student, 22, 1.0, 1.0, 1.0
student, 460, 0.9988464310890778, 0.9970906733714737, 0.9641897436966488
student, 741, 0.9621047237969288, 0.9945088870259946, 0.9912538476399457
student, 194, 0.9792048833279295, 0.9843690378824136, 0.8570349688973892
student, 88, 1.0, 1.0, 1.0
student, 117, 0.9975340330985766, 0.9964410590283261, 0.8604886020201922
student, 221, 0.9849421539950974, 0.9970968392515699, 0.989450148444298
student, 87, 0.9972433012582574, 0.9816812046827208, 0.966541027458357
student, 252, 0.997617488710512, 0.9175117307557552, 1.0
student, 614, 0.9926120742315472, 0.9849962715953393, 0.9931211777349638
student, 522, 0.9932845449172426, 0.9793573199915067, 0.9746568887564757
student, 319, 0.9944486633502938, 0.9877256406525023, 0.9947362158829713
student, 376, 0.9815350467588794, 0.9931994414791407, 0.9941375990399355
student, 286, 0.9654087112383359, 0.9974792829301117, 1.0
student, 667, 0.9976405857544987, 0.9977814611582301, 0.8449633287682204
student, 180, 0.9859971001163217, 0.9879099021087075, 0.6911408925165552
student, 643, 0.9882749297688197, 0.9858934182046052, 0.8953591277753535
student, 578, 0.7659864409558099, 0.9948281907814664, 0.9946556646763082
student, 671, 0.9507642081561409, 0.9965328039117538, 0.9974152153449095
student, 262, 0.9958042237519399, 0.9957348267384661, 0.9737121000003294
student, 304, 0.9849668514213796, 0.9861347433853551, 0.9561437623479788
student, 651, 0.9950678838787655, 0.9957683002145147, 0.7714294114821708
student, 706, 1.0, 1.0, 0.8023318887645048
student, 76, 0.9651036392254642, 0.9836433253845989, 0.933932542587294
student, 473, 0.991363713765694, 0.989976533343067, 0.6735471721108216
student, 577, 0.9973307569154674, 0.9577323630886319, 0.9998650700209825
student, 388, 0.9891758402293966, 0.9903135117014729, 0.9853040344374164
student, 648, 0.9623344604598829, 0.9854113195994251, 0.9837980990939533
student, 414, 0.9661103799536829, 0.9897292669799284, 0.9849765754001689
student, 740, 0.9886423429745642, 0.9856797326347149, 0.9084373849434773
student, 26, 0.999677875095086, 0.9988643002975482, 0.7595481508634088
student, 296, 0.9996560611425432, 0.9996608900850228, 0.7790180475684304
student, 155, 0.989618720012684, 0.9930983791414946, 0.807862551752766
student, 166, 0.9980747815366094, 0.9953030741129785, 0.7745538687723775
student, 118, 0.9962028193608451, 0.9986910806522049, 0.957508395124799
student, 283, 0.9953958940954011, 0.9958721401042789, 0.7074374374882434
student, 104, 0.843887351710143, 0.9947156784790264, 0.9883186520811956
student, 125, 0.9949705552956192, 0.9957408728601455, 0.7797526114564035
student, 335, 0.9994674814627704, 0.9956007410838189, 0.8593197097928862
student, 418, 0.9310541951319109, 0.9999926457770965, 0.9299085360312261
student, 524, 0.9988693142287578, 0.9976409729446928, 0.9463663688262667
student, 459, 0.9919376685019358, 0.9968150621844569, 0.9386608060406338
student, 352, 0.9955045660866889, 0.9982818623733207, 0.9103381686573533
student, 721, 0.9477940134847844, 0.986822651473933, 0.9898217770419175
student, 225, 0.9951032278533658, 0.9941047254321584, 0.8840438292675431
student, 364, 1.0, 0.9992263415478178, 0.7265117220594188
student, 509, 0.9114676858917136, 0.9884978222106445, 0.9839663643337453
student, 249, 0.9958781689815819, 0.9957899356785737, 0.9057388429750337
student, 750, 0.9852027473949589, 0.9190518293049187, 0.9829527208119286
student, 819, 0.9950970439276823, 0.9962327719274545, 0.9831736590638195
student, 570, 0.9922464836014293, 0.9680820571356461, 0.993982741646611
student, 113, 0.9974801428349729, 0.9971483991979954, 0.9756984711651111
student, 205, 0.995378928725539, 0.9921671023961318, 0.9584977825156715
student, 80, 0.9989754314077625, 0.9989768148910171, 0.6690364686046109
student, 123, 0.9736351814797372, 0.9935786775363494, 0.9962213574111473
student, 523, 0.9960431072335111, 0.9940071269557456, 0.8823842461145166
student, 518, 0.9221718578574418, 0.9905066046279263, 1.0
student, 145, 0.9925479664673585, 0.9902551131287253, 0.7569008109403594
student, 480, 0.935863737455395, 0.9995506023248805, 0.9999407533911744
student, 557, 0.9919310820356864, 0.9892106478597806, 0.9061246582247037
student, 280, 0.8847111948333263, 1.0, 1.0
student, 169, 1.0, 0.9975512895879267, 0.7930409344295031
student, 767, 0.9979034398469407, 0.9984309627217186, 0.8264098903528235
student, 186, 0.9891544036573752, 0.9902325913419745, 0.9394641015258792
student, 700, 0.9966952023793906, 0.9973425078802407, 0.7852140864594915
student, 215, 0.9908030949415022, 0.9899647527006453, 0.9619488695645375
student, 177, 0.9990252905612604, 0.9986478291738418, 0.7444590500829961
student, 159, 0.9914307618137442, 0.8688566533077381, 0.970460798922923
student, 554, 0.9897062024982954, 0.9902793422346705, 0.9645857409651584
student, 267, 1.0, 1.0, 0.47166417441710556
student, 675, 0.9965694114793696, 0.9926784266256424, 0.9408730306088956
student, 268, 0.994989732626705, 0.9950440376829206, 0.848368065395
student, 794, 0.9996275458162867, 0.6976933120811153, 0.9992934490888176
student, 100, 0.9813798396733199, 0.9823863378808635, 0.87400187940507
student, 32, 0.9984975451952768, 0.9970002387983615, 0.9562245385431767
student, 661, 0.9591250383839942, 0.9902603635898092, 0.9857368824247567
student, 284, 0.9461615105499649, 0.9914974128731782, 0.9130780629510612
student, 602, 0.992311722735269, 0.9912940403092799, 0.8848552813054812
student, 359, 0.9962812759634546, 0.9972389839039731, 0.9159926653549378
student, 203, 0.9629957155066864, 0.982528900283433, 0.9811207242020012
student, 713, 0.9994920031019502, 0.9899680443241594, 1.0
student, 629, 0.9940422842252657, 0.9947852184122313, 0.7989564919912356
student, 122, 0.9729546241143208, 0.9913869034443725, 0.9818855211560122
student, 575, 0.9963520979274378, 0.9516274450165819, 0.9875428772741609
student, 66, 1.0, 0.9948796643775744, 0.591644816090721
student, 375, 0.9920215787613785, 0.9969916043430103, 0.702746052402162
student, 199, 0.9914187930694671, 0.9953957085617804, 0.8315885867214261
student, 525, 0.965678470780374, 0.997151028372527, 0.9947475417742968
student, 729, 0.9893153627436406, 0.987747932467594, 0.9440106914963072
student, 222, 0.9948878353437772, 1.0, 1.0
student, 84, 0.9972442411415008, 0.9963303558185228, 0.7843739830157891
student, 119, 0.9974257177817443, 0.9960357996594777, 0.9640064143237735
student, 760, 0.9937701990803217, 0.9526054229115991, 0.9910838868547572
student, 402, 0.9871503172594467, 0.988209518611684, 0.9921701491426889
student, 264, 0.9920098230677676, 0.9914192459549477, 0.9724968718961717
student, 739, 0.9751129101998244, 0.9394124140538801, 0.9504357093707227
student, 49, 0.9946339100064747, 0.9544428825086968, 0.9942995763025272
student, 382, 0.9778391280187759, 0.9956062572781336, 0.9950696963090246
student, 764, 0.9921817354673393, 0.9914522281355357, 0.9842968757909079
student, 738, 0.996883525640693, 0.9967909271317845, 0.9539355568195341
student, 787, 0.9875131923142628, 0.9978649604660952, 0.9557412550793712
student, 535, 0.997832925255443, 0.998089797750573, 0.8604882120816598
student, 714, 0.9973157075057448, 0.9394198199751292, 0.9934438674308192
student, 121, 0.9943126522206134, 0.9935155974230507, 0.9508646231243942
student, 292, 0.9997247964293993, 0.9995935167278794, 0.9079310007208158
student, 287, 0.9976656497006318, 0.9993221414622724, 0.6855723298094561
student, 495, 0.9961423311608897, 0.9864120442904599, 0.9919947512356989
student, 451, 0.9910883095140626, 0.9914307624373816, 0.9767821526255441
student, 115, 0.9960344263759072, 1.0, 1.0
student, 505, 1.0, 0.9998345866506249, 0.8392090089193464
student, 356, 0.9817836383637867, 0.9799166079659745, 0.8883533648588553
student, 607, 1.0, 1.0, 0.3119247741625125
student, 243, 0.9874862085354257, 0.986853030228363, 0.9636001582418313
student, 51, 0.9813052570963889, 1.0, 0.9825969191210082
student, 630, 1.0, 1.0, 0.7251526832158172
student, 404, 0.760568950589799, 0.9939974846420971, 0.991944554023991
student, 141, 0.9968715232559543, 0.9966849114603941, 0.7025867152181122
student, 316, 0.8432759509744125, 0.9976911685805983, 0.9976757135246541
student, 392, 0.9917494244791899, 0.9805484788699337, 0.996878039742937
student, 308, 0.9202973829842418, 0.9880606106398936, 0.9922682409841459
student, 236, 0.9994539916623233, 0.998564758386263, 0.9338596781296087
student, 828, 0.9991965612931527, 0.9994907204784786, 0.8577864069589983
student, 571, 0.9976883346032825, 0.8725859041093109, 0.9419255055788286
student, 430, 0.9995957998582776, 0.9998103487458618, 0.9088121361877328
student, 487, 0.9983506957888905, 0.9954219928576699, 0.7442672049684729
student, 144, 1.0, 1.0, 0.6529445768457305
student, 126, 0.9997005789847687, 0.9998335402046227, 0.8081486434194215
student, 285, 0.6627132380520933, 0.9984532981218317, 0.9988593308650395
student, 201, 1.0, 1.0, 0.8960024870231612
student, 565, 1.0, 1.0, 0.8322587944137826
student, 596, 0.9951245127340023, 0.9965827918138664, 0.8373278620570791
student, 50, 0.9948995873267267, 0.9960388038075385, 0.8942009433263236
student, 154, 0.9995640265083108, 0.9985409085703225, 0.970840654680823
student, 17, 0.9768606011382089, 0.9853351148555959, 0.9883797646641587
student, 196, 0.9235985068251332, 0.9927764792106716, 0.901241121307817
student, 611, 0.9984661808306504, 0.6344616727677412, 0.9939625620603201
student, 755, 1.0, 1.0, 1.0
student, 365, 0.9483066930087157, 0.9966165384104705, 0.9965701471071667
student, 279, 1.0, 0.9955321606221419, 1.0
student, 697, 0.995182929758817, 0.9949015316990264, 0.9707708140171554
student, 120, 1.0, 0.9963198235599446, 0.9438290721283195
student, 749, 0.9997807507414728, 0.9998562967129803, 0.8504668580427576
student, 483, 0.9774256332446916, 0.9864369402852685, 0.8895513135578933
student, 412, 1.0, 1.0, 1.0
student, 489, 0.9902410052500809, 0.9588288125197161, 0.9939817149255569
student, 373, 0.9647106793348583, 0.9940937645276438, 0.9616636910496813
student, 438, 0.9871843443146712, 0.9886287065312451, 0.9235484848382499
student, 168, 0.9939645719387031, 0.9931393469359254, 0.7773996279182173
student, 680, 0.998844179023275, 0.9988081894753601, 0.7220253261467026
student, 89, 0.9962301077125911, 0.9923685926616505, 0.8597477854937261
student, 594, 0.995322026784728, 0.9958981369723315, 0.7800467791414863
student, 197, 0.9907545705539221, 0.9657586890580279, 0.998035554520051
student, 212, 0.9985843060669124, 0.999661205262723, 0.7832014901966596
student, 529, 0.9875756449988532, 0.9168221428707356, 0.9829340988340073
student, 746, 0.8888310213335429, 1.0, 0.9955809081546316
student, 781, 0.9900977720770728, 0.9900331848193845, 0.8216746362966765
student, 559, 0.9967753062397441, 0.9960922623188134, 0.9204867849180075
student, 160, 0.9850832238996833, 0.9861016161050878, 0.8086394283683854
student, 534, 0.9970688658828228, 0.9997639166333454, 0.830462651356642
student, 742, 0.981108568092008, 0.8984041278016612, 0.9776581287471849
student, 640, 0.9904529572893908, 0.9886076815527689, 0.9001834802604626
student, 137, 0.9897207293194109, 0.990144566600688, 0.9185121404434534
student, 528, 0.9894439669613503, 0.9892576800723267, 0.9138830766555075
student, 377, 0.9996393982450715, 1.0, 0.6470829022722759
student, 54, 0.9094298940142446, 0.9930619841154361, 0.9987936425361669
student, 337, 0.9958010705276354, 0.7241970285648899, 0.9950619112612868
student, 52, 1.0, 1.0, 0.6504593390711387
student, 47, 1.0, 0.9971249773543748, 0.8281835798401515
student, 314, 0.9099819630676721, 0.9999364281519304, 0.9141541346100652
student, 544, 0.9960636745688165, 0.9968473143384071, 0.9812628458516357
student, 777, 0.9913364650297738, 0.9928019773437339, 0.9560491350542618
student, 677, 0.9976608749315663, 0.9995898617597745, 0.8321598390680004
student, 179, 0.9934223412600764, 0.9983046767028334, 0.8777465620188962
student, 791, 0.9876785284938547, 1.0, 0.8994357686004874
student, 61, 0.9951337014487667, 0.9988879081507743, 0.9500404039698536
student, 634, 0.9510831110568919, 0.9934290312466038, 0.9825545314692137
student, 553, 0.998454431265543, 0.9973882766532562, 0.7354917758084455
student, 674, 0.95416234126336, 0.9938843164046149, 0.9912782713746611
student, 398, 0.9934024825883406, 0.9926714135201731, 0.983963601557884
student, 234, 0.9975061856550681, 0.9958070753574267, 0.9364743352249043
student, 251, 0.9967914985513486, 0.9994100806874391, 0.952256480216706
student, 672, 0.9992291589868926, 0.9994184873420926, 0.786031687994979
student, 133, 0.9893629413006259, 0.9908139600671388, 0.9048436631588908
student, 30, 0.9999191793076502, 0.6860352995395235, 1.0
student, 274, 0.9974319869526677, 0.9988784206843633, 0.939409137882185
student, 478, 0.9967672544346338, 0.9980377090221573, 0.9396631620177333
student, 163, 0.9952653841940823, 0.9952487551586235, 0.9351247163264703
student, 754, 0.8802565145606379, 0.9995153297149773, 0.938655961539947
student, 410, 0.982383485588704, 0.9869382385009652, 0.8998849860015282
student, 609, 0.9959668208522602, 0.9934598996243396, 0.9570619758786798
student, 238, 0.6535471172864249, 0.9941900325624026, 0.9931256790473475
student, 341, 0.9959484521973054, 0.9808552097907908, 0.9954058929668743
student, 501, 0.9903856627900073, 0.9917250975148219, 0.8202149888641439
student, 736, 0.9058531347163358, 0.9875041483068502, 0.9917433134205714
student, 520, 1.0, 0.9998194533658907, 0.9986399630597602
student, 124, 0.9441926546435384, 0.9975929044915246, 0.9991429818330738
student, 77, 0.9902602603148903, 0.9921159040233418, 0.926053696896664
student, 711, 0.9936557897391877, 0.9950902598621569, 0.9633734420240491
student, 216, 0.9956496618893119, 0.9715282167693553, 0.9949186441542475
student, 230, 0.9835683498631523, 0.8834921789442349, 0.9885099534987775
student, 605, 0.9944914205367908, 0.9471268176938449, 0.9924125407739656
student, 165, 0.9885701203882135, 0.9924137710742122, 0.8526634726497478
student, 78, 1.0, 0.9947522845745583, 0.9929647709838613
student, 220, 0.9976063274838001, 0.990884402057936, 0.997258542191459
student, 626, 0.9892848362473187, 0.9922824274323387, 0.9531279421548216
student, 176, 0.996530105337387, 0.9960050427217683, 0.8948358277801925
student, 684, 0.9978067071247384, 0.9954228761061046, 0.8100424921474035
student, 362, 0.9943532275411665, 0.9943311219122304, 0.912023968756892
student, 259, 0.986534015009249, 0.984882466125874, 0.9296934043331833
student, 440, 0.9995601632687648, 0.9995736642239309, 0.9310648019730019
student, 39, 0.9841396987744419, 0.9985145011119329, 0.9962422972735073
student, 581, 0.9646756244852969, 0.9905643241717323, 0.9100235895310955
student, 666, 1.0, 1.0, 0.79210548571625
student, 552, 0.9917132516293887, 0.9933190961235514, 0.9701861220185313
student, 585, 0.9585668931624067, 0.9946722667589427, 0.9937039566139839
student, 363, 0.9924911833428613, 0.9958451000974922, 0.9117616047249604
student, 556, 0.9989737542950492, 0.9983758905604472, 0.9184708385406253
student, 785, 0.9518376525677531, 0.993997837611495, 0.9884325246588064
student, 162, 0.9938098162369678, 0.9931419759691168, 0.8196993152345616
student, 733, 0.9601343575813148, 0.9890934113855363, 0.990892863287218
student, 652, 0.9759850701580154, 0.997511949674538, 0.989269919074515
student, 513, 0.9986858263532233, 0.9980590082961297, 0.9441547680525901
student, 276, 0.8992997649683862, 0.99545652978841, 0.99814804489669
student, 103, 0.9981114516139052, 0.9981021707484324, 0.9669883421760573
student, 708, 0.9997662480750323, 0.999594440778113, 0.9040595827942934
student, 560, 0.9978702711511791, 0.995444301337262, 0.9840801336027435
student, 143, 0.9990414730760593, 0.9993225682749091, 0.7213835339376837
student, 217, 0.9688797531282203, 0.9943321321142727, 0.9918273006578474
student, 656, 0.9856149875058089, 0.9886863235852724, 0.8720014051045278
student, 668, 0.9566986496395107, 0.9894914961694171, 0.9900148947137967
student, 599, 0.9998002509538145, 0.7511342092662839, 0.9960446235321918
student, 526, 0.9762613491629039, 0.988727010481583, 0.978173584431641
student, 545, 1.0, 0.9990607177749591, 0.8750957185775988
student, 368, 0.9977321168120019, 0.9975665317352361, 0.7350635445806594
student, 171, 0.9926380342698632, 0.9922547223430177, 0.9405883565581732
student, 469, 0.9994751080066134, 0.8794431053879435, 0.9991838678940907
student, 536, 0.9953443941398921, 0.9969365578044022, 0.9492732653112251
student, 156, 1.0, 1.0, 0.8580332849707977
student, 73, 0.9962895415416849, 1.0, 1.0
student, 288, 0.9888087149444494, 0.987481063315143, 0.8699439709323282
student, 139, 0.9935148565936733, 0.9939066526030094, 0.8526888195378161
student, 112, 0.9914313061394319, 0.9909227476853576, 0.8938741398821217
student, 591, 0.9999328909329906, 0.9998396610154997, 0.8776401716790883
student, 638, 0.9870280086614985, 0.9874558404305652, 0.8756554696791646
student, 95, 1.0, 1.0, 1.0
student, 424, 1.0, 1.0, 0.9409042468381131
student, 745, 0.9971687606772969, 0.9980081424092564, 0.7169208720498865
student, 358, 0.9999679280579084, 0.9999628034847708, 0.7184195735710666
student, 426, 0.9483276917362751, 1.0, 1.0
student, 601, 0.9982781883294117, 0.9973871600666523, 0.9644231178961776
student, 369, 0.9748639402969566, 0.9944221228451835, 0.9675617272343372
student, 655, 0.9698332603312824, 0.9017250617612828, 0.9711709753128637
student, 153, 1.0, 1.0, 0.9384728734067288
student, 380, 0.9917163703360025, 1.0, 0.6763627576932102
student, 339, 1.0, 1.0, 1.0
student, 255, 0.980580623095344, 0.9850609465386417, 0.932876646247587
student, 719, 0.9988763241640475, 0.9986922786334943, 0.9444497873814959
student, 710, 1.0, 1.0, 0.9635960886499471
student, 321, 1.0, 0.9906599881878448, 1.0
student, 295, 0.9984415347997156, 0.9963762720649293, 0.7255995509265559
student, 696, 0.981958059944, 1.0, 0.9609074943737471
student, 775, 0.9823000336073696, 0.9897454357162953, 0.989823237976198
student, 275, 0.9970889428119427, 0.9980802681452353, 0.9274822514346046
student, 172, 0.9822043494308192, 0.9763522517993141, 0.8424396585811521
student, 384, 0.9918852630891511, 0.9914023581821775, 0.9325786307190284
student, 499, 0.9926428668305548, 0.9937077123187424, 0.964459202514631
student, 621, 0.940020269902655, 0.9969410858212235, 0.9962502640469968
student, 353, 1.0, 1.0, 0.8289273914689215
student, 712, 1.0, 1.0, 1.0
student, 310, 1.0, 1.0, 1.0
student, 400, 1.0, 1.0, 1.0
student, 514, 0.9767912712327818, 0.9906850767396289, 0.9486734578725804
student, 90, 0.996785120131712, 0.9966621753224212, 0.9218157301216867
student, 167, 0.9974624169448013, 0.9977151720447568, 0.8856078197787906
student, 670, 0.8974014126189346, 0.9935942523299038, 0.991717248157939
student, 277, 0.9988162117509554, 0.7550110165834568, 0.9986881905776532
student, 444, 0.9884302192683998, 0.9885365466806965, 0.8550096655526255
student, 25, 1.0, 1.0, 0.412959562560186
student, 477, 0.987868147328691, 0.8131845470162637, 0.987390101682929
student, 140, 1.0, 1.0, 0.6097407166337913
student, 463, 0.9954843648557032, 0.9934748631041849, 0.9645658423594495
student, 111, 0.9995009228774648, 0.9995594045273815, 0.8798382193615353
student, 37, 1.0, 1.0, 1.0
student, 639, 0.9930389833638025, 0.9907233125062537, 0.7732781947562816
student, 241, 0.9992378777859711, 0.9984513437323069, 0.9476633085645529
student, 407, 0.9945745732144609, 0.9955570166267416, 0.9749867706278187
student, 211, 0.8341470630266661, 0.9971327329250067, 0.9847715787549515
student, 432, 0.9942061077651911, 0.9950449679393626, 0.9643576222977905
student, 446, 0.9957282441114712, 0.9955572533416603, 0.7686171868314587
student, 390, 0.9794063136599784, 0.9798598952353654, 0.9250915155659568
student, 491, 0.9945967231993195, 1.0, 1.0
student, 765, 0.9987780239937438, 0.9964241377108192, 0.9549712784514919
student, 622, 0.9896115527253888, 0.9893626086816198, 0.9830592342505498
student, 625, 0.9965424710025667, 0.9831654301644025, 0.9964565115086559
student, 790, 0.985848633925917, 0.9856597585315641, 0.7659505776305668
student, 245, 1.0, 0.9992125145437205, 0.9844048871514463
student, 132, 0.9997129352592842, 0.9229774348837204, 0.9997967747183332
student, 43, 0.954713553695093, 0.9933946120881659, 0.993177574983052
student, 129, 0.9990529669038883, 0.9976762053841876, 0.9336927689627261
student, 527, 0.9966606493926952, 0.9940225290936123, 0.9395615251906834
student, 663, 0.9950742784184051, 0.9880521405191829, 0.9360792556430665
student, 372, 0.8586689038763984, 0.9972097725905564, 0.9935395874938816
student, 519, 0.9930939138395062, 0.9931400876540611, 0.9760747625143921
student, 150, 0.9998236316640864, 0.9966798330263804, 0.721892392554089
student, 485, 0.991079821759904, 0.9916669706093876, 0.8703743852277486
student, 367, 0.9915146792917199, 0.9916627863242445, 0.9781676168101686
student, 567, 0.9987561631575725, 0.9988604236587882, 0.9392990011045048
student, 771, 0.9944793593665539, 0.9443676331107207, 0.993982334209808
student, 105, 0.9974944660947638, 0.9970716566773132, 0.6318410818771499
student, 532, 0.9977869834162912, 0.9981295476478717, 0.9150699856454712
student, 606, 0.9889563512486061, 0.9925370058374463, 0.9477631456587111
student, 318, 0.9992406795925582, 0.9990198622299811, 0.9119887902030029
student, 685, 0.9784684756241423, 0.9874856038609938, 0.9302266733364146
student, 693, 0.8133265914321105, 0.9987646084056685, 0.998689312162686
student, 604, 0.9950618430253608, 0.8831752047056339, 0.9948111126211301
student, 776, 0.9936408013919131, 0.9904406320537211, 0.9642262077804402
student, 248, 0.983347601189784, 0.982631862300618, 0.9185282505767939
student, 579, 0.9952288408714353, 0.9930895667942411, 0.9221428125760414
student, 547, 0.9927170383911372, 0.9989937740094323, 1.0
student, 784, 0.9923854187929035, 0.9943857667032211, 0.9848498476924992
student, 174, 0.9995573496070691, 0.9993747589497755, 0.7690898955200819
student, 334, 0.9954870148525437, 0.9866746228463064, 0.9988160979148276
student, 157, 0.9973285504446125, 0.9978457516130035, 0.5908937321820055
student, 256, 0.9331784070111688, 0.9771022425455561, 0.9761783094759658
student, 128, 1.0, 1.0, 1.0
student, 28, 1.0, 1.0, 0.7344809957227413
student, 344, 0.9993648648487418, 0.9960441219077911, 0.8662907584846717
student, 242, 0.9868856979981735, 0.9881863272843262, 0.9707046322189273
student, 574, 0.9992203814915348, 0.998357494959724, 0.9333722050871661
student, 515, 0.9972514210167567, 0.996994962567037, 0.8112802334664426
student, 641, 0.9997281820295157, 0.9994418926397615, 0.9053560453397215
student, 701, 0.9993075527382422, 0.9557431897150894, 0.9986955050129125
student, 550, 0.9962078589057255, 0.9971458873385383, 0.9865749582740571
student, 573, 0.9997274998511356, 0.9998563676751865, 0.7504284639373024
student, 603, 0.994103013442709, 0.8985075212963638, 0.9530575859786578
student, 448, 0.993294768274669, 0.9972103032294235, 0.8788980654296118
student, 457, 0.9902991168147651, 0.9896944093262013, 0.9643388932298981
student, 366, 0.9920909748551704, 0.9909934991063662, 0.8327222005122336
student, 539, 0.9350194342543926, 0.9943358624385014, 0.9906374274291717
student, 669, 0.9829889687226185, 0.9924947839226187, 0.9855588939801647
student, 97, 0.9975718790522905, 0.998859710418566, 0.725884225646412
student, 436, 0.9967144815014332, 0.7636220791579988, 0.9936054596078627
student, 592, 1.0, 1.0, 1.0
student, 75, 0.9724126173113822, 0.9915940142321581, 0.9967480994346348
student, 158, 0.9969375078939502, 0.9969174477642131, 0.8321580780796555
student, 161, 0.9957239017367385, 0.9951474921774192, 0.8661291479344276
student, 331, 0.9975739123751849, 0.9958275575958208, 0.9810114358697289
student, 476, 0.9978076786856706, 0.9965283140775403, 0.8035237960458317
student, 198, 0.9900436410666809, 0.9751079543349255, 0.988173081885505
student, 209, 0.9510877400810848, 0.9901626631743855, 0.9886475289515744
student, 99, 0.9982126682597067, 1.0, 0.8703209897518495
student, 138, 0.9999575385997279, 0.999914926444974, 0.7045092584723927
student, 65, 1.0, 0.9990357105167885, 0.8108026989819809
student, 170, 0.9883708920040887, 0.9879407342866374, 0.8884519151859505
student, 226, 0.9960098603933374, 0.9966680447928823, 0.9540411696455157
student, 240, 0.9677543710813561, 0.9863098643040916, 0.9626585269521023
student, 462, 0.9444122069809988, 0.9816302357063059, 0.9840667861789911
student, 91, 0.9885145998833377, 0.9906974643171316, 0.9178520805909743
student, 327, 0.9939780342900537, 0.9946658720785657, 0.8965056594124593
student, 788, 0.9910741126832193, 0.9907306609152587, 0.9086628402796312
student, 724, 0.9907603469582983, 0.9924864127731865, 0.9605972625780818
student, 272, 0.9465228222959285, 0.9959623591420208, 0.9947789730258538
student, 354, 0.9964588284438058, 0.9980661862634173, 0.7379194330024007
student, 454, 0.9906250924942895, 0.9819132519736374, 0.987706021093038
student, 202, 0.9979954017874837, 0.9955918018632829, 0.9210791746518101
student, 468, 0.9924386239583532, 0.9926875507118178, 0.8799101896941398
student, 106, 0.9861192889905166, 0.9894703322737621, 0.8568114425581951
student, 481, 1.0, 0.7425481063052565, 0.9994789565808955
student, 107, 0.9958899526356737, 0.9967680522175119, 0.8135997393889033
student, 783, 0.9857881572027708, 0.9865124579847047, 0.9435103284350267
student, 263, 0.9846491202367939, 0.9877792889724096, 0.9502300590302654
student, 748, 0.9915486192947625, 0.9946466008104825, 0.8658777281302087
student, 678, 0.9985176752740137, 0.9970214064515293, 0.6949002538582607
student, 21, 1.0, 1.0, 1.0
student, 442, 0.9613410170279448, 0.9950278173467736, 0.9231599307458584
student, 692, 0.8845579023445284, 0.9952891884341614, 0.9957153180928208
student, 204, 0.9961916506766353, 0.9931877426961505, 0.7685657713940568
student, 773, 0.9681107092595059, 0.9792981995182586, 0.9802287121091147
student, 79, 0.9925094491681729, 0.9898684797426152, 0.9147771651024924
student, 261, 0.9948280952912243, 1.0, 0.9524931103541008
student, 650, 0.9966194556815609, 0.9991161623563358, 0.8813272753704379
student, 175, 0.9989453218349019, 0.9982947678594206, 0.8744697836228456
student, 219, 0.9817963144574264, 0.9579191955458365, 0.9827786141468358
student, 452, 0.992061321906513, 0.9934953798712427, 0.7458747062730345
student, 233, 0.9889447905252224, 0.9842802419725928, 0.9641963475165185
student, 371, 0.9999416151464062, 0.9999764740751831, 0.8388100109573776
student, 587, 0.9939308560627519, 0.9943645534732608, 0.7574975812238759
student, 778, 0.9768409625467999, 0.9948048785652729, 0.9856760984524378
student, 394, 0.9783645190873492, 0.9889955198665976, 0.987989455199719
student, 456, 0.9770241045077181, 0.9831120963436365, 0.9849306813757145
student, 27, 0.9428271986025221, 0.9897109828701544, 0.9894354217921288
student, 374, 0.9789394869522343, 0.9914687418188868, 0.9954537039618286
student, 610, 0.9934268000376852, 0.9921398346330109, 0.8770474658036083
student, 206, 0.8674944379126749, 0.9991700595605391, 0.9957620493247552
student, 779, 0.9869900633657845, 0.9904130752750364, 0.9894699152987665
student, 471, 0.9992837998074651, 0.9981939121473031, 0.9997624108062901
student, 134, 0.9817397013742104, 1.0, 1.0
student, 131, 0.9990023186576321, 0.9995110664359261, 0.8350035807030356
student, 323, 0.9974512656200949, 0.9472300060485405, 0.9975002135509377
student, 727, 0.9962738832629007, 0.9941008091843042, 0.6959818200459047
student, 278, 0.9599558520687341, 0.9820852154572742, 0.9905077280217119
student, 583, 1.0, 0.940415885105189, 0.9962100066727946
student, 223, 0.9871344850903119, 0.9469946257964182, 0.9936553061409731
student, 757, 0.9792541566570168, 0.9947099283325304, 1.0
student, 239, 0.6875191320832305, 0.9832762896304788, 0.9815621042690059
student, 136, 0.9998676992380598, 0.9977694640013526, 0.8019841543271437
student, 715, 0.9946817473177344, 0.9952448584860207, 0.9668632063605038
student, 208, 0.9929641671408665, 0.9990127662275797, 0.8671251049585159
student, 608, 0.9978633009732691, 0.8585154435781146, 0.9948912285799046
student, 361, 0.9965844813095264, 0.9958183396030501, 0.9700318990786722
student, 31, 0.9943480352378798, 0.9931109464427661, 0.9482090690021451
student, 64, 0.9900562036513408, 0.9155525440487012, 0.9958478612745759
student, 563, 0.999078055087525, 0.997745963165469, 0.9349673048815105
student, 613, 1.0, 1.0, 0.9184279049268508
student, 628, 0.9976450247107735, 0.9999917190144259, 0.9891375045580065
student, 109, 0.9869104326605382, 0.996489278056728, 0.9752807838602694
student, 273, 0.9935244261072576, 0.9920036803744067, 0.9509765127098442
student, 386, 0.9982672414790132, 0.9908870560988979, 0.995610534868385
student, 503, 0.9874759042871522, 0.9944287666311465, 0.8777932499716357
student, 517, 0.9961879414569464, 0.9987545537934954, 0.8722122540744764
student, 29, 0.9986711283811821, 0.998731344589545, 0.9901678606719782
student, 152, 0.9950908986264037, 0.9502454711764217, 0.9786533347590798
student, 269, 0.9926569294127133, 0.9914799297455462, 0.907068720237632
student, 470, 0.9983886827574717, 0.9966442031920887, 0.7532599717873435
student, 74, 0.988292596308313, 0.9892298249179378, 0.8506309113582747
student, 246, 0.9899074930119127, 0.9914886299958664, 0.9192072335173375
student, 396, 0.9941037235170029, 0.9955015774215316, 0.8810120299527643
student, 758, 0.9897468891065334, 0.9901647385528126, 0.9067488194338661
student, 576, 0.989493144264326, 0.9646899406238906, 0.9873412108526473
student, 102, 0.9976469483789502, 0.9972337251545117, 0.8887402845586623
student, 307, 0.9975776400696172, 0.9960956188463662, 0.9624656292423597
student, 537, 0.9847917293228089, 0.9851064058818153, 0.9307085610270474
student, 725, 1.0, 0.9999762399823083, 0.47768064834750934
student, 185, 0.9964231246716411, 0.9948525371708035, 0.9264229405238292
student, 644, 0.9919410807612794, 0.9928245308696221, 0.968014766246621
student, 247, 0.9861914505310257, 0.9910815375082132, 0.9111034478344342
student, 378, 0.9973108314551975, 0.9975209671691684, 0.9698724499037882
student, 96, 0.9873280001025622, 0.8850497779442716, 0.9936442939068488
student, 623, 0.9191812240342644, 0.9852159237456689, 0.9869118449788841
student, 453, 0.9850879387182391, 0.9842492046428554, 0.9600490804490919
student, 772, 0.752775250951917, 0.9994470621706971, 0.9988261529937482
student, 53, 0.9967000092714522, 0.9961985545740513, 0.9439545642738725
student, 612, 0.9876052662145806, 0.9895548418278264, 0.9612195873638939
student, 94, 1.0, 1.0, 1.0
student, 207, 0.995672900673979, 0.982962956555127, 0.9924370048824487
student, 178, 0.990994991809107, 0.9925210093516675, 0.9039628037313311
student, 92, 1.0, 1.0, 1.0
student, 479, 0.9976697514371973, 0.9990278072534113, 0.9628971243684676
student, 101, 0.9941693455572618, 0.9968758107631285, 0.8706170643892759
student, 271, 0.9952999622194008, 0.995692174269487, 0.8078774719276203
student, 512, 0.7958107296710192, 0.9972083692403454, 0.9965860703913099
student, 769, 0.6574447785094112, 0.8676110550068998, 0.9981470040003686
student, 345, 0.9977435453965949, 0.7485392879023337, 0.9978050631554636
student, 507, 0.9961618703888685, 0.9940522020279973, 0.9812872221137954
student, 461, 0.9364130823025713, 0.9949000195661584, 0.9930685730545059
student, 257, 0.987075408697714, 0.9867383319895828, 0.9004459178659582
student, 531, 0.9980305445106922, 0.9992439518237206, 0.9176702661231781
student, 690, 0.9976858468820193, 0.9975634201605793, 0.9692389263939728
student, 618, 1.0, 1.0, 0.9440094684733723
student, 63, 0.9955961996511358, 0.9954941514057024, 0.7352555236501164
student, 281, 1.0, 0.807506737469959, 1.0
student, 370, 0.9946515931089489, 0.9918161703902318, 0.9195374683690302
student, 569, 0.932174969747761, 0.9969278924923763, 0.9231469062891138
student, 346, 0.9980271342029644, 0.9983838312790542, 0.9652702578627154
student, 187, 0.9942117583694035, 0.9957641488603246, 0.7543650734179111
student, 698, 0.9900691176085962, 0.9916121152726344, 0.8563463482579277
student, 789, 0.9984606620402792, 0.9987088978780257, 0.9651313724797745
student, 798, 0.996481356107484, 0.9856667605153326, 0.9973236119157499
student, 723, 1.0, 1.0, 0.9757633792433873
student, 302, 1.0, 1.0, 1.0
student, 803, 0.995612341648036, 0.9948328367159851, 0.9548611752674487
student, 360, 0.9904880788864651, 0.989156662063356, 0.9363445751241462
student, 55, 0.9921044804375198, 0.991605163175325, 0.9310474138576776
student, 195, 0.9811651822133668, 0.9965177220258269, 0.9955988424783522
student, 250, 0.9402584802394667, 0.971786827270782, 0.9869709989310386
student, 48, 1.0, 1.0, 0.4448580525548727
student, 546, 1.0, 1.0, 1.0
student, 218, 0.9933195392746299, 0.9929755677396406, 0.9878717321851612
student, 343, 0.9924554498512844, 0.9933740608304891, 0.9930441051590699
student, 184, 0.9989994460762907, 0.9949717910135096, 0.7287160959327936
student, 416, 0.9837499431342613, 0.965756317455912, 0.9862392261824455
student, 548, 0.9921930250772794, 0.9963450715538205, 0.9962366088241406
student, 716, 0.9980435319617456, 0.9986223029652279, 0.9530757765154666
student, 549, 1.0, 1.0, 0.9903977946555002
student, 542, 0.9958072452764565, 0.9927203713528876, 0.961801181581865
student, 181, 0.9909944642395476, 0.9905850143261907, 0.8791331046449167
student, 135, 0.9973681554696672, 0.9905513942901265, 0.9000716958887346
student, 434, 0.9535520089771862, 0.9886024439423545, 0.987932970719589
student, 538, 0.9930727765829929, 0.9939092380237999, 0.9208729216462158
student, 98, 0.9867725876142852, 0.99230560583724, 0.7232890605033194
student, 562, 0.9998317878955175, 0.99984305690912, 0.9010765373475587
student, 293, 0.9933398424209685, 0.9914815705596598, 0.977254240826134
student, 580, 1.0, 1.0, 1.0
student, 193, 0.9969064425513235, 0.9968953643356387, 0.8613628405777634
student, 164, 0.989292930772407, 0.9877907212383921, 0.9571962210522516
student, 301, 1.0, 1.0, 0.6421260497363647
student, 510, 0.9623750755313202, 0.9943334160164397, 0.9972522738002847
student, 408, 0.9893156378239603, 0.9996257446363226, 0.8250454840959072
student, 516, 0.9873866885904954, 0.9940466469518611, 0.9909884674812178
student, 832, 0.9966825569036539, 0.9768171509557478, 0.998225724198769
student, 253, 0.9877898390244407, 0.9880432557899156, 0.8363360423875443
student, 282, 0.9610348387682568, 0.9902458843628822, 0.9972589388483332
student, 114, 0.9835300937858962, 0.9921003946360614, 0.9923965245134913
student, 210, 0.9880333493752559, 0.9930621383664477, 0.9006178596810422
student, 142, 0.9861931865307538, 0.9827144571090485, 0.8417032705966522
student, 355, 0.99590135918201, 0.9999579910503701, 0.9871603030816857
student, 116, 1.0, 0.9957897641880904, 0.8927224862704205
student, 720, 0.9911198876549718, 0.9937578997774069, 0.9603946238920097
student, 93, 0.9988108735830951, 1.0, 0.9860849462974834
student, 420, 0.988275288532165, 0.9905320095059077, 0.9633797875650533
student, 200, 0.9973114274915044, 0.9980134145617087, 0.9912776755095346
