item, 1 x 1, 0.43825227454693255, 0.9953077578227038, 0.4209121191098817
item, 1 x 10, 0.41164089432146855, 0.997672913695451, 0.5288278974809401
item, 1 x 2, 0.999881021589825, 0.9838351678179185, 0.40378989968667084
item, 1 x 3, 0.8433178191475079, 0.688218879354289, 0.3375922436612323
item, 1 x 4, 0.5790853792117183, 0.9961495618520614, 0.0004838873320520263
item, 1 x 5, 0.9172688239505067, 0.706873136243569, 0.00045165171003324104
item, 1 x 6, 0.7650697666992056, 0.639458179886461, 0.447666491319433
item, 1 x 7, 0.7106332784137189, 0.6254419635191572, 0.40623625899433474
item, 1 x 8, 0.6143227812609727, 0.6675870113647843, 0.5342254112656597
item, 1 x 9, 0.4953104252572708, 0.7353351732096237, 0.0011368902088182327
item, 10 x 1, 0.9942099876863436, 0.9947174072469165, 0.5893978562016303
item, 10 x 10, 0.8591349555191913, 0.9722079497750051, 0.544680476014528
item, 10 x 2, 0.8270257234665933, 0.715551393576931, 0.613490065324087
item, 10 x 3, 0.5491681640019667, 0.725254112566313, 0.5197111743732747
item, 10 x 4, 0.4920345405379271, 0.6724525800760791, 0.5054196615699583
item, 10 x 5, 0.9983246935000883, 0.6889606293852535, 0.4168856028935529
item, 10 x 6, 0.5836506523606219, 0.8380904488709418, 0.6789688614642433
item, 10 x 7, 0.9909423413899356, 0.6280831153550805, 0.5364950546965701
item, 10 x 8, 0.6513486787184687, 0.9952390402161996, 0.6945338495231315
item, 10 x 9, 0.6431828189770102, 0.8437805860414884, 0.47895087937545794
item, 2 x 1, 0.4508154439241102, 0.8831004052317509, 0.352222344865114
item, 2 x 10, 0.7662452797099446, 0.6750687390017707, 0.667351943643467
item, 2 x 2, 0.35163914884439723, 0.6866237164487206, 0.3906411633785045
item, 2 x 3, 0.8107621770648415, 0.9851969875080197, 0.3384554485425801
item, 2 x 4, 0.9877273224672043, 0.6306662758630364, 0.512294646455061
item, 2 x 5, 0.035429195458964294, 0.9864492534072814, 0.7089635351925084
item, 2 x 6, 0.04444789859164643, 0.999792503400272, 0.7560915508175329
item, 2 x 7, 0.7168450613719525, 0.799770920661513, 0.5638753433759666
item, 2 x 8, 0.9965871435816971, 0.5901863895454728, 0.8712545215323076
item, 2 x 9, 0.3601994535754081, 0.9991726616666672, 0.8063900580194167
item, 3 x 1, 0.5875729194626643, 0.7342795646484919, 0.4756758438032079
item, 3 x 10, 0.7383439535186008, 0.7076437634807689, 0.6993684544893188
item, 3 x 2, 0.9981704489491557, 0.6849139869181754, 0.03630025854573629
item, 3 x 3, 1.0, 0.9981181083128986, 0.49263685938980634
item, 3 x 4, 0.5604232024190948, 0.9976909400503899, 0.5989617874398987
item, 3 x 5, 0.9995238280162954, 1.0, 0.6968733508273891
item, 3 x 6, 0.9969208411637236, 0.9992915952405274, 1.0
item, 3 x 7, 0.7593181160367248, 0.9996169587439966, 0.9595064909767893
item, 3 x 8, 0.9857983592696968, 0.9986726787194196, 0.9969776217519837
item, 3 x 9, 1.0, 1.0, 0.9979847097142128
item, 4 x 1, 0.8213681582487633, 0.999107214817779, 0.4140977988866354
item, 4 x 10, 0.6716608567970949, 0.9976050140030248, 0.4235089379222817
item, 4 x 2, 1.0, 0.6453617987103957, 0.36598818097130686
item, 4 x 3, 0.9970516436188821, 0.9999982328919803, 0.997116207069105
item, 4 x 4, 0.9498832955395983, 0.6182861339052392, 0.9993822055374453
item, 4 x 5, 0.8890140054568832, 0.942842980423885, 0.7059016935692713
item, 4 x 6, 0.9913873803841586, 0.6136529618531296, 0.8605919683471427
item, 4 x 7, 0.9987597277596939, 0.9657685626807556, 0.999724484721448
item, 4 x 8, 0.9949227904807953, 0.6230819755562728, 1.0
item, 4 x 9, 0.9570354219085013, 1.0, 1.0
item, 5 x 1, 0.4706568347842288, 0.8458122531291028, 0.21318079552974206
item, 5 x 10, 0.4070122750730979, 0.7132321617156016, 0.6902005269009497
item, 5 x 2, 0.999674890780186, 0.9256545737778894, 0.3371573627981877
item, 5 x 3, 0.5658584122745319, 1.0, 0.8950503760453659
item, 5 x 4, 0.056210384418773345, 0.6950445020592302, 0.8736256672535352
item, 5 x 5, 0.9961031615974724, 0.6562837901938874, 0.8119051786418479
item, 5 x 6, 0.524891125161044, 0.6028759558185498, 0.9545648477935197
item, 5 x 7, 0.9906289348825527, 0.5110617913041597, 0.8954409292724862
item, 5 x 8, 0.9988846749579371, 0.6354487832435997, 0.7411061368025917
item, 5 x 9, 0.2964872205344386, 0.9975423330202068, 1.0
item, 6 x 1, 0.4767381923733336, 0.9722680653882131, 0.3702506145982629
item, 6 x 10, 0.8469781184027649, 0.9487167241358979, 0.30921421698028106
item, 6 x 2, 0.9986506280490858, 0.6255388912600602, 0.7626637028331094
item, 6 x 3, 0.9962055843492449, 0.9971004636271068, 1.0
item, 6 x 4, 0.9999315440283422, 0.9997771978317523, 1.0
item, 6 x 5, 0.9999328803760522, 0.6588951228493529, 0.6351982636046757
item, 6 x 6, 1.0, 0.5401467098381855, 0.9999741094803078
item, 6 x 7, 0.6763825717430403, 0.9986450071324493, 1.0
item, 6 x 8, 1.0, 0.8609942999911087, 1.0
item, 6 x 9, 0.9985247618807506, 0.9997661733849796, 1.0
item, 7 x 1, 0.8563961983396623, 0.8423267207224286, 0.12434725407476917
item, 7 x 10, 0.5756188527416485, 0.8974288245579997, 0.617587536670907
item, 7 x 2, 0.996710405504277, 0.7322673966114451, 0.79693552293602
item, 7 x 3, 0.9947205542933907, 0.6296434996523984, 0.9999690348707365
item, 7 x 4, 1.0, 0.9048776250393347, 1.0
item, 7 x 5, 0.9979887912285825, 1.0, 0.9442365970231541
item, 7 x 6, 0.9974068057719261, 0.9989003839276888, 1.0
item, 7 x 7, 1.0, 0.9984067607878176, 0.9995359401817804
item, 7 x 8, 0.9997724660918159, 1.0, 1.0
item, 7 x 9, 0.6743487470092913, 0.5575819485344174, 1.0
item, 8 x 1, 0.46982073799104535, 0.7933430828735124, 0.16473445057412042
item, 8 x 10, 0.8914622977774185, 0.6600961469850404, 0.5294549956222245
item, 8 x 2, 0.9985120908157149, 0.5966312638000768, 0.9820042563393168
item, 8 x 3, 0.25055311497878846, 0.9932002612037608, 0.999253007350928
item, 8 x 4, 0.9937195682715858, 0.9992327952658758, 1.0
item, 8 x 5, 0.9995867420750404, 0.7987739828994564, 0.7796777253883544
item, 8 x 6, 0.9923044261632585, 1.0, 1.0
item, 8 x 7, 0.9973035439077985, 0.9995331274242195, 1.0
item, 8 x 8, 1.0, 0.6098979099833987, 0.997611473865561
item, 8 x 9, 0.904537061001547, 0.762686635020045, 1.0
item, 9 x 1, 0.4882136361009317, 0.8846489913078107, 0.5120388934867277
item, 9 x 10, 0.4319067095724244, 0.997533853635568, 0.40601166837246844
item, 9 x 2, 1.0, 1.0, 0.4704523950437046
item, 9 x 3, 0.2574928551277217, 1.0, 1.0
item, 9 x 4, 0.9916497865009821, 0.6441330866182075, 1.0
item, 9 x 5, 0.9439126616102217, 0.930373695407567, 0.7782031977623809
item, 9 x 6, 0.623345461403343, 0.9985902449636956, 1.0
item, 9 x 7, 0.659259476800531, 1.0, 0.9991828841729826
item, 9 x 8, 0.9971039549699835, 0.8345876346979461, 0.8230102317839776
item, 9 x 9, 0.4954071973561293, 0.8010830357558959, 0.9635195017145736
student, 203, 1.0, 1.0, 1.0
student, 560, 1.0, 1.0, 0.7970289778312465
student, 580, 1.0, 1.0, 1.0
student, 452, 0.7086024371228553, 0.9996084420963458, 0.9996683474815373
student, 468, 1.0, 1.0, 0.8323190607775659
student, 267, 0.8762131287662067, 0.999634231834009, 0.9995925640241268
student, 412, 1.0, 1.0, 1.0
student, 515, 1.0, 1.0, 1.0
student, 74, 0.9987749992081145, 1.0, 0.8776042789450123
student, 202, 0.997510880210358, 0.9948324827517611, 0.6681356168747746
student, 216, 1.0, 1.0, 1.0
student, 363, 0.831346615030449, 0.9999794045000912, 0.9963393997480791
student, 245, 0.9941129456691321, 0.9972297831925845, 0.9611891268970859
student, 640, 1.0, 1.0, 0.6551174909651136
student, 221, 1.0, 1.0, 1.0
student, 375, 0.6704979044488106, 1.0, 1.0
student, 647, 0.9944243441277215, 0.8901763836331387, 0.9943470677238923
student, 255, 0.9934118550198079, 0.997247749325075, 0.9266334515010666
student, 52, 1.0, 1.0, 1.0
student, 706, 1.0, 0.9996044129993578, 0.88382715667257
student, 182, 0.9987398524901726, 0.9992033519271873, 0.9108511770367086
student, 251, 0.9149925319957846, 1.0, 0.9070724837823575
student, 557, 1.0, 1.0, 1.0
student, 275, 0.9950032854346539, 0.9832637742741986, 0.9851278070668231
student, 367, 1.0, 1.0, 0.6065703489700262
student, 243, 0.9977601219456073, 0.9988868620088404, 0.8689173453758722
student, 53, 0.9985558312618319, 0.9992794319760392, 0.919703277182213
student, 641, 0.9983585602656896, 0.9768506521223363, 0.9964672961767875
student, 783, 0.9737607318477982, 0.9988841245853289, 0.7680080760988284
student, 703, 0.9813339573205436, 0.9954436437360942, 0.9710181719756563
student, 247, 0.9735501281889094, 1.0, 0.9846334743321352
student, 451, 0.9956680435119631, 0.9939939886718419, 0.9527427526157006
student, 420, 0.9951123985378755, 0.9950026682616713, 0.9740899295025115
student, 61, 0.9421493949227169, 0.9977020995395404, 0.9334055052141271
student, 54, 0.9815113392610353, 0.9961836629649982, 1.0
student, 432, 0.914941271483559, 0.9953521908916223, 0.9982649945409606
student, 757, 1.0, 1.0, 0.7285271625011078
student, 77, 0.9803477780125395, 0.998523535994414, 0.9082825781370699
student, 481, 1.0, 1.0, 0.680380813401947
student, 99, 0.8097083448033103, 0.9974660176551496, 0.9975330472817313
student, 591, 1.0, 1.0, 1.0
student, 118, 1.0, 1.0, 1.0
student, 639, 0.999742651083862, 0.8918044392175449, 0.9997964417783072
student, 671, 0.49973421907240756, 1.0, 1.0
student, 386, 0.9957485086000485, 0.9988736294233758, 0.9694044044232535
student, 546, 1.0, 0.9725636817859931, 0.768166796103286
student, 115, 1.0, 1.0, 1.0
student, 142, 0.8818948708474185, 1.0, 0.9973830545829329
student, 195, 0.9983467481870192, 0.998794448473286, 0.7948829848683506
student, 75, 0.9970347016772692, 0.9977229508440021, 0.9539465376677566
student, 667, 0.9975898912325096, 1.0, 0.8673951893143225
student, 157, 0.9030780607447547, 0.9967887727381453, 0.998637000459238
student, 457, 0.980308854596355, 0.996332433878394, 0.9389790068760278
student, 249, 0.9995249899729306, 0.9989978255223959, 0.8070513537873851
student, 390, 0.9993110549139643, 0.9738364229092692, 0.9808562010159452
student, 133, 0.9927052134648505, 0.9873366829609173, 0.8569950243534366
student, 262, 0.9661075828397956, 0.9979249026204918, 0.9961663188700415
student, 489, 0.9937189330593634, 0.9938097574268728, 0.951847235736923
student, 569, 1.0, 1.0, 1.0
student, 273, 1.0, 1.0, 0.7399307854983734
student, 473, 1.0, 1.0, 0.6011944516836525
student, 688, 0.9969684080621951, 0.904265583215168, 1.0
student, 764, 0.9599099577630038, 0.9949628476891046, 0.9645326246049476
student, 692, 1.0, 1.0, 0.8281498762149607
student, 84, 1.0, 1.0, 1.0
student, 606, 1.0, 1.0, 1.0
student, 353, 1.0, 0.9990031082774946, 0.685183283549246
student, 135, 0.9978158135389582, 0.9957049067804283, 0.8760372591472139
student, 544, 0.9404748060534615, 0.9990570406044422, 1.0
student, 184, 1.0, 0.9219081526031221, 0.9999723154396617
student, 248, 1.0, 1.0, 0.7530532970075361
student, 301, 1.0, 1.0, 1.0
student, 576, 0.9711382810559545, 0.9914565763314787, 0.9847572214669755
student, 634, 0.9271395444258206, 0.9992277587999839, 0.9878417077432992
student, 748, 0.9982097248478531, 0.9985634278552689, 0.8390725978037756
student, 193, 0.9730046821796263, 0.9993174718441481, 0.877253785681369
student, 517, 1.0, 1.0, 1.0
student, 523, 0.9928286671402159, 0.9928154190042607, 0.934507677891249
student, 696, 0.9098506964837024, 1.0, 0.9991442226042521
student, 781, 0.9845769806765254, 0.9975431084755526, 0.9112465911862199
student, 518, 1.0, 0.42494455542460435, 1.0
student, 463, 0.9997745499594533, 1.0, 0.5799955386300955
student, 366, 0.998423476141077, 0.9862987138716292, 0.9698704414865693
student, 358, 0.9997839292602968, 0.9670670986935146, 0.9980007123833945
student, 661, 0.9968995649744785, 0.9591864657180633, 0.9957704104155816
student, 158, 1.0, 0.9984818892382609, 0.8825113834401359
student, 307, 1.0, 1.0, 1.0
student, 196, 1.0, 1.0, 0.7351007533551928
student, 241, 0.9997293604866034, 0.9986599012728772, 0.8429043157858696
student, 612, 1.0, 1.0, 0.8678803492896254
student, 259, 0.9457538454340098, 0.9981689160025781, 0.9142131201744884
student, 288, 0.9971906395061273, 0.90442968082495, 0.9993074147587774
student, 476, 0.9424564242448954, 0.9971819211663778, 0.9999617872728062
student, 440, 0.998036946228232, 0.9871359794055579, 0.9999794719683146
student, 152, 0.9561044663027899, 0.9995932049669374, 0.9604880710559339
student, 791, 1.0, 1.0, 0.9238889426535065
student, 758, 0.995134715945716, 0.9929059507569508, 0.8299054533562549
student, 477, 1.0, 1.0, 1.0
student, 720, 0.9983788856854586, 0.995994979969678, 0.8655888625376158
student, 565, 0.7548803278160491, 1.0, 0.9988001983478204
student, 285, 1.0, 1.0, 0.5530603413181168
student, 344, 1.0, 1.0, 1.0
student, 577, 0.9957905615660962, 0.9978391368092263, 0.8194877538835572
student, 755, 1.0, 1.0, 1.0
student, 284, 0.8006032709316193, 0.9995336743972217, 0.9999095303015632
student, 27, 0.9993276458128799, 0.9999623318491442, 0.8504835147787817
student, 279, 1.0, 1.0, 1.0
student, 212, 1.0, 1.0, 1.0
student, 183, 0.7358285589964867, 0.9999095570294074, 0.9995625378068155
student, 210, 0.6934198345427558, 0.9968089125851076, 0.9958741844689682
student, 204, 0.7903776022446581, 1.0, 0.9998835387918642
student, 453, 1.0, 0.9974512659140694, 0.9678353132612839
student, 478, 0.9986818142758495, 0.9995244601281534, 0.8788866496391301
student, 65, 1.0, 1.0, 1.0
student, 545, 1.0, 1.0, 1.0
student, 404, 1.0, 0.9164870117741961, 0.9549462236979076
student, 145, 0.9983223870693017, 0.9401332271152161, 0.9988858550844101
student, 194, 0.8573490590934099, 0.9990064678545575, 0.9993401035558976
student, 362, 0.9965079893207255, 0.9967367527564601, 0.9372785481639262
student, 832, 1.0, 1.0, 1.0
student, 219, 0.9646878922155409, 0.9867031404419216, 0.9962885530475815
student, 754, 0.9998113147520851, 1.0, 0.7151981570243151
student, 134, 0.9972538822966373, 0.9978040323298124, 0.9694683345495614
student, 519, 0.972801941519979, 0.9986915067048582, 0.9533507796719376
student, 637, 0.9975341093990503, 0.9983382254570137, 0.8913566802901238
student, 713, 1.0, 1.0, 1.0
student, 736, 0.9930247929861719, 0.9915257541621948, 0.854441629113062
student, 788, 0.9970121793690742, 0.9988563016069949, 0.6852509622489061
student, 746, 0.856237069380907, 1.0, 0.9982994513290291
student, 206, 0.9994687377906908, 0.9996836985071453, 0.7990941421845434
student, 773, 0.989131894583362, 0.9958621669511422, 0.9829282440303043
student, 643, 1.0, 1.0, 0.7808705862657308
student, 682, 1.0, 1.0, 1.0
student, 739, 0.9973705590619385, 0.9984982578256623, 0.7369181008737286
student, 654, 0.7547197988241205, 1.0, 0.9986412101153957
student, 735, 0.9977037684159629, 0.9966921573783678, 0.8514011255095246
student, 160, 1.0, 1.0, 1.0
student, 727, 1.0, 1.0, 1.0
student, 648, 0.9320398118342813, 0.9974522044673326, 0.9724733550327089
student, 137, 1.0, 0.9059257725548833, 1.0
student, 669, 1.0, 0.9988841127497198, 0.9121786919673274
student, 592, 1.0, 1.0, 1.0
student, 292, 1.0, 0.9885457458523504, 0.7821521071703438
student, 426, 0.9881811411747233, 0.9736297761505763, 0.995502190445593
student, 119, 0.9148888242659714, 0.9994543395222669, 0.9999116978173864
student, 604, 0.9998415367209266, 1.0, 0.7760635060224426
student, 143, 0.9582908864503514, 0.993584221958922, 0.9938062688307501
student, 622, 0.9734961273762008, 0.9986114919695123, 0.9348440335620808
student, 286, 0.9957254607100956, 0.9968888824371919, 0.8681686299985385
student, 645, 0.9872275187760913, 0.9964252150827727, 0.9962131311781145
student, 651, 0.9977428244823466, 0.9131597276331604, 0.9997034308779782
student, 128, 0.9999999999999998, 1.0, 1.0
student, 319, 0.7476543412862727, 1.0, 0.9978764497014607
student, 464, 0.8456284060242426, 0.9998294305851674, 0.999465744264155
student, 456, 0.999860836000752, 1.0, 0.904372488328996
student, 331, 1.0, 1.0, 1.0
student, 644, 1.0, 0.9993094050669368, 0.9207366301449416
student, 140, 0.9988202565435212, 0.9989905981140991, 0.7570805372383419
student, 407, 1.0, 0.998240735749605, 0.9855037069056556
student, 141, 1.0, 0.8386838078606259, 0.9983407421460937
student, 170, 1.0, 1.0, 0.35547733716849533
student, 201, 0.9904367345157961, 0.9990193289705317, 0.8297310765364329
student, 721, 1.0, 1.0, 1.0
student, 139, 1.0, 0.8953294165228827, 1.0
student, 460, 0.9990351954729907, 0.9926453461674739, 0.6212811645039771
student, 787, 1.0, 0.9971268394322728, 0.9565129214818499
student, 461, 0.9378023148191984, 0.9971977611794887, 0.9268482619566301
student, 283, 0.8908813758972418, 0.9997666009392996, 0.9996066324512194
student, 186, 1.0, 0.9999999999999999, 1.0
student, 614, 0.9990874214023765, 0.999316326084246, 0.8519680128964179
student, 125, 0.9983204421999219, 0.9984240174269287, 0.9522990725027908
student, 293, 0.9466476142039627, 0.998293413707377, 0.9991819542608692
student, 408, 0.9997865448162386, 0.9694436365823893, 0.8718967119172404
student, 562, 1.0, 1.0, 1.0
student, 623, 1.0, 0.9989188443178207, 0.956120801466329
student, 373, 0.9993781088960458, 0.8637630601530385, 0.921528061084863
student, 610, 1.0, 0.9998144224961357, 0.5300553386742307
student, 626, 1.0, 1.0, 0.7449445219047227
student, 550, 1.0, 1.0, 1.0
student, 156, 1.0, 1.0, 0.6175140218872032
student, 169, 0.9991312731040553, 1.0, 0.8443678504663343
student, 448, 0.9995714294810812, 0.9984863092798103, 0.9330811722723354
student, 396, 1.0, 1.0, 1.0
student, 31, 0.9985257330227971, 1.0, 0.8778284341227377
student, 280, 1.0, 1.0, 1.0
student, 91, 0.9942049134211774, 0.9962450531703732, 0.8616453151786144
student, 339, 1.0, 1.0, 0.6800899477815338
student, 436, 0.9999063051905973, 0.999669783781346, 0.6739699620765957
student, 745, 0.9924298265162262, 0.9981691133506826, 0.753632802664432
student, 507, 0.9951692435982709, 0.9949204239003433, 0.9778266894484143
student, 520, 1.0, 1.0, 1.0
student, 361, 1.0, 1.0, 0.5737936913216641
student, 220, 1.0, 1.0, 1.0
student, 471, 1.0, 1.0, 1.0
student, 613, 1.0, 1.0, 0.5741965834028094
student, 553, 1.0, 1.0, 1.0
student, 377, 1.0, 1.0, 1.0
student, 93, 1.0, 1.0, 1.0
student, 459, 1.0, 1.0, 1.0
student, 26, 0.9991964668056138, 0.9978024000740727, 0.8711121758051378
student, 485, 0.83843435803417, 0.99938785756889, 0.9410247696371472
student, 536, 1.0, 1.0, 1.0
student, 116, 1.0, 1.0, 1.0
student, 250, 0.9966033024543663, 1.0, 0.7879549865955291
student, 359, 1.0, 0.9994183189884781, 0.71896142282002
student, 514, 0.9457703190040747, 0.9997282945872372, 0.9419319619589623
student, 256, 0.9969478908615482, 0.9932733712567514, 0.9376379446775591
student, 533, 1.0, 1.0, 0.8238117935467143
student, 438, 1.0, 1.0, 1.0
student, 239, 1.0, 1.0, 0.3515113980010497
student, 329, 1.0, 0.9317174558635367, 1.0
student, 281, 0.800697235691743, 0.9988528029985829, 0.9990483500128436
student, 570, 1.0, 1.0, 0.4554307946023053
student, 382, 1.0, 1.0, 1.0
student, 424, 1.0, 1.0, 1.0
student, 122, 0.9743026342051553, 1.0, 0.9994964000264563
student, 608, 0.9218253934141277, 0.9935530574370081, 0.9536554118862947
student, 132, 0.918725454905259, 1.0, 0.975450234213933
student, 710, 0.9459745192789956, 0.998166651980401, 0.9483539035921739
student, 729, 1.0, 1.0, 1.0
student, 771, 1.0, 1.0, 0.821301013946206
student, 798, 0.9999087282026419, 0.9954471080736796, 0.9706317441004496
student, 563, 1.0, 1.0, 1.0
student, 698, 0.9980079216466489, 0.9969811921994535, 0.9120534225613603
student, 708, 1.0, 0.9991045305673476, 0.9026327594379197
student, 716, 0.9767723788875313, 0.9984649360573504, 0.9792314251623301
student, 605, 0.7671544090288097, 0.9986355302633645, 0.997197720467454
student, 750, 0.997962355533545, 0.993323569680723, 0.9248797062738551
student, 611, 0.9935963637011713, 1.0, 0.39718023899009164
student, 89, 1.0, 1.0, 1.0
student, 685, 0.9088401544053583, 0.9998045011772523, 0.999056020077426
student, 28, 0.9992037356933153, 0.9374884819798706, 0.9986006651901681
student, 21, 1.0, 1.0, 1.0
student, 384, 0.9567731533380428, 0.998748990677429, 0.9435882996579916
student, 48, 0.9994210631021109, 1.0, 0.724838897260243
student, 268, 0.999505767509127, 0.9998729817250817, 0.7365062620518688
student, 638, 0.9966896428008801, 0.9971142054206147, 0.9209357616777868
student, 107, 0.9993152584370362, 0.9986006509186798, 0.8350206763752631
student, 767, 1.0, 1.0, 1.0
student, 155, 0.9723414378459173, 0.9972227660882709, 1.0
student, 394, 0.9976335520749025, 0.9682929002321923, 0.9801864123785549
student, 211, 0.9362183787617718, 1.0, 0.8546789391454168
student, 66, 0.7500721526080275, 0.9995772888302462, 0.998932250153678
student, 192, 1.0, 1.0, 0.6093210891652762
student, 677, 0.8098727118338309, 0.999720827352419, 1.0
student, 505, 0.8389804524804806, 0.9998608491185846, 0.9409356045224305
student, 499, 1.0, 1.0, 0.7631299864457151
student, 556, 1.0, 1.0, 1.0
student, 742, 0.9788001162408463, 1.0, 0.9187184170952789
student, 76, 0.9956571082836574, 0.9965749480634714, 0.9771357146175463
student, 222, 0.8316682621714736, 0.9591641361256157, 0.9997895824201676
student, 335, 0.788400014273911, 1.0, 1.0
student, 528, 0.9992256461276577, 0.9999959585353451, 0.8110079855517132
student, 711, 0.9228992883198078, 0.9980145946413584, 0.9976688522821768
student, 175, 0.999119258301023, 1.0, 0.87671457564267
student, 655, 0.8944450976170617, 0.9998986813558213, 0.9996726934922882
student, 552, 1.0, 1.0, 1.0
student, 96, 1.0, 1.0, 1.0
student, 161, 0.9957671808292865, 0.9957001644604306, 0.9680556761625861
student, 200, 0.9243915270841875, 0.9897426875256252, 0.9471731768011432
student, 252, 0.9553351101608265, 0.9978699045489178, 0.9550832685572365
student, 98, 0.9238474257461785, 0.9981371669804991, 1.0
student, 749, 1.0, 1.0, 0.5082677946914318
student, 579, 1.0, 0.7232077509838241, 0.7869407761808094
student, 398, 1.0, 1.0, 1.0
student, 100, 0.9969992390914066, 0.9999179211406284, 0.8981698749196835
student, 166, 0.8438464523341812, 0.9989438462567871, 0.9986250306165024
student, 470, 0.9997274432479175, 0.892364387892519, 0.9993612026260438
student, 296, 1.0, 1.0, 0.6204356370679116
student, 674, 0.9991563144016856, 0.9988080948102601, 0.8290747787377886
student, 785, 0.9977432990483464, 0.9991824147449866, 0.8592441157126424
student, 32, 0.9610930045562307, 1.0, 1.0
student, 233, 0.9765888168329456, 0.9942353868667061, 0.9957105738340908
student, 777, 0.9884900991453844, 0.9450327201848372, 0.9891731817510757
student, 538, 0.9958110657347932, 0.9015477011910773, 0.9962288855910053
student, 164, 0.9930572944995023, 0.9649151397671549, 0.993753113618727
student, 167, 0.9958796250439812, 1.0, 0.9464666730078147
student, 242, 0.9967125692296147, 0.9946004176950193, 0.8362733415057463
student, 738, 0.9966766545946868, 0.9981769447647129, 0.9560069739821584
student, 198, 1.0, 0.9905353638942062, 0.9132294604520496
student, 568, 1.0, 0.9970175670006985, 0.9251492189377274
student, 410, 0.9998975056474434, 1.0, 0.8319891782008305
student, 144, 1.0, 0.9540845606594782, 0.935729491836081
student, 740, 0.9774041969505615, 0.9991172313137469, 0.9020759962859585
student, 333, 0.702940495939642, 1.0, 1.0
student, 531, 0.9982033464390908, 0.9755900661827794, 0.9973633367743452
student, 172, 0.9937106829931301, 0.9938745230793786, 0.8508869922915092
student, 129, 1.0, 1.0, 0.6340843266378561
student, 525, 0.9964687936158473, 0.9965040031484189, 0.9765100527114442
student, 775, 0.9931726377016818, 0.9202796814544604, 0.9698237224904357
student, 819, 1.0, 1.0, 1.0
student, 223, 1.0, 1.0, 1.0
student, 208, 0.992093202338449, 0.9924798179276372, 0.8467283790578255
student, 714, 0.9784565063143376, 0.994689143579191, 0.946964046635417
student, 30, 1.0, 1.0, 1.0
student, 693, 0.9987309936505426, 0.9989976087345196, 0.7642166916823667
student, 697, 0.9993544241275265, 0.9999869410442381, 0.8631525065940916
student, 264, 0.9599752537649543, 0.9936157422471035, 0.9770006812640378
student, 475, 0.7412393004866452, 0.9999166065178455, 0.9992380663631905
student, 154, 0.9230313494694566, 0.9918375559449125, 0.9741092295342952
student, 334, 0.9602131104235173, 0.9994186307678106, 1.0
student, 97, 1.0, 1.0, 1.0
student, 617, 0.9965774179500749, 0.995005660260486, 0.7698685911929589
student, 105, 0.8126386432801399, 0.9997018326848778, 1.0
student, 790, 0.9872907776918712, 0.99809035136752, 0.9697598341170105
student, 150, 1.0, 1.0, 1.0
student, 539, 0.9979234620572437, 0.9312803692723245, 0.9996515785716792
student, 159, 0.9787770069768145, 0.9949705179405526, 0.9966271185258319
student, 690, 0.9763351017411748, 0.9921724610518113, 0.962295599529534
student, 345, 1.0, 1.0, 1.0
student, 465, 0.9973363885722684, 0.9993708686540689, 0.8664342146218693
student, 743, 0.9996149792784881, 0.9985866777641357, 0.8595459404155391
student, 374, 1.0, 1.0, 0.7765051572290379
student, 114, 0.9995276195711861, 0.9998476884692354, 0.8107625857995494
student, 126, 0.9994534463416482, 0.8686996501969868, 1.0
student, 171, 1.0, 1.0, 1.0
student, 49, 0.9880254174663979, 0.99739154828461, 0.964354098938957
student, 449, 0.5473684010575053, 1.0, 0.9991654160909057
student, 621, 0.7765538448379665, 1.0, 0.9665674431250736
student, 650, 0.9993009566799244, 0.9997283298112913, 0.6915901783918524
student, 503, 1.0, 0.9994429891074006, 0.6169523692080532
student, 670, 0.9999962963129129, 0.6764470601241901, 0.8810420107697947
student, 354, 0.5929091806541006, 1.0, 1.0
student, 578, 0.8118138395190342, 0.9981668655792328, 0.9993572135519363
student, 776, 0.9976142149463353, 0.9999791545155678, 0.8766571074376893
student, 554, 0.9261694368906223, 0.9980755746409073, 0.9996938503480255
student, 103, 0.9994137980152814, 0.9987102616530006, 0.8431666458038832
student, 549, 1.0, 1.0, 1.0
student, 522, 0.9962451973718617, 0.950461416660153, 0.9891935609705423
student, 733, 0.9966486624660317, 0.9949798028499273, 0.9337230390240046
student, 321, 1.0, 1.0, 1.0
student, 238, 1.0, 0.6139037287568485, 0.9944225302085987
student, 487, 1.0, 1.0, 0.6408645163554524
student, 784, 0.9994798592195474, 0.9995070371092362, 0.8478795958106288
student, 168, 0.897440341211298, 0.9930064527248943, 0.9982758183068808
student, 177, 0.9459735932101537, 0.99634148516658, 0.999078838334857
student, 663, 0.999663375590048, 0.9998376134014358, 0.9283334489231359
student, 380, 1.0, 1.0, 1.0
student, 529, 1.0, 0.9832462738089374, 0.903303420066482
student, 574, 0.9992523866392785, 0.9995340255030217, 0.7615784874859
student, 50, 1.0, 0.9963472738733641, 0.9327667941278756
student, 308, 0.9987070097452465, 0.9664199828012667, 1.0
student, 467, 1.0, 0.951407452323807, 0.9656527818730412
student, 55, 1.0, 1.0, 0.22635441682163762
student, 725, 0.9996036135674603, 1.0, 0.7051780750267203
student, 747, 0.9998186371627295, 0.9999418891606491, 0.6055618232173694
student, 364, 1.0, 0.9992273224484575, 0.9105312986327547
student, 602, 0.9999093088431253, 0.9998997925256274, 0.8422044191473295
student, 29, 0.9984710839072776, 0.9984711576504617, 0.9918195966140456
student, 165, 0.9790986043874257, 0.995464770597857, 0.9971267487138455
student, 102, 0.9911293095262673, 0.9974556668780246, 0.8924397620453933
student, 629, 0.9953385761697947, 0.9998345824006587, 0.824656015106163
student, 278, 0.9634086424804652, 0.9981302414554634, 0.99455009047634
student, 672, 0.8502778836401179, 0.9996273513807724, 1.0
student, 779, 0.9944516050293728, 0.9946844266874175, 0.9808164111193783
student, 491, 1.0, 1.0, 1.0
student, 547, 1.0, 1.0, 1.0
student, 207, 0.9128464370421348, 1.0, 0.9415915325574269
student, 778, 0.953714226383168, 0.9767977293887747, 0.9960098410630509
student, 176, 0.9722060228414376, 1.0, 0.9655181569929199
student, 724, 1.0, 1.0, 0.7999904116579846
student, 178, 0.9962713512763042, 0.9953529151778522, 0.8962525122907115
student, 537, 0.9992253520563579, 0.8615363895869675, 0.998948692097396
student, 341, 0.3325209785317415, 1.0, 1.0
student, 304, 0.9978217018235707, 0.9967309891410407, 0.9301314896712674
student, 501, 1.0, 1.0, 0.6213605066772583
student, 472, 1.0, 1.0, 0.8459531492271414
student, 17, 1.0, 1.0, 1.0
student, 803, 0.5602617665652933, 1.0, 0.9987492091213171
student, 217, 1.0, 1.0, 1.0
student, 240, 0.9984581256099729, 0.999016324340712, 0.8238354140589508
student, 64, 1.0, 1.0, 1.0
student, 138, 0.9997378353856808, 0.9993801625866683, 0.6487559029404979
student, 47, 1.0, 1.0, 1.0
student, 357, 0.9998583514585999, 0.9999050013213854, 0.741497918717283
student, 402, 0.9726793070163374, 0.9977393163891082, 0.982689705820083
student, 79, 1.0, 0.9953347548863026, 0.9546824481078177
student, 789, 0.9978518234141424, 0.9961732420300939, 0.9068655039325492
student, 509, 0.9775663464547001, 0.99356568992562, 0.9704771497984402
student, 668, 1.0, 1.0, 1.0
student, 271, 1.0, 1.0, 0.6958457527253595
student, 567, 0.9989486708383482, 0.9987570193560282, 0.766271373027553
student, 400, 1.0, 1.0, 1.0
student, 179, 0.9989472101565698, 0.9988731760229931, 0.8349041089900817
student, 124, 0.9969741459269461, 0.9970930566334738, 0.8706070425365949
student, 111, 0.9968694237771828, 0.9967065430876646, 0.904505943182473
student, 295, 0.9996137647321914, 0.9994722324074673, 0.8652141104983108
student, 548, 1.0, 1.0, 1.0
student, 741, 0.9761216477987162, 1.0, 0.997210960910579
student, 596, 1.0, 1.0, 1.0
student, 109, 0.9984204995875177, 1.0, 0.8149054216635271
student, 282, 1.0, 1.0, 1.0
student, 585, 1.0, 1.0, 1.0
student, 378, 1.0, 1.0, 1.0
student, 197, 0.9950658580089607, 0.9963517628584541, 0.8613862599283033
student, 559, 1.0, 1.0, 1.0
student, 527, 1.0, 1.0, 1.0
student, 573, 0.888646349616579, 0.999412213383832, 0.999306855312405
student, 416, 0.997059096392353, 0.9971985174037434, 0.9630648050501315
student, 370, 0.9964192522417994, 1.0, 0.9562717259502347
student, 80, 0.999727449370361, 0.999743770099264, 0.9024039664289647
student, 162, 0.8040561318641541, 0.996503002839827, 0.9960572965134005
student, 199, 0.9998580285023599, 1.0, 0.6228868793433695
student, 371, 0.9966693724429229, 0.9977666966788354, 0.7764772638322232
student, 272, 1.0, 1.0, 1.0
student, 106, 0.9966641051055846, 0.8911740545298285, 0.9961250814657749
student, 625, 1.0, 1.0, 1.0
student, 454, 0.9979988346739278, 1.0, 0.9171512024249143
student, 163, 0.9750947317110297, 0.9979893417694583, 1.0
student, 257, 0.9957844971917954, 0.9964631866835452, 0.7376207284234919
student, 78, 0.9953851423357796, 0.9961752198753289, 0.9740955450908658
student, 607, 0.9999076408995629, 0.9998278914277027, 0.393518944970642
student, 680, 0.49499478085612075, 1.0, 0.9997695815076955
student, 684, 0.9997275858408352, 1.0, 0.8939474107012538
student, 123, 1.0, 1.0, 1.0
student, 101, 0.9635295362174907, 0.9976611761412456, 1.0
student, 173, 0.9992997909821131, 1.0, 0.8452542446892647
student, 469, 0.9166624389706366, 0.9989892456565288, 0.982720444434428
student, 153, 0.9254773301056405, 0.9989269327556235, 0.994996838507992
student, 63, 0.9955954470690279, 0.9972616101282246, 0.9602128026391715
student, 769, 1.0, 1.0, 1.0
student, 327, 1.0, 1.0, 1.0
student, 516, 0.9922602618978354, 0.9740405412449034, 0.9960738004905867
student, 609, 0.9985328736280089, 0.97252822004077, 0.9063518353591172
student, 174, 1.0, 1.0, 1.0
student, 372, 0.8242712137207947, 0.997978280715571, 0.9974054506294693
student, 236, 0.9939264331917202, 0.9793793119341316, 0.9127937335811002
student, 434, 0.8867704546674038, 1.0, 0.9994070550860803
student, 355, 1.0, 1.0, 1.0
student, 388, 0.996849780983947, 0.9982718926993024, 0.9575297785913638
student, 430, 0.982967208484265, 0.9979143930400354, 0.9695123401875393
student, 483, 1.0, 1.0, 1.0
student, 675, 0.998410707048815, 0.923504442867389, 0.9998694327563546
student, 700, 0.7242821916385938, 0.9997252831911758, 0.9996507861227121
student, 218, 0.9996649082265323, 0.9996627195558982, 0.9440782367194787
student, 524, 0.9933818698999277, 0.9973299223351022, 0.9185781953850125
student, 652, 0.8622299829111756, 0.9991796472743872, 0.9996912227959632
student, 234, 1.0, 0.999946861528962, 0.8098820459740099
student, 51, 0.9992345321811569, 0.9991775994691704, 0.7836764372198303
student, 113, 0.8937840605733954, 0.9984470403731054, 0.9999898379524836
student, 512, 1.0, 1.0, 1.0
student, 37, 1.0, 1.0, 1.0
student, 678, 0.9970192447557674, 1.0, 0.9058045162672492
student, 312, 1.0, 1.0, 1.0
student, 356, 0.9968376062724643, 0.9956284605421563, 0.8515203141342776
student, 575, 1.0, 1.0, 1.0
student, 414, 1.0, 0.955495862485743, 1.0
student, 263, 1.0, 0.9881219119621084, 0.9724474478967092
student, 25, 0.9043047632822344, 0.9997399769921484, 0.9958384356985589
student, 181, 1.0, 0.8640239251797476, 1.0
student, 571, 1.0, 0.9126709712167298, 0.8773216069236132
student, 187, 0.9201098041733276, 0.9443784722890163, 1.0
student, 723, 1.0, 1.0, 1.0
student, 589, 1.0, 1.0, 1.0
student, 261, 0.9998492513922198, 0.9485371303229895, 0.8618672640590738
student, 310, 1.0, 1.0, 1.0
student, 535, 1.0, 1.0, 1.0
student, 246, 0.9966347023780909, 0.9977557022261134, 0.9086592024694826
student, 532, 0.7728687057577945, 1.0, 0.9957168254757265
student, 73, 0.9913516851343016, 0.9997849614819302, 0.9302170967232033
student, 365, 0.9008033001152067, 0.999325450670376, 0.9999631065679041
student, 369, 0.996856851595723, 0.9978277086858749, 0.9143948745947199
student, 226, 0.9994632800200308, 0.9996508454494978, 0.8239839694698898
student, 136, 0.9413722061328778, 0.9997726344448055, 0.9125134206124911
student, 112, 0.938501876854816, 0.9965265043848204, 0.9984729320551633
student, 360, 1.0, 1.0, 1.0
student, 392, 1.0, 0.993597560373105, 0.9733887288837013
student, 479, 0.9978708468850027, 0.9993052022021768, 0.9773533378306699
student, 603, 0.8607295908176307, 0.9972581375377233, 0.9996187058252918
student, 630, 1.0, 1.0, 0.1917216203247424
student, 719, 1.0, 1.0, 1.0
student, 274, 1.0, 0.7377084376032789, 1.0
student, 253, 0.9491097260873916, 0.9998833142616222, 0.918128549870398
student, 205, 0.9868748715400039, 0.9940916652037869, 0.9940546814960609
student, 444, 0.9999164811872445, 0.9972799273343569, 0.8368527214075776
student, 225, 1.0, 1.0, 0.6081786890603809
student, 110, 1.0, 1.0, 1.0
student, 760, 0.9980721016075652, 0.9982279573861971, 0.8988328479375763
student, 701, 0.9740974484776638, 0.9988394193004605, 0.7334330688209072
student, 269, 1.0, 1.0, 0.4585624263840205
student, 117, 0.9993617821515431, 1.0, 0.8379970586069017
student, 462, 0.9940872370992069, 0.985975454483467, 0.9963525340764641
student, 619, 0.9961739938620796, 0.9960124873676066, 0.8404880468398449
student, 480, 1.0, 1.0, 1.0
student, 542, 0.9990867649911815, 0.9992846618620287, 0.8788009931256181
student, 583, 1.0, 1.0, 1.0
student, 368, 0.6633114320010444, 1.0, 1.0
student, 131, 1.0, 0.9999238984022958, 0.7933160295057832
student, 526, 0.9822835467084504, 0.9701922461857645, 0.995861745115908
student, 180, 1.0, 1.0, 1.0
student, 343, 0.9996079657848144, 0.8673035485291569, 0.9964424650021633
student, 628, 1.0, 1.0, 1.0
student, 121, 0.9994931254150771, 0.9234148319123245, 1.0
student, 90, 1.0, 0.9999999999999999, 1.0
student, 323, 0.6252009607359971, 1.0, 1.0
student, 376, 0.9498086725993455, 0.9971889477610818, 0.980409669187137
student, 337, 1.0, 0.9284832374440432, 0.9344164841726654
student, 656, 1.0, 0.9998797265269135, 0.8380711781249985
student, 215, 1.0, 1.0, 1.0
student, 22, 1.0, 1.0, 1.0
student, 715, 1.0, 1.0, 0.805423607241503
student, 601, 0.9919073054469796, 0.9927354545799273, 0.9742707394164553
student, 120, 0.9989808628746624, 0.9547779560449672, 0.9303513152628805
student, 104, 0.9011095994287567, 0.9906647331347996, 0.9969679803635373
student, 209, 0.9939997334960448, 0.7363108232101438, 0.992349460351139
student, 753, 0.9920258048579919, 0.9994059959920892, 0.846245740367757
student, 666, 1.0, 1.0, 0.7675810322611148
student, 352, 0.9647368300658938, 0.9989002661396958, 0.893946277715313
student, 230, 1.0, 1.0, 1.0
student, 513, 1.0, 0.9659071602233525, 1.0
