item, 1 x 1, 0.812139735714951, 0.6285001077873731, 0.7728902684102126, 0.659692542536794, 0.8202260292390877, 0.8192315513098088
item, 1 x 10, 0.8126640323006624, 0.6815220265499693, 0.6201081269332407, 0.9909640284786506, 0.8867014314494448, 0.9387353493905124
item, 1 x 2, 0.8041130121508496, 0.8652963938791475, 0.7401581831039007, 0.921792276182137, 1.0, 0.9819686793262933
item, 1 x 3, 0.9970060713118308, 0.576365237413048, 0.7218614619965902, 0.7469826507581844, 0.791104085082922, 0.3643291244183921
item, 1 x 4, 0.9803734521029002, 0.5447411315937909, 0.787376024266375, 0.5161181544355682, 0.7973950645590847, 0.6319275947559924
item, 1 x 5, 0.73302796156072, 0.650646084081734, 0.8976517290488623, 0.8711972526612614, 0.7989268310733223, 0.80133221660865
item, 1 x 6, 0.9979307836656671, 0.12103390640543947, 0.7808288500018822, 0.806481093493173, 0.6343404806698625, 0.6991252303320038
item, 1 x 7, 0.9350790593880758, 0.004515274225624222, 0.8884021398854951, 0.8088703865491893, 0.7207053743627859, 0.7193484368254696
item, 1 x 8, 0.35910420185132985, 0.7435491955628455, 0.26487955999948715, 0.7627895510671362, 0.9128295194111655, 0.7827615191276098
item, 1 x 9, 0.39385758438823837, 0.8015914006671943, 0.7289890551419407, 0.966104078818438, 0.4792824035790515, 0.7703708742474026
item, 10 x 1, 0.8805621393710991, 0.4847878796560794, 0.9591172073144933, 0.7584899564605716, 0.920344115240193, 0.7897606185808177
item, 10 x 10, 0.7953967769634387, 0.6661285977930608, 0.855542390731283, 0.8561180582612749, 0.8711191066498265, 0.9296215469560499
item, 10 x 2, 0.8603013140734411, 0.7163213457278551, 0.7198443033212591, 0.9188761434942079, 0.9059639873934159, 0.9848528295053972
item, 10 x 3, 0.6274935064958336, 0.5957690934459441, 0.762196054721372, 0.7412228951171432, 0.979490061513391, 0.4349037289076641
item, 10 x 4, 0.9957098507053825, 0.46066053407702023, 0.938328988340991, 0.5428478838010455, 0.67990546796313, 0.6511219599196361
item, 10 x 5, 0.7648353726175008, 0.5993321520688997, 0.9928570259717286, 0.8017300662940297, 0.544046670242616, 0.801050538181319
item, 10 x 6, 0.3704870018542309, 0.5600670202341923, 0.7920447207746881, 0.9966521693291212, 0.4441880675339333, 0.6731598326115822
item, 10 x 7, 0.9437353422009264, 0.4934763669313072, 0.843483777033609, 0.5534299229715488, 0.5221386834994648, 0.7296437802295165
item, 10 x 8, 0.5065248960751957, 0.5022176757305933, 0.7332696654001419, 0.9720532040636242, 0.8266489919287359, 0.9963388828276506
item, 10 x 9, 0.9590524771795362, 0.7360995420971285, 0.4846800123051575, 0.7291779424230868, 0.5341982056697147, 0.7932335174478894
item, 2 x 1, 0.7197001705298642, 0.4742684620486925, 0.7340446203478049, 0.9921518505095276, 0.8049126001174256, 0.7914439228603556
item, 2 x 10, 0.717853094605925, 0.7489854770409693, 0.5634932768566022, 0.9561693001124331, 0.8411618356353873, 0.9998788208553017
item, 2 x 2, 0.9982902535515914, 0.8309966480354013, 0.774108220997928, 0.8883985650347788, 0.942285655882104, 0.8214447084075471
item, 2 x 3, 0.9941647178782372, 0.8025932516228188, 0.7242171925314057, 0.8991532643130109, 0.9995838366585714, 0.5056191518861782
item, 2 x 4, 0.7820201164580799, 0.6815131356423366, 0.7682154660133187, 0.5473340347549965, 0.898960405497726, 0.9241086430131554
item, 2 x 5, 0.8163624294887801, 0.7916189427724086, 0.7821430756389349, 0.7774841180141903, 0.9619319525273763, 0.9849291416873353
item, 2 x 6, 0.5496026483123485, 0.7434016403202676, 0.8157726542393858, 0.9989801957295584, 0.5856735044543475, 0.7671281345738015
item, 2 x 7, 0.46200286303237054, 0.8427130021870798, 1.0, 0.468660182492698, 0.8041119801061632, 0.9384184368077827
item, 2 x 8, 0.5241805208137686, 0.992181098274201, 0.6403386573666329, 0.7789434857690166, 0.9159550245274838, 0.8042323453038173
item, 2 x 9, 0.5928820579126836, 1.0, 0.8078890929370715, 0.8465049395873954, 0.9375343350351263, 0.8053714072776944
item, 3 x 1, 0.722451316703741, 0.2197416865570219, 0.9634050585503944, 0.759579178457402, 0.9517198837832207, 0.8069539158694224
item, 3 x 10, 0.7274201319145791, 0.4616613035965474, 0.9985431082217203, 0.7812612078907718, 0.5757123639603734, 0.9850387598948236
item, 3 x 2, 0.914193825672447, 0.8917854396748208, 0.8868705549002006, 0.9915047016981289, 0.9998014891326852, 0.9358520436020252
item, 3 x 3, 0.7028242718757614, 0.9189134115745412, 0.9775395467709788, 0.940728025506397, 0.999765849449336, 0.7698849914197206
item, 3 x 4, 0.6141392402240016, 0.9989934785824456, 0.8105718175896774, 0.6425512895589566, 0.8241436538834589, 0.7278385147905434
item, 3 x 5, 0.7755010059015168, 0.7994006690571972, 0.9980720678027404, 0.9818253369870867, 0.894700429559692, 0.995685459291764
item, 3 x 6, 0.9269162323514646, 0.9950893080061151, 0.9435106649958482, 0.9988510946285899, 0.9295636361359282, 0.9872694792677172
item, 3 x 7, 0.9947888850405108, 0.9744742421275486, 1.0, 0.9351106998421105, 0.6989830446365632, 0.9918053345795177
item, 3 x 8, 0.94742607900928, 0.9957263537927192, 0.9813266863465318, 0.8228176240226219, 0.9982013273605932, 0.8514842613090262
item, 3 x 9, 0.8792929571832707, 1.0, 1.0, 0.972737852141513, 1.0, 0.8762960560796609
item, 4 x 1, 0.9166804373969688, 0.3255163510313631, 0.631301669214432, 0.7387866035559846, 0.7945692276717676, 0.8286001584213082
item, 4 x 10, 0.7223511252337548, 0.48110517763423655, 0.7919751788202404, 0.7439793793672954, 0.5490230873589103, 0.9997764771139362
item, 4 x 2, 0.8680226529382303, 0.9813883681329242, 0.7145613348059314, 0.9785608790600973, 0.9757451250434128, 0.9705364885417833
item, 4 x 3, 0.9719571651195033, 0.9795530033062232, 0.8046754463135739, 0.7987403828237776, 0.9970151781976411, 0.8345864838299925
item, 4 x 4, 0.9999762063109849, 0.9947048650368709, 0.9783659669075077, 0.7920927098997643, 0.75286449196044, 0.8593119022913368
item, 4 x 5, 0.7361756572570156, 0.9215518340985112, 0.9932772542769619, 0.9989723447043503, 0.8283237146207659, 0.9944755786749402
item, 4 x 6, 0.9978922045956782, 0.9944389184296709, 0.9671856794296417, 1.0, 0.6265650613829338, 0.974454363401748
item, 4 x 7, 0.9975643659047155, 0.9972277444658765, 0.974210921108487, 0.9750920104715537, 0.941777473590578, 0.9776954842926964
item, 4 x 8, 0.9929948844341999, 1.0, 0.9920294895255656, 0.8736358700112519, 1.0, 0.866232807031488
item, 4 x 9, 0.9861680877272515, 0.9977158915291107, 0.9982152377622768, 1.0, 0.9883027979814419, 0.9970710358399794
item, 5 x 1, 0.7939254725016206, 0.2919395299583156, 0.5952197151169548, 0.827980696696406, 0.5773850197552224, 0.8179700451567373
item, 5 x 10, 0.8393890481887134, 0.4772000203682113, 0.9571709709425393, 0.7535665848497549, 0.6611787364401327, 0.9756717325339409
item, 5 x 2, 0.9931483172258477, 0.8439984773729547, 0.990625517500482, 0.9997042069436809, 0.9948190907989986, 0.8294771827073132
item, 5 x 3, 0.7957326986658836, 0.9346983215459858, 0.8106376785311774, 0.996854807630938, 0.9994748396976539, 0.9960184078816532
item, 5 x 4, 0.9119895126409981, 0.9871968905761919, 0.9749111953198631, 0.7706359472190669, 0.8009564444108217, 0.7879333758397085
item, 5 x 5, 0.9975059905488489, 0.8656092977002374, 0.9976643702291794, 0.9809851860049185, 0.742174958109019, 0.9571168531033623
item, 5 x 6, 0.9803437696855305, 0.8315989660854086, 0.949366352988687, 1.0, 0.601079133285682, 0.8821138962136984
item, 5 x 7, 0.8882039442594939, 0.9906404248709263, 1.0, 0.9911023559850748, 0.6233523166965955, 0.9921325241395815
item, 5 x 8, 0.6131011874382029, 0.9899803121043241, 0.7547730207505362, 0.8424853830734689, 0.9948254545019134, 0.9672795369707516
item, 5 x 9, 0.9822119844212729, 1.0, 0.9972400019458958, 0.8146621992236378, 0.9942244011954697, 0.8529855261447639
item, 6 x 1, 0.6815418050528377, 0.4135748829972153, 0.5194105915722363, 0.923370736501554, 0.7749717161996139, 0.7984907689583287
item, 6 x 10, 0.944652392813419, 0.5918598656117077, 0.7957302315434047, 0.7668417442470788, 0.7276469060773323, 0.9695019669532261
item, 6 x 2, 0.9958868334516955, 0.9995064628749846, 0.8645263967135269, 0.8330858831333948, 0.7533115334912414, 0.9782681047994478
item, 6 x 3, 1.0, 0.9999100028053299, 0.9618635892194823, 0.9986855459517493, 1.0, 0.9992485878568897
item, 6 x 4, 0.9783672263115867, 1.0, 0.9139907112820929, 0.7934348584836138, 0.9708616708270312, 0.8643618322658932
item, 6 x 5, 0.7834989824773625, 0.8755899035993229, 0.7558093341765616, 0.9919730840775943, 0.7518142818349033, 1.0
item, 6 x 6, 0.9949722906252557, 0.9905433018380262, 0.8026539767035941, 0.9983365269581489, 0.8607645880152166, 0.7457608401774133
item, 6 x 7, 0.9979295819567741, 1.0, 0.9998903326742301, 0.9937143249445431, 0.8770723413989251, 1.0
item, 6 x 8, 0.6863842166392328, 0.9982590966978667, 0.9918075232797547, 0.8678571394152832, 0.9480595717460732, 0.986139707711341
item, 6 x 9, 0.9839482478875596, 1.0, 0.9982007333175701, 0.9880518445923534, 0.9976155925947968, 0.9039328023108685
item, 7 x 1, 0.9211500315486241, 0.32769792773576306, 0.7169303599511891, 0.6147954563529912, 0.5865490361302738, 0.8099002042963829
item, 7 x 10, 0.9300281082861936, 0.5396279288304457, 0.7709290302362626, 0.8062430898326652, 0.7934155098273771, 0.9905576620787228
item, 7 x 2, 0.894470618705452, 0.9680081280278017, 0.9903817877093972, 0.8677903353355574, 0.5486229533416781, 0.9888236016358816
item, 7 x 3, 1.0, 1.0, 0.9958055032269391, 0.8413915670540744, 0.999751139900296, 1.0
item, 7 x 4, 0.991052204534924, 1.0, 0.9500882882738906, 0.9829853918184491, 0.9904095173708468, 1.0
item, 7 x 5, 0.7285908379106588, 0.9749644438647554, 1.0, 0.9856708389104804, 0.6355561880354437, 0.9986347148155237
item, 7 x 6, 0.9881704638480143, 1.0, 0.9998319831148894, 0.9999802325356938, 0.8167480805778203, 0.9995926448391421
item, 7 x 7, 0.9973755325500526, 1.0, 0.9103285763765541, 1.0, 0.7016154627054452, 1.0
item, 7 x 8, 0.9992472790343325, 1.0, 1.0, 0.9268258439133712, 1.0, 0.9120877853994944
item, 7 x 9, 1.0, 0.9999736475575675, 0.9999977686584831, 0.8328107490503213, 1.0, 0.9847265418898791
item, 8 x 1, 0.7140783904217406, 0.35798190541849856, 0.5770136566526256, 0.5847233533509936, 0.8377161036090458, 0.8200206314794978
item, 8 x 10, 0.9067042469618505, 0.5871858457823456, 0.5439546510824484, 0.8765571505471867, 0.8961750544326875, 0.8000272159525924
item, 8 x 2, 0.692459511712579, 0.9677373057488075, 0.8541713667475155, 0.9269591169379504, 0.8905041615386059, 0.8552651895614886
item, 8 x 3, 0.9171721444084248, 0.9952783889111586, 0.9456881395232247, 0.9861859213219027, 0.991717770829377, 0.9842280634657729
item, 8 x 4, 0.964764128985826, 0.9830079225349309, 1.0, 0.8179559952541817, 0.9989727050591418, 0.8942277528697938
item, 8 x 5, 0.7399032441577854, 0.7767125529207094, 1.0, 0.7754122913934856, 0.7806385694670027, 0.9886951925610682
item, 8 x 6, 0.9962114344773365, 0.9988357824418563, 0.99316409079831, 1.0, 0.7148607354887997, 0.9262365241155439
item, 8 x 7, 0.9998437370552038, 1.0, 0.9999859668389969, 0.9996848840221035, 0.9427765177819541, 0.9961654555408445
item, 8 x 8, 0.9999431119797149, 1.0, 1.0, 0.976284247820716, 0.9898030081627258, 0.8596507917026466
item, 8 x 9, 0.9862460191430142, 1.0, 0.9723385231105109, 0.8788866080670752, 0.9987915405496016, 0.8533890870832225
item, 9 x 1, 0.6690487952709158, 0.4822000639947139, 0.5401460516910309, 0.5264362279223136, 0.5473740461189062, 0.8164089995747895
item, 9 x 10, 0.7191527056579561, 0.5090692948803223, 0.800880621651205, 0.748734909538499, 0.7910607611235239, 0.988343801477528
item, 9 x 2, 0.8590052722880158, 0.9049828900369157, 0.7811889764975695, 1.0, 0.9571618967201035, 0.9869405230788204
item, 9 x 3, 0.9158475848390215, 0.9932452990032042, 0.9804273842467653, 0.8146485425296055, 0.9936473542841253, 0.9630041645152829
item, 9 x 4, 0.9983354348438217, 0.99616180610314, 0.9947160198025295, 0.9204205200552571, 0.9970810465191772, 0.8394979941724617
item, 9 x 5, 0.6085229713947977, 0.9125210506511515, 0.9968216309254825, 0.7016076970518906, 0.6032274997768915, 0.9993202981059827
item, 9 x 6, 0.9906076797015843, 0.9947408361894539, 0.8502282880358234, 0.9993834071319032, 0.7705213379317253, 0.852323445753795
item, 9 x 7, 0.9977602383635145, 0.9932423548494638, 1.0, 0.9939958885933742, 0.8235682923245286, 0.9834729113050608
item, 9 x 8, 0.9943860196096872, 0.8388675365527195, 0.9279168072501089, 0.8206071631238085, 0.6036457553970804, 0.9643558243604796
item, 9 x 9, 0.9803724507325949, 0.9897150924477414, 0.600420523043087, 0.7468067111426963, 0.8062192530086844, 0.7972303888606762
student, 517, 0.999760850981762, 0.8650829069515166, 0.9996328439455808, 0.9998422939150715, 0.9996481809991816, 1.0
student, 682, 0.9954722107915123, 0.9821917202919728, 0.9942215886481589, 0.9912451325753076, 0.9889595015689693, 0.9918247898975179
student, 307, 0.9935346670723118, 0.9793948987025192, 0.9946330498354824, 0.9937753278323802, 0.9947923825878925, 0.995833716859017
student, 638, 0.9986005400107959, 0.9589129200082455, 0.9981971936362359, 0.998010734486484, 0.997939778575718, 0.9982978760632522
student, 753, 0.9241323655666908, 0.9904376583911298, 0.9909386533610072, 0.9914279580985724, 0.9897698075721468, 0.9897543759089509
student, 105, 0.9947979802832192, 0.6656806270836176, 0.9938885357916292, 0.9951632821286288, 0.9902983878055626, 0.9947168243779001
student, 410, 0.9837623837474018, 0.9274898135628338, 0.983606458999406, 0.9906446446938953, 0.9900828174768634, 0.9896026493208246
student, 628, 0.9958307715669086, 0.9812331710402388, 0.9959137104257728, 0.9971686920478977, 0.9960331704722278, 0.9962640314626804
student, 262, 0.9993689097319969, 0.9840538203605407, 0.9995627007938818, 0.9984890192801472, 0.9990769118017004, 0.999344091504398
student, 252, 0.9979150034556858, 0.9988839474297567, 0.9967099984770872, 0.9976855383966893, 0.9955421280154297, 0.9780925180510921
student, 715, 0.9949502590614407, 0.9794629431779276, 0.995400253816131, 0.9943758213359337, 0.9958022854527834, 0.9948460587704445
student, 575, 0.9947660988094604, 0.9534901139051775, 0.9942497213225684, 0.9937155133411402, 0.9941712078102048, 0.9935393868471949
student, 529, 0.9949006373619295, 0.9539479821707602, 0.994744322511748, 0.9952387247786748, 0.9955653491840015, 0.9961874984147213
student, 251, 0.9721762829644449, 0.9755114762185743, 0.9903685698603075, 0.9914701192293093, 0.9913377336245075, 0.9907428197472151
student, 434, 0.9909425440231567, 0.996827246902723, 0.9960565256495386, 0.9971045392109056, 0.9929003890721809, 0.9961962775197319
student, 453, 0.9869537616851215, 0.9716897675605732, 0.98670585784236, 0.9871528890262339, 0.9865919678338705, 0.9884165946240806
student, 607, 0.9993145004722686, 0.7841262237061082, 0.999521903690294, 0.9997489732664949, 0.9995649496239516, 1.0
student, 742, 1.0, 0.9477981765350498, 1.0, 0.9993624293813097, 1.0, 0.9994022429540471
student, 547, 1.0, 1.0, 1.0, 1.0, 1.0, 1.0
student, 166, 0.9978261883366651, 0.9883586137515412, 0.9979716672416148, 0.8403598526472894, 0.9966815247765778, 0.9962992301545006
student, 183, 0.9939549801175249, 0.9795873508811019, 0.9949708397217373, 0.9029172001901601, 0.99285925246936, 0.9936963258305935
student, 337, 0.99810943076161, 0.9952096631958026, 0.9969508044214971, 0.9973755576654552, 0.9345202108525855, 0.9954358171069075
student, 233, 1.0, 0.9938225917535537, 1.0, 1.0, 1.0, 1.0
student, 159, 0.9966362222872021, 0.9606481948281865, 0.9969112170461045, 0.9982317301542026, 0.9967721817049855, 0.9969679373151187
student, 263, 0.9910824872905977, 0.9782573469795173, 0.9963813117103857, 0.9976925282399745, 0.9969861818414629, 0.9975738600400963
student, 785, 0.9970212378152168, 0.9787851083841594, 0.9970349080434935, 0.9978963219142032, 0.9974158682676477, 0.9978055424415943
student, 832, 0.9956850130931162, 0.9992338235648287, 0.9967683088472502, 0.99607415391978, 0.9865518411715045, 0.996769704497392
student, 187, 0.9973182407113347, 0.8833439962500855, 0.9967327666152769, 0.9966180548340761, 0.9975360859028993, 0.9968968850169485
student, 110, 0.9997884277135471, 0.994241958686226, 0.8044144168248704, 0.999618552924174, 0.9995722676363726, 0.9989263107491572
student, 173, 0.9916309658967746, 0.9567264895609277, 0.9922005973129499, 0.9925156156208199, 0.9912539893758633, 0.995772948288336
student, 769, 1.0, 1.0, 1.0, 1.0, 1.0, 1.0
student, 412, 1.0, 1.0, 1.0, 1.0, 1.0, 1.0
student, 544, 0.9946505806868834, 0.9860360434117643, 0.9945120505476013, 0.9975096045148325, 0.9929564763694175, 0.9955820348521198
student, 659, 1.0, 0.9994389058846141, 0.9976244778479836, 0.99939942580242, 0.9980801757738047, 1.0
student, 91, 0.995248506854182, 0.958225355048368, 0.9939236827475206, 0.9938981445590783, 0.9901504241363966, 0.9949183499432016
student, 637, 0.9938328158208928, 0.9671603576989687, 0.9948152740254439, 0.9928371282919025, 0.9964552882480024, 0.9928450511098854
student, 281, 0.9982298004919411, 0.9980815555711596, 0.9054753096215774, 0.9985606184203968, 0.9987605260763224, 0.9982284445428592
student, 678, 1.0, 0.7235341282954278, 0.9965888583498881, 0.9970936212375353, 1.0, 0.9979029351389918
student, 283, 1.0, 0.7766102836471802, 1.0, 1.0, 0.997825229016933, 1.0
student, 117, 1.0, 1.0, 0.9647372667384947, 1.0, 1.0, 1.0
student, 95, 1.0, 1.0, 1.0, 1.0, 1.0, 1.0
student, 559, 0.9972320693513388, 0.9143495973247322, 0.9962876112145856, 0.9973167402343976, 0.9992565278557872, 0.9969320558294169
student, 503, 0.9928512394326446, 0.9324713932710925, 0.9955380343664719, 0.9965601760970804, 0.993926497675351, 0.9949700142682699
student, 355, 0.9940798272185556, 0.9871133433917064, 0.994181372685839, 0.9950250590123856, 0.9944611173526249, 0.9945003838725712
student, 623, 0.9924447025181796, 0.9933681581950814, 0.9935591977647433, 0.9952265664194611, 0.9521271819488747, 0.9928393339023368
student, 528, 0.9969900294819892, 0.9524068596455497, 0.996370046673843, 0.9953765668963913, 0.9992295710738301, 0.9962657872006913
student, 109, 1.0, 1.0, 1.0, 1.0, 1.0, 1.0
student, 587, 0.9980074399316942, 0.9157602747953675, 0.9979812363009385, 0.9985711040753416, 0.9980800968438366, 0.998084355438649
student, 567, 1.0, 0.9591024226617971, 0.999500400875578, 0.9998370588129466, 1.0, 1.0
student, 319, 0.9986628125331745, 0.9954860337892895, 0.9998433728219276, 0.9999630266646002, 0.9967981851081468, 0.9986002889282823
student, 174, 0.9959005596144856, 0.9872442191554381, 0.9972792050307847, 0.9970800607470407, 0.9286488146419297, 0.9984320345907051
student, 116, 0.9986229165856567, 0.9367332267049903, 0.9971331697818385, 0.9970916283009656, 0.9988170570793493, 0.9939011929886461
student, 604, 0.9909407154779161, 0.9908051553060105, 0.9915982681513007, 0.9912615679928263, 0.9837963771425122, 0.9908285094310951
student, 712, 1.0, 1.0, 1.0, 1.0, 1.0, 1.0
student, 442, 0.9706936834444679, 0.9979046768922395, 0.9977041399681235, 0.9980183719337052, 0.9979911182072657, 0.9977380395834378
student, 331, 1.0, 1.0, 1.0, 1.0, 1.0, 1.0
student, 152, 0.9928738252258437, 0.9412286772386356, 0.9937510295020054, 0.9928906993431471, 0.9924421097834191, 0.9938926790178867
student, 533, 1.0, 0.9657348956380606, 0.9925719760598646, 1.0, 1.0, 1.0
student, 416, 0.9950702930171093, 0.9971258194586221, 0.9968807574514471, 0.9985445422511562, 0.995729525449546, 0.9985039630800122
student, 358, 0.9949173341103217, 0.808763809617021, 0.9913609229912416, 0.9919111402080755, 0.991364036706917, 0.9934996150311737
student, 537, 1.0, 0.9625235627676354, 0.9991640198651437, 0.9990001586016282, 0.9966738119088272, 1.0
student, 719, 1.0, 0.967383736840239, 0.9983855427668374, 1.0, 1.0, 1.0
student, 253, 0.9970144813586874, 0.890655778888825, 0.9971375956004491, 0.9977812219157891, 0.995841809061279, 0.9983413144404674
student, 534, 0.9996397030372047, 0.8471079585746069, 0.9990132258876959, 1.0, 1.0, 1.0
student, 510, 1.0, 1.0, 1.0, 1.0, 1.0, 1.0
student, 512, 0.9993530838854553, 0.9992502856709831, 0.9315272352713919, 0.9992825845655556, 0.9979978012323495, 0.9991122987688132
student, 118, 1.0, 0.9918254330696715, 1.0, 0.9991794831027438, 0.9991373531777398, 1.0
student, 54, 1.0, 0.9949967324310145, 1.0, 0.9987489240620488, 1.0, 1.0
student, 754, 0.9867982009502622, 0.8768363304495019, 0.999917360222253, 0.999869171481116, 0.9999924575751542, 0.999884993994686
student, 394, 0.9998276508996653, 1.0, 0.9992883078799213, 1.0, 1.0, 1.0
student, 222, 0.998780580684691, 0.9975539345273189, 0.9922002692942257, 0.998391154257592, 0.9968137027150641, 0.9989265473044379
student, 80, 1.0, 0.6714880712738854, 1.0, 1.0, 1.0, 1.0
student, 275, 0.9894299916793979, 0.9662611302927716, 0.9898549405976912, 0.9892410063226081, 0.9889473708780034, 0.9896973093496925
student, 308, 0.9984607353628976, 0.9989800836860472, 0.8933355698007166, 0.9991015749652841, 0.9983942057076881, 0.9989028487770234
student, 531, 0.9597588355230776, 0.9865788878730293, 0.9879558887087043, 0.9918412334083225, 0.9912425942606424, 0.9920987581672752
student, 365, 1.0, 0.9611483905980643, 0.9967337665038789, 0.9978791486064427, 1.0, 0.9992559027313458
student, 93, 0.9958478910240518, 0.9936228991259316, 0.9973135469042043, 0.9955666663416233, 0.9971429705628112, 0.9958845996273675
student, 520, 1.0, 1.0, 1.0, 1.0, 1.0, 1.0
student, 219, 0.9928955813991454, 0.9938738101088577, 0.9901397056909023, 0.9930215544652459, 0.9930136213407721, 0.9922291524999168
student, 639, 0.9922503398352368, 0.8345085829870811, 0.9932315576376618, 0.9932756346913588, 0.9960216601302732, 0.9948113182621883
student, 654, 0.997061167655098, 0.8813905279403305, 0.995193757289696, 0.9980915039445535, 0.9983985255008916, 0.9982739017559906
student, 181, 0.9988188630611062, 0.9967179533212379, 0.9986430094474293, 0.9987532787133233, 0.9538894484643483, 0.998893368427265
student, 452, 0.998554672166373, 0.7317587325494325, 0.9982103624664945, 0.9986499706833698, 0.998429343724288, 0.9985630279277664
student, 302, 1.0, 1.0, 1.0, 1.0, 1.0, 1.0
student, 523, 0.9937242266435077, 0.9743623307142099, 0.9935307618215775, 0.9946115782674125, 0.993637773468972, 0.9930766470474235
student, 468, 0.9996634602209612, 0.8798891727240472, 0.9994068513497136, 0.9996502580714057, 0.9996217921657146, 0.9994705033161444
student, 594, 0.9983883731869472, 0.9207850518627617, 0.9983958171178122, 0.9986373402721579, 0.9984327125484522, 0.9984172530482366
student, 495, 1.0, 1.0, 1.0, 1.0, 1.0, 1.0
student, 39, 1.0, 1.0, 1.0, 1.0, 1.0, 1.0
student, 29, 0.9940725596181778, 0.987266424943166, 0.9926656660613757, 0.9952819234879957, 0.994718000392205, 0.9938835537878004
student, 286, 0.9998543988461874, 1.0, 1.0, 0.9983650723664462, 0.9947861912059537, 0.999588660467223
student, 115, 1.0, 1.0, 1.0, 1.0, 1.0, 1.0
student, 446, 0.9974928006510374, 0.856988161100601, 0.9975020257330328, 0.9908188349489874, 0.9942815203536053, 0.9968577711792291
student, 509, 0.9474044165523047, 1.0, 1.0, 1.0, 1.0, 1.0
student, 554, 1.0, 0.9777428112164565, 1.0, 1.0, 0.9996216940843238, 1.0
student, 122, 0.9975915280796901, 0.9709854130335194, 0.9956389716561072, 0.9953731538904343, 0.9956960060966554, 0.9934693548043941
student, 28, 0.9939995731477269, 0.9160071485411683, 0.9927701413848548, 0.9928962655216792, 0.9922534788918845, 0.9927838503851377
student, 51, 0.995385015031236, 0.9904655357820131, 0.9941403237444207, 0.9934373351664709, 0.996136103887496, 0.9937833739722616
student, 177, 0.9997469114326714, 0.9968733056659561, 0.9997624768711685, 0.9998277710000283, 0.8189699820156023, 0.9998340871578744
student, 608, 0.9921885325505841, 0.9906485976629599, 0.95366856805866, 0.9913486329481108, 0.9935622989333579, 0.9910938346414975
student, 75, 1.0, 0.9968442587077987, 1.0, 1.0, 0.9987930411163812, 1.0
student, 626, 0.9978985177469503, 0.9773974491871795, 0.998279893568248, 1.0, 0.9956548593549246, 0.9998080353647393
student, 596, 0.9993292771069622, 0.9990561444407506, 0.996522361149842, 0.9455989671090552, 0.9989251333217087, 0.9990603829272836
student, 162, 0.999210609146304, 0.8310108938080114, 0.999256538335426, 0.9995902079284741, 0.9997879914169359, 0.9995150600993963
student, 592, 1.0, 1.0, 1.0, 1.0, 1.0, 1.0
student, 755, 1.0, 1.0, 1.0, 1.0, 1.0, 1.0
student, 771, 0.9994241580670217, 0.9987455969934016, 0.997527676235382, 0.9993890148162846, 0.9997523143567034, 0.9482159421328061
student, 739, 0.9910896516300702, 0.9392319933330957, 0.9897409903088765, 0.9927754130954963, 0.9902586825485281, 0.9931547273168178
student, 384, 0.9984115043106954, 0.9385250549178213, 0.9977864826535872, 0.9985147454638533, 0.9999233252897897, 0.9995859208708288
student, 803, 0.9831224633028258, 1.0, 0.9998410887965202, 0.9985674301429334, 0.998804995169242, 1.0
student, 685, 0.9988710565150013, 0.9519333861524419, 0.9952515193573181, 0.99518233105822, 0.9966957985654028, 0.9961890260486631
student, 706, 0.9956182109184807, 0.9959367864507689, 0.9957166841463732, 0.9853906656370164, 0.9956444189522242, 0.9957938466095803
student, 692, 0.9714394467419581, 0.9956104165906353, 0.993851969525659, 0.995521451240801, 0.9998507571097331, 0.9963765500180235
student, 367, 1.0, 0.9841844057988822, 1.0, 0.9993983417867192, 1.0, 0.9997606860759454
student, 204, 0.9994113235573303, 0.8387346273312166, 0.9991985832463697, 0.9992190765944794, 0.9986741307802709, 0.9987621566531969
student, 491, 1.0, 1.0, 1.0, 1.0, 1.0, 1.0
student, 514, 0.999718689090632, 0.9988784374857271, 0.99962509128005, 0.9595093758967934, 0.9995356403136064, 0.9997536255261159
student, 112, 0.9994627842449767, 0.9649027647762768, 0.9984755984080899, 0.997755909202002, 0.9994394440402568, 0.9986947195454151
student, 469, 0.9985142308119651, 1.0, 0.9951617730168164, 0.9987152040109555, 0.9987907011768168, 0.9325586416364218
student, 775, 0.9936866539820216, 0.9943873694274772, 0.9941106827599632, 0.9947220339111486, 0.9946426258635731, 0.9954482419894181
student, 720, 0.9931316955113645, 0.9722848566100631, 0.9958995689700313, 0.9956956977151254, 0.9974886166944827, 0.9977517649260662
student, 747, 0.9873831422757346, 0.9558119927729811, 0.9865303893941206, 0.9859037465733799, 0.9875792244535699, 0.986034072384282
student, 414, 1.0, 0.9848783927179307, 0.9970031247198565, 1.0, 1.0, 1.0
student, 170, 0.9998528297456001, 0.9401582523252126, 0.9994178365462941, 0.9999309930310125, 1.0, 0.9987409499654732
student, 134, 0.9981716221822289, 0.9971137872784549, 0.9972721091111314, 0.9976401424630222, 0.9931639311078025, 0.9976898698291363
student, 89, 1.0, 1.0, 1.0, 1.0, 1.0, 1.0
student, 284, 0.9989614354441951, 0.9984021003124455, 0.9700706439894918, 0.9994387206552723, 0.9994072513333042, 0.9992165419723007
student, 515, 1.0, 0.7774815966540379, 1.0, 1.0, 1.0, 1.0
student, 552, 0.9985339978156246, 0.9689451965309436, 0.9985691404777746, 0.9986306393774519, 0.9986341929018648, 0.9986605853189163
student, 230, 0.9969674930779211, 0.9975341724682939, 0.9824398639244887, 0.9973151568263999, 0.9979370180621814, 0.9968348082472427
student, 373, 0.9868627721163393, 0.9768644737076385, 0.9914194812686782, 0.9934016869788709, 0.9931499554798512, 0.9911951084811663
student, 400, 1.0, 1.0, 1.0, 1.0, 1.0, 1.0
student, 758, 0.985939632490846, 0.9165956635609734, 0.9856147755641834, 0.9850526418189286, 0.9885215857927023, 0.9885606989783942
student, 781, 0.9901112592384281, 0.9224767578475236, 0.9864665878787401, 0.9901891555853488, 0.9904889718417974, 0.9912457865371256
student, 380, 0.9959230464491496, 0.9931268923278735, 0.9361478758836671, 0.995811153470863, 0.9957047574712342, 0.9964087193633998
student, 164, 0.9941878752450292, 0.9631929651101814, 0.9919686333644924, 0.9932518740438835, 0.9939158983323099, 0.9941507140440331
student, 532, 0.9982728050141401, 0.9459300157476833, 0.9985055715199066, 0.9972968933302921, 0.9976958365588621, 0.9980219597575659
student, 278, 1.0, 0.985777511048276, 0.9956731035789825, 1.0, 1.0, 0.9976068640308756
student, 760, 0.9752881671083756, 0.9839462803604131, 0.9954981023073212, 0.9949799279318432, 0.9957611682628483, 0.9955907589515676
student, 499, 0.9960522583328324, 0.9691314149817123, 0.9941838453680624, 0.9942486193231079, 0.9934025230708672, 0.9945511082362152
student, 103, 1.0, 0.9634232781973735, 0.9992481756671324, 0.9992469254773716, 1.0, 0.9996519633238276
student, 22, 1.0, 1.0, 1.0, 1.0, 1.0, 1.0
student, 460, 1.0, 0.9971873584325761, 1.0, 1.0, 1.0, 1.0
student, 714, 0.9158886037973718, 0.9962918449680177, 1.0, 0.998442337744145, 1.0, 1.0
student, 467, 0.9951015631102047, 0.5245332272853588, 0.9906840590380923, 0.9920734594949717, 0.9897097846502626, 0.9909844134297151
student, 218, 0.9991388258628895, 0.9999060595057524, 1.0, 1.0, 0.9994384612602935, 1.0
student, 711, 0.9896007064485969, 0.9789714895757854, 0.9906672173433677, 0.9918101077326736, 0.9919769011514564, 0.991787365428912
student, 369, 0.9920771046483448, 0.98883381434645, 0.9675391959363298, 0.9929583612961493, 0.993581479039382, 0.9926674455918791
student, 424, 0.9986253387433612, 0.9817816608770874, 0.9990706533218175, 1.0, 1.0, 0.9992525130684183
student, 98, 0.985787971846402, 0.8256198592153867, 0.9875269645416387, 0.9903663423696736, 0.9865329272178134, 0.9896972660613059
student, 225, 0.9749759555953453, 0.9665960754117812, 0.9818943161771392, 0.9824555951543327, 0.9830799764051472, 0.9870918448318641
student, 113, 0.9990310310149902, 0.9734432488849166, 0.9994942551495115, 1.0, 1.0, 1.0
student, 647, 0.9861790743424046, 0.9281790924704039, 0.9879957300914001, 0.9876059009810969, 0.9882647920619935, 0.9891631338571742
student, 404, 0.9912192964945292, 0.9918597956049576, 0.9908562000530102, 0.9937332087149535, 0.864222164122729, 0.9928806737634084
student, 402, 1.0, 0.9977619697961169, 1.0, 0.9996876901716687, 1.0, 1.0
student, 236, 0.9983684370397979, 0.998291711480168, 0.9996694218842931, 0.9982420784073301, 0.9978093816364503, 0.998483177155836
student, 725, 0.9998524159204635, 0.5028287988182787, 0.9987189523501139, 0.997874203966411, 0.9990429020261424, 0.9989913962176964
student, 77, 1.0, 0.9413512517382048, 0.9946525694982908, 1.0, 1.0, 0.9994721753868382
student, 570, 0.9937536975086357, 0.9971668083237384, 0.9954960343342782, 0.995141516112143, 0.9944973397849447, 0.9945907750443548
student, 408, 1.0, 0.9142828844881137, 0.9939774356955983, 1.0, 0.9962718847054813, 1.0
student, 745, 0.8590914817600214, 0.9896304010266532, 0.9915526728158619, 0.9901326877801153, 0.9927879675563865, 0.9917592895035429
student, 738, 0.9928609965869677, 0.9723224217341583, 0.9935120274293924, 0.9918975866160008, 0.9887608943776024, 0.9945590346608192
student, 489, 0.9968337226172491, 0.9963807293010111, 0.9964266474283299, 0.9969756090071304, 0.9962523371720267, 0.9857477753352956
student, 256, 0.997263380145566, 0.9934544112417407, 0.9974010032841117, 0.9994405723356431, 0.9538710810384287, 0.9996465058562793
student, 153, 0.9883689010482295, 0.9597610123522203, 0.9918851126146123, 0.9910445397354783, 0.9935429454811818, 0.9912351671915749
student, 199, 0.999735486551555, 0.837007874807813, 0.9997847793496558, 0.9998009544632132, 0.9997647146761515, 0.9999198328540804
student, 462, 0.9990826984604644, 0.9934922696725789, 0.9994096479317683, 1.0, 1.0, 1.0
student, 791, 0.9948573375517265, 0.9927218675654478, 0.9944380170434162, 0.9941740015197724, 0.929755649660622, 0.9946415275969207
student, 296, 0.9974125947517896, 0.8444240490444728, 0.9971442311309466, 0.9967837114591185, 0.9986805731354681, 0.9990591399374258
student, 407, 0.988840592779697, 0.9702699351155538, 0.9870941892680178, 0.9884560446741438, 0.9908846070790887, 0.9872898625907398
student, 346, 0.9963328882626313, 0.9539613968675273, 0.9970835478401683, 0.9967031166884496, 0.9965262746238561, 0.9960427197899263
student, 155, 0.9931445934642038, 0.9328713406526736, 0.9932201707055008, 0.9937423655978137, 0.9932667695306624, 0.9937995768410158
student, 621, 1.0, 0.9974100598415071, 0.9956993278157169, 1.0, 0.9964831854171141, 0.9830297429601857
student, 784, 0.9953333487628129, 0.9917457234051622, 0.9963629800169083, 0.9970204089302689, 0.9983873211485842, 1.0
student, 519, 0.9944896818694001, 0.9895990146043846, 0.9934055664310567, 0.9956935911709959, 0.9946698649927614, 0.9943265178219133
student, 172, 1.0, 0.9952822992442197, 1.0, 1.0, 0.8753486712832848, 1.0
student, 74, 0.9952699504324811, 0.9905665478020507, 0.9936276148288479, 0.9943750836666151, 0.9813226012606189, 0.9939291562731913
student, 727, 1.0, 0.7911650853877488, 1.0, 1.0, 1.0, 1.0
student, 601, 0.9971400025789915, 0.9964931739913332, 0.9969878439692238, 0.9890005996399962, 0.9967554590422686, 0.9969322084367795
student, 779, 1.0, 1.0, 1.0, 1.0, 1.0, 1.0
student, 107, 1.0, 0.879135717535239, 1.0, 1.0, 1.0, 1.0
student, 64, 0.9931480535183697, 0.9977703827103822, 0.9962582265955054, 0.995605497152062, 0.9959028669729991, 0.9939653791438969
student, 49, 0.9892320135811934, 0.9926981261304485, 0.9910751826832691, 0.9909143705720942, 0.9935987515974732, 0.9718657910146812
student, 513, 0.9952702374404744, 0.9945264996945756, 0.9957312447605112, 0.9951827934435864, 0.9880931484354845, 0.9953436688989649
student, 295, 0.9993436033285719, 0.9932194106978758, 1.0, 1.0, 1.0, 0.9744673636899503
student, 203, 0.9858042503255428, 0.9849924251718227, 0.9984522404645422, 0.9960964565556938, 0.9953692405050926, 0.9992203521263499
student, 100, 0.9981130358603251, 0.8654397113673175, 0.9983149270198763, 0.9983315002784803, 0.9987902577085708, 0.9983963304434817
student, 684, 0.9930556440838207, 0.9925961178968784, 0.99104919042039, 0.988636093153623, 0.9935978909988842, 0.9913687843016725
student, 267, 1.0, 0.9867047902319356, 1.0, 1.0, 1.0, 1.0
student, 688, 0.9922920849532262, 0.8992620619493662, 0.9917498821112175, 0.991987042258589, 0.9897426518018682, 0.9920909051140258
student, 740, 0.9675795882060352, 0.9807011412052901, 0.9949711915296122, 0.9956469631236602, 0.9969915261102417, 0.9983093557310904
student, 25, 1.0, 0.7744000981388968, 1.0, 1.0, 1.0, 1.0
student, 21, 1.0, 1.0, 1.0, 1.0, 1.0, 1.0
student, 388, 1.0, 0.9999166291313293, 1.0, 1.0, 1.0, 1.0
student, 788, 0.993447960827887, 0.9362175303941294, 0.9969113776092028, 0.9942678265810587, 0.9984783110805291, 0.9981876175856402
student, 154, 0.9932601181293578, 0.9967314587740173, 0.9959556712375647, 0.997044054696092, 0.9967588228986576, 0.9968656304714292
student, 201, 0.9946792103579135, 0.8978339878845747, 0.9932619960618406, 0.9926373922737999, 0.9918301679334747, 0.9934719809703736
student, 723, 0.9983595585155003, 0.9902354698260345, 1.0, 0.9995931092134986, 1.0, 1.0
student, 748, 1.0, 0.9103195046550071, 0.9975616683973195, 0.9963331068129276, 0.9995591270789816, 0.9988864579761788
student, 562, 0.9935606783094344, 0.9012251141425155, 0.9938516350197768, 0.9938158946367692, 0.993373187906021, 0.9939624503179473
student, 470, 0.9999478834227628, 0.7138212426377911, 0.9999475966037086, 0.9999720509851331, 0.9999251586033597, 1.0
student, 238, 0.9991596228102243, 0.9557263037322035, 0.9990062495496442, 0.9970673621975026, 0.9989763163731376, 0.8179298615904393
student, 339, 1.0, 1.0, 1.0, 1.0, 1.0, 1.0
student, 735, 0.9988295850577829, 0.9759773417456403, 0.9988523882347121, 0.9986289729964721, 0.9988199305664438, 0.9990055126060221
student, 819, 0.9979098039426734, 0.9746812134262639, 0.9958075100306389, 0.9981072638614271, 0.998137875048485, 0.9960826409521514
student, 200, 0.9952688305877171, 0.9943203334750659, 0.995664745138388, 0.9954267629207809, 0.9955371494601255, 0.995509139314794
student, 292, 0.9970389458251777, 0.9792407212163238, 0.9974464655142554, 0.9954149939369326, 0.99433675942889, 0.994761652478293
student, 392, 0.9980703269230559, 0.9953428793167604, 0.9994879931273968, 0.9976127583573798, 0.9931472602180567, 0.9957367722337446
student, 479, 0.9967969222905201, 0.9737418554703108, 0.9971094773358647, 0.9984235596606492, 0.9979717065017502, 0.9986668599771161
student, 327, 0.9924553778996142, 0.9149578319649807, 0.9944086034258542, 0.9904616999882163, 0.99173714711463, 0.9920570480183936
student, 182, 0.9968091366649574, 0.9130511805016316, 0.9960886677596908, 0.9980269300670451, 0.9979982281203651, 0.9980665549208554
student, 736, 0.9920473649224442, 0.9611646532018229, 0.9920535417502186, 0.9912726051636999, 0.9944431671714847, 0.9922343900146293
student, 764, 0.9985401347931423, 0.9901283412083486, 0.9997915331612793, 0.99998618827588, 0.9992619416693393, 0.9990023467996642
student, 777, 0.9906117163543116, 0.9876796244962348, 0.9913483448531748, 0.991973179048253, 0.9904431547806204, 0.9917218818078577
student, 150, 0.9946111596656633, 0.9960234572671232, 0.9948943845107091, 0.9943624471596886, 0.9955271912989293, 0.9948075291276556
student, 179, 0.9943251650956201, 0.8804541687457342, 0.9943866057740128, 0.9951975151651317, 0.9920231699479582, 0.9957695148753722
student, 677, 0.991314111459598, 0.8567548636612651, 0.9916382200742541, 0.9920100503183987, 0.9903654167510301, 0.993106316993462
student, 798, 1.0, 1.0, 1.0, 1.0, 1.0, 1.0
student, 669, 0.9913299692492119, 0.9826053305652129, 0.9912376557611772, 0.992244170908145, 0.9932658675528278, 0.9932523999901034
student, 485, 0.9964321243365859, 0.9580449599611445, 0.994912453578379, 0.9951893701788326, 0.9649110381531785, 0.9957580886485575
student, 487, 1.0, 0.7293564115614039, 1.0, 0.9998649977009997, 0.9999726042035294, 1.0
student, 364, 0.9962278432886218, 0.742843159686443, 0.9963987680644552, 0.9964254162549017, 0.994918815674398, 0.9961167184143793
student, 524, 0.9859790885253531, 0.961178860386028, 0.9871325533422016, 0.9853586811863401, 0.9884664992075312, 0.9878237645244267
student, 329, 0.9985727198441384, 1.0, 1.0, 0.9822185325674114, 0.9961195280352316, 1.0
student, 571, 0.9998127578636214, 0.8431785778917976, 0.9990655761494318, 0.999853473250783, 0.9998087188579126, 0.9991058072985868
student, 613, 1.0, 0.9354167544158298, 1.0, 1.0, 1.0, 1.0
student, 335, 0.9945889631864125, 0.9458116374712957, 0.9945190612199857, 0.9956490349298226, 0.9961243079268963, 0.9950683866704638
student, 92, 1.0, 1.0, 1.0, 1.0, 1.0, 1.0
student, 259, 1.0, 0.9581403164981163, 1.0, 1.0, 1.0, 1.0
student, 652, 0.9894403463309039, 0.9845094327743089, 0.989516710468142, 0.9903150164511924, 0.9907994913836916, 0.9890935492591567
student, 580, 1.0, 1.0, 1.0, 1.0, 1.0, 1.0
student, 304, 0.9955863468467467, 0.9712019932228434, 0.9962846422140582, 0.9960831762249154, 0.9980453153014833, 0.9977324091407328
student, 670, 1.0, 1.0, 1.0, 1.0, 0.9692274325872668, 1.0
student, 140, 0.9941752994554028, 0.7134536428278272, 0.9925683027731527, 0.9946488140130723, 0.9946286270820279, 0.9947172531737181
student, 461, 0.9974089780728527, 0.965554264122808, 0.9976233039169966, 0.9982840521602887, 0.9968834945388669, 0.9978416344435348
student, 161, 1.0, 0.9243944830752144, 1.0, 1.0, 1.0, 1.0
student, 344, 0.999915082414492, 0.8671115757127611, 0.9997604893220691, 0.9998263173684462, 0.999903686421177, 0.9983122355432098
student, 693, 0.9975760898499307, 0.9727360932404331, 0.9917945685049273, 0.9969039614547341, 0.9976889263008536, 0.9988385501443117
student, 396, 1.0, 0.9264050563917526, 1.0, 1.0, 1.0, 1.0
student, 50, 0.9932096657063821, 0.937064218061554, 0.9949084062101363, 0.9960341877265799, 0.9907598935172413, 0.9935513471137609
student, 128, 1.0, 1.0, 1.0, 1.0, 1.0, 1.0
student, 137, 1.0, 1.0, 1.0, 1.0, 0.9633342196535944, 1.0
student, 343, 1.0, 0.9997571296272026, 0.9974372134829373, 0.9965490894185228, 0.996043040974181, 0.994495390999658
student, 675, 0.9922721993658692, 0.9561334659964519, 0.9901210619139591, 0.991080213573987, 0.9907952069778555, 0.9899636216256621
student, 37, 1.0, 1.0, 1.0, 1.0, 1.0, 1.0
student, 274, 0.956985222885908, 0.9990711688988513, 0.9993147852138914, 0.9993849372488899, 0.9994221568417854, 0.9992493167551882
student, 90, 0.9996042137235353, 0.9176676131007915, 0.9990697009443922, 1.0, 0.9994211019470746, 0.9997370587365445
student, 143, 1.0, 0.8476285601986027, 1.0, 1.0, 1.0, 1.0
student, 30, 0.9940222449772117, 0.992354301316108, 0.9975265340163405, 0.9964565526165832, 0.9952585728950732, 0.9982078735524141
student, 318, 0.9988563608166909, 0.9053136508903906, 0.9981934900801838, 0.997572437045973, 0.9961471222709649, 0.9978419385293991
student, 217, 1.0, 1.0, 1.0, 1.0, 0.9975720559949253, 1.0
student, 234, 0.9999777538782452, 0.9371875977633572, 0.999663089469993, 0.9990287978493849, 0.9991071895624741, 0.9990181508318886
student, 651, 0.999202329284114, 0.846394630947202, 0.9967590647692579, 0.9992052964598145, 0.9966954592698892, 0.9976998748262982
student, 287, 0.6459599447878097, 1.0, 1.0, 1.0, 1.0, 1.0
student, 175, 0.9907748805088927, 0.8610443214842444, 0.9902637310593768, 0.989939113838971, 0.994231556231864, 0.990474492904498
student, 282, 1.0, 1.0, 1.0, 1.0, 0.9823169996726323, 1.0
student, 185, 0.9683948253536548, 0.9996508283748751, 0.9986897984581551, 0.9966943859882421, 0.996961812777263, 0.9971935937328306
student, 473, 0.764127695485329, 0.9980897281508609, 1.0, 1.0, 1.0, 1.0
student, 129, 0.9982934091190968, 0.9198108121342817, 0.9978967411704384, 0.9961389551151548, 0.9966143448518908, 0.9968537780622162
student, 539, 0.9958980057659368, 0.9571873804662302, 0.9917896452505289, 0.9929529713990202, 0.9950688562822987, 0.9953586110537537
student, 477, 0.9902678524017964, 0.9853924719801581, 0.9880589068341066, 0.8949413326947658, 0.9872411032103916, 0.9874817181429086
student, 828, 0.9978854249223676, 0.8353619430357607, 0.99850471453927, 0.9972612866390789, 0.9975528941618234, 0.9976933918985683
student, 787, 0.9991263168687015, 0.9863617358723521, 0.9970425214151598, 0.9987212948204535, 0.9990633040245807, 0.9980198588863723
student, 193, 0.9990795730461536, 0.9501804821311389, 0.9990792569149679, 1.0, 1.0, 1.0
student, 563, 0.9915275494124274, 0.9388500926194291, 0.9926727523076657, 0.99054723342145, 0.9908228653399846, 0.9916387797191123
student, 144, 1.0, 0.708479424939904, 1.0, 1.0, 1.0, 1.0
student, 398, 0.9972576882226031, 0.9982781946029777, 0.9857967575106812, 0.997021356099733, 0.9982982998470137, 0.9947568546282398
student, 650, 0.9991356606029708, 0.9127747548893923, 0.9997098613467271, 1.0, 1.0, 1.0
student, 542, 0.9986730454053668, 0.9954051914927061, 0.9981912114209383, 1.0, 0.9987447227169202, 0.9991490346954347
student, 370, 0.9975428873732349, 0.9417103707180382, 0.996434802006283, 0.9942744646172471, 0.997716729921834, 0.9977238674674529
student, 448, 0.9929263751340985, 0.923934428452295, 0.9929289237418799, 0.9926942332093276, 0.9918405246387517, 0.99709353395737
student, 525, 0.9969972434257162, 0.9901789542904745, 0.9941747159846769, 0.9955963673858391, 0.9964166684190711, 0.9956430789363
student, 239, 0.9906341021733155, 0.9901004044600858, 0.690399984632007, 0.9922596786191645, 0.9915621391707428, 0.9900064719537496
student, 645, 1.0, 0.9907054577099058, 0.9716423860305994, 0.998571334231438, 1.0, 0.9996406387453602
student, 783, 0.9951015229324324, 0.9586165332990149, 0.9813256764688174, 0.9959894137693235, 0.9959817930479558, 0.9947781572307135
student, 377, 0.9950344706888279, 0.7111941695294453, 0.9941621147852562, 0.9951983378651144, 0.9949861194831341, 0.9944370067434221
student, 557, 0.9972611048327258, 0.9119053655992683, 0.99789010561192, 0.9973484162289706, 0.9963615354724187, 0.9962273366419233
student, 31, 0.9996700787594962, 0.9498016767904988, 0.9997474400613602, 0.999681524270828, 0.9995741652421694, 0.9996773280303655
student, 522, 0.9928634190466414, 0.969182175427884, 0.9945001409898243, 0.9950536235612348, 1.0, 0.9958104521648968
student, 209, 0.9884344651047271, 0.9868613424067892, 0.9903641352322178, 0.990493172809236, 0.9940079570843638, 0.9892317539393706
student, 366, 0.999268977380559, 0.8248505415473445, 0.997811206427657, 1.0, 1.0, 1.0
student, 794, 1.0, 1.0, 1.0, 1.0, 1.0, 1.0
student, 481, 0.9940123127615553, 0.9686557723084496, 0.9936870771543933, 0.9945546800381302, 0.9939687719220184, 0.9937938154364873
student, 382, 1.0, 0.9955841082889512, 1.0, 1.0, 1.0, 1.0
student, 169, 0.9970707898834505, 0.8034851654271231, 0.997675865928451, 0.9980461237343319, 0.9952629969213999, 0.9975080272364254
student, 180, 0.999917533937647, 0.6830332965490279, 0.9999454629724461, 0.9998880475814934, 0.9995038425673066, 0.999871709185627
student, 536, 0.9912159609045724, 0.9579655083042798, 0.9913249513472587, 0.9922906420610687, 0.9919372680458707, 0.9928642333821536
student, 257, 0.9975614720828468, 0.8950256300194019, 0.9987936021575466, 0.9973630747254572, 0.9974631547536444, 0.9971855788648534
student, 61, 0.9951344839201995, 0.9864783223935676, 0.9952926984113053, 0.9975964059226192, 0.9954411452450608, 0.9981271317588807
student, 390, 0.998252185224808, 0.9508250974833498, 0.9980687129145543, 1.0, 0.9955807726836483, 1.0
student, 603, 0.9960408027491939, 0.9415877935480528, 0.9972823036467031, 0.9942865367285374, 0.9967103029359677, 0.9960803032078911
student, 157, 0.998571200200528, 0.664084974241319, 0.9974141017907232, 0.9956996229529166, 0.9984747433696821, 0.995663038532573
student, 507, 0.9983173642816578, 0.9948317288768211, 0.9990375565164511, 0.9977171092751955, 0.9985893133089188, 0.9980663338307573
student, 619, 1.0, 0.9447546703695384, 0.9995610884972166, 1.0, 0.9988853053195217, 0.9999216466396652
student, 99, 0.997191490487677, 0.8547656912813267, 0.9959027497657884, 0.9969413071821595, 0.9966583363315527, 0.9966384316749334
student, 518, 0.9984682153022122, 0.9980553456512917, 0.9955327127775763, 0.9977464139256285, 1.0, 0.9782880986763615
student, 248, 1.0, 0.9637577347331909, 1.0, 1.0, 1.0, 1.0
student, 630, 0.9963298622212741, 0.7741980934759408, 0.997074075919561, 0.9959877987761221, 0.9963098982828357, 0.9967042069850451
student, 459, 1.0, 1.0, 0.9745279000790231, 1.0, 0.9970609951794351, 1.0
student, 97, 0.9948545828060363, 0.9163125978471209, 0.9950362089405929, 0.9954430853518438, 0.9936627263343101, 0.997759791090933
student, 255, 0.9964450863269891, 0.9699604331938859, 0.9941144272911356, 0.9982291711942982, 0.9977122934446261, 0.9985423725444974
student, 773, 0.996990459434594, 1.0, 0.9936393629557375, 0.9959524222443972, 0.9940918753086415, 0.9963598421732942
student, 345, 0.8838527234398946, 0.999863583249282, 0.9933906810611746, 1.0, 0.8347372310782992, 0.9977982184935552
student, 357, 0.9947327180836005, 0.8839960477072323, 0.9956503852059827, 0.9973136241172006, 0.9955911316844093, 0.9977262908179445
student, 310, 1.0, 1.0, 1.0, 1.0, 1.0, 1.0
student, 772, 0.9594704692466265, 0.764670801605498, 0.9977095260596849, 0.9980684698172896, 0.9989384947166788, 0.9972274149749749
student, 454, 1.0, 0.9991511993776628, 1.0, 0.9999282172641161, 1.0, 1.0
student, 550, 1.0, 1.0, 1.0, 1.0, 1.0, 1.0
student, 360, 0.997175716676365, 0.9540267850630914, 1.0, 0.9989424593529568, 0.998064045762368, 0.998497192222905
student, 197, 0.9958842865931106, 0.9942364234396966, 0.9953499490943231, 0.9967072833851482, 0.994413982025958, 0.9922383810061411
student, 618, 1.0, 1.0, 1.0, 1.0, 1.0, 1.0
student, 591, 0.9977419603393032, 0.8668407293523402, 0.9981094485865054, 0.9976927870224023, 0.9976812005950099, 0.9976826935711267
student, 721, 1.0, 0.9989734786963114, 0.9867982233241235, 0.999491826926038, 1.0, 0.9967744618486071
student, 139, 0.9992519816411636, 0.9325860404327307, 0.9992725067203977, 0.9995625645410422, 0.9996291481394748, 0.999502620632984
student, 368, 0.9950528101296962, 0.8855684154957181, 0.9942498154939146, 0.9952561212399896, 0.9952909746497087, 0.9950873720749188
student, 700, 0.9962010632985042, 0.8547685193384563, 0.9911144328331413, 0.9959487460748884, 0.9926454320907886, 0.9937012527740714
student, 126, 1.0, 0.8713624433419301, 1.0, 1.0, 0.997676561823475, 1.0
student, 293, 1.0, 0.9915568899854961, 1.0, 1.0, 1.0, 1.0
student, 132, 0.9914642304520294, 0.95542427353629, 0.9922876305379205, 0.9921701283538688, 0.9927579750605057, 0.9926356700836337
student, 614, 0.9976093194731386, 0.9965491425820133, 0.996526336991738, 0.9968677024327802, 0.9965173628564757, 0.9971144055695184
student, 767, 0.9982884091192645, 0.9705623986224207, 0.9971082580388282, 1.0, 0.9995976064172679, 1.0
student, 121, 1.0, 0.9813487181077981, 1.0, 1.0, 1.0, 1.0
student, 440, 0.9939174355195153, 0.9283791244172814, 0.9928070405590435, 0.9944897718985315, 0.9973835464556636, 0.9941685715204412
student, 778, 0.9905285098770191, 0.9881261956173883, 0.9929194940812299, 0.9917065599694691, 0.9910299706167132, 0.9910362173993668
student, 438, 0.9933762400408935, 0.9397507929312526, 0.9965970531262676, 0.9941643102231322, 0.989963601473969, 0.9943232110823758
student, 268, 0.9935016964593071, 0.8915298601220609, 0.9955214288075828, 0.9915526556170073, 0.9935177281704279, 0.9935438865767011
student, 612, 0.9912885468462121, 0.9584825151868377, 0.9918156001150588, 0.9921942519038477, 0.9935834502856807, 0.9930062098552721
student, 261, 0.9972305232996529, 0.9764586059643807, 0.9976562705093079, 0.9981007629275126, 0.9995374941770097, 0.9977025125246701
student, 629, 0.9929719503274754, 0.86776691162677, 0.9933939322762453, 0.9939350050093552, 0.9927320450947889, 0.993792123375311
student, 698, 0.9950789233956799, 0.99811074017292, 0.9941428740464802, 0.9972854577820809, 0.975929648580026, 0.9970981191626208
student, 375, 0.9910321814909268, 0.9858340438556485, 0.9945886991082786, 0.9936758109736562, 0.8237831835901496, 0.9965586928663324
student, 196, 0.9996304966471249, 0.9970459376094085, 0.9996477693864901, 0.9836583949266552, 0.9980681431637112, 0.9978802404466051
student, 583, 0.9983901269160514, 0.9140953351983483, 0.9937275977479575, 0.9978678505256743, 0.9949466823360079, 0.9962453316341557
student, 120, 0.9965658815767237, 0.9969932495109228, 0.9971491181267635, 0.9964512868525328, 0.9965583207774004, 0.9817676249195029
student, 609, 0.9889704132261726, 0.9852499687733608, 0.9679248230526512, 0.9880645294725641, 0.9881848242294762, 0.9889187903769477
student, 221, 0.9980282187387259, 0.9922966662161165, 0.9979512195852859, 1.0, 0.997093132371717, 0.9998191852150783
student, 114, 1.0, 0.9974157822482951, 0.99808491366816, 0.9973611494288473, 1.0, 0.9987694826100912
student, 668, 0.9887669779666335, 0.9888672528108254, 0.9888110678766686, 0.9882944741967089, 0.9777231634938354, 0.9888592486853787
student, 241, 0.9909488399917235, 0.9854267282290737, 0.9902133222144478, 0.9881526931501796, 0.9871668446206187, 0.9906702741604394
student, 88, 1.0, 1.0, 1.0, 1.0, 1.0, 1.0
student, 356, 0.9965364392508795, 0.9466714317811188, 0.9963809065700889, 0.9958150659917463, 0.9958863532476057, 0.9954963016666404
student, 456, 0.9971032373425681, 0.9960983901205884, 0.9967225175610437, 0.9969883122718759, 0.9967249797972888, 0.9922490258451209
student, 634, 0.9955959822646476, 0.9940614323805791, 0.9564733262618372, 0.9939993905315913, 0.9933316116971769, 0.9933730866727748
student, 73, 1.0, 1.0, 1.0, 0.999772477556752, 1.0, 0.9998359451130809
student, 643, 0.9961916590615445, 0.9500804680169415, 0.99327626878101, 0.9948210141178409, 0.9954428984670449, 0.9942942292266423
student, 53, 0.996459957836369, 0.9842480941590829, 0.9976717298082575, 0.9952713066299396, 0.995626133277021, 0.9957357009909743
student, 574, 1.0, 0.9112989266011073, 1.0, 0.998460584186158, 0.9974777654726997, 1.0
student, 245, 1.0, 0.9999646496191423, 0.9977106620396111, 0.9997921353521699, 1.0, 1.0
student, 184, 1.0, 0.7378156891447201, 1.0, 1.0, 0.9998369107958148, 1.0
student, 765, 0.9968659882591508, 0.9772480056790439, 0.9978092859385679, 0.9957593641696371, 0.9958338712246242, 0.9967061923164571
student, 548, 1.0, 1.0, 1.0, 1.0, 1.0, 1.0
student, 165, 0.99587279331021, 0.9333760960318171, 0.9962057882437316, 0.9960358185225555, 0.9958658498010258, 0.9960643185237584
student, 285, 0.9904977125970181, 0.9904970320976577, 0.9275402261750727, 0.9907059273753389, 0.9905657802230068, 0.9911742075898531
student, 226, 0.9972736402898355, 0.9717609744632343, 0.9973955335947663, 0.9972800697140031, 0.9971330878638499, 0.9973763066635601
student, 135, 0.9938504472571834, 0.9486093306817529, 0.9676937066631097, 0.9973713808671737, 0.9984479331366408, 0.9951607547233476
student, 708, 0.9959645130507917, 0.9602922792444496, 0.9958815147227673, 0.9960385768823253, 0.9966710537825398, 0.9962183261885484
student, 96, 1.0, 1.0, 0.9536036613925815, 1.0, 1.0, 1.0
student, 247, 0.9989665527115716, 0.9275158126673781, 0.9996935189966176, 0.9996766077051682, 0.999394220321095, 0.9996013516033599
student, 663, 0.9930442484111103, 0.9772334126861867, 0.9958147514486392, 0.9953247983991704, 0.9989907361061384, 0.9975433413066755
student, 750, 0.9915829511101526, 0.9454163375357182, 0.9763308876272282, 0.9942348829771541, 0.990743281828945, 0.9890071478361084
student, 374, 1.0, 1.0, 0.9976663004536435, 1.0, 1.0, 0.9930862515643406
student, 87, 0.9990869398875645, 0.9999628621160526, 0.9435190229243804, 0.9989495212327224, 0.9988487257281349, 0.9990467192851443
student, 354, 0.9972034277162317, 0.993286955740017, 0.9259428546838244, 0.996240752117422, 0.9959569219734734, 0.9970005093238181
student, 362, 1.0, 0.9182248310677288, 1.0, 1.0, 1.0, 1.0
student, 194, 0.9976799395472353, 0.9437584263458553, 0.9978119564556782, 0.994732830266799, 0.9980458114929501, 0.9959677173633663
student, 581, 0.9959968197194906, 0.9987361142198645, 0.993724275105795, 0.9959524622285034, 0.9979433634342187, 0.9647977981397132
student, 94, 1.0, 1.0, 1.0, 1.0, 1.0, 1.0
student, 160, 1.0, 0.8039810686385901, 1.0, 1.0, 0.999875822597411, 1.0
student, 418, 0.9985688182235346, 0.9807315969074205, 0.9969668413367097, 0.9753385521653637, 0.9994143717915369, 0.9979571532195933
student, 352, 0.938407581527975, 0.963654315898524, 0.9948041062932194, 0.9954524007249453, 0.9974949519730291, 0.9965683833687413
student, 478, 0.9513894503625472, 0.9965033256895611, 1.0, 1.0, 0.9999412428781317, 1.0
student, 640, 0.9953975170454517, 0.9170088458939097, 0.9954154580370587, 0.996587483752389, 0.9963471724468901, 0.9958311676138749
student, 579, 0.9969755601158377, 0.9468035754545109, 0.9969001514145728, 0.9944504328331537, 0.9934173934446764, 0.9945573825423324
student, 471, 1.0, 1.0, 1.0, 1.0, 0.9999823247534297, 1.0
student, 195, 0.988448508970731, 0.9759110188304078, 0.9862267509635181, 0.9863118737056256, 0.9925034688600592, 0.9906470896458885
student, 66, 1.0, 0.9987035269463372, 0.9999674164931209, 0.7182352584175853, 1.0, 1.0
student, 249, 0.9946320851561701, 0.9778447444350811, 0.9942238614234498, 0.9947581135099888, 0.9940434685678107, 0.9946202087855672
student, 176, 0.9991596060706296, 0.9120661380598923, 0.9992920442868085, 0.9993953831680031, 0.999154754671501, 0.9994555311180077
student, 220, 0.9933683035643123, 0.9923063206780224, 0.9936678436968005, 0.9936689914653848, 0.9937364294956619, 0.993797329378714
student, 696, 0.9937631355298646, 0.998783457021371, 0.9978746503082265, 0.9982862296935455, 0.9786550680901911, 0.9970931514177286
student, 463, 1.0, 0.9927466310941224, 1.0, 1.0, 1.0, 1.0
student, 420, 0.9934200486500212, 0.9864060562932108, 0.9941918868839799, 0.9952273059841097, 0.9950340208883106, 0.9939418241576917
student, 538, 0.992053931655792, 0.9235278398646857, 0.992585734294843, 0.9925441341884573, 0.9922351845391483, 0.9923183383976418
student, 104, 0.995729465771417, 0.9903866943477422, 0.9922437183984055, 0.9942057500021321, 0.8998771223759034, 0.9983008488255631
student, 32, 1.0, 0.9664489515087495, 1.0, 1.0, 1.0, 1.0
student, 599, 0.9998247707346657, 0.9995356569441688, 0.9996849355390779, 0.9280994161180358, 1.0, 0.999553741957943
student, 641, 0.990694942290908, 0.8916902055842623, 0.9915700113366558, 0.9936917598056876, 0.9925326926140908, 0.9921975465212766
student, 378, 0.9958605302339921, 0.9889761700752369, 0.981223724273864, 0.9958314208963172, 0.9970122709169502, 0.9965392213654364
student, 444, 0.9992409745212112, 0.9470663380452737, 0.9980064654187538, 1.0, 0.9976038339713634, 0.998813478028642
student, 386, 1.0, 0.9981060975902953, 1.0, 1.0, 1.0, 1.0
student, 202, 1.0, 0.9989616095288361, 0.999976784003348, 1.0, 1.0, 1.0
student, 376, 1.0, 1.0, 0.9915618777045264, 1.0, 1.0, 1.0
student, 301, 1.0, 0.6539698421012546, 1.0, 1.0, 1.0, 1.0
student, 325, 0.9908111067713038, 0.9781672641673482, 0.9917328481379885, 0.9893711763628141, 0.9927702827029334, 0.9953415023980628
student, 749, 1.0, 0.9752290443644931, 1.0, 1.0, 0.9994558454129187, 1.0
student, 205, 0.9973965174795922, 0.9797479956746705, 0.9949332148898498, 0.9939940440940137, 0.9994808221623827, 0.9977308753814925
student, 457, 0.9973569442795136, 0.9754957637430498, 0.9964413695280139, 0.996503481957649, 0.9960533920981065, 0.9965618673499878
student, 353, 0.9942108806579066, 0.9080579936897103, 0.9970241286296196, 0.9975165907461989, 0.9974674571614076, 0.9972773570098291
student, 472, 0.9978082986865571, 0.9987261236572438, 0.9977790738094209, 0.9979617911476751, 1.0, 0.999347251055252
student, 17, 0.9965603091690383, 0.9972604516465776, 0.9966175260237815, 0.9954871224732185, 0.9962605793031624, 0.9949873305315861
student, 617, 0.995850755717416, 0.9938735582663524, 0.9916633022011797, 0.9945773963027577, 0.9979053870838493, 0.9598279485930783
student, 666, 0.9997987239449055, 0.8237258840579627, 0.9999745208777144, 1.0, 1.0, 1.0
student, 78, 0.9926798034150776, 0.9926555454965276, 0.9928195360008275, 0.9929377847480509, 0.9933145054643298, 0.9920463384048974
student, 178, 0.9974642970600269, 0.9518134504683826, 0.9954101695972986, 0.9957393293209273, 0.9987492004277458, 0.9966696311809153
student, 43, 0.9981867111292095, 0.9306800619799629, 0.9988222832489811, 0.9992468503950793, 0.9990461905821021, 0.9975091928959552
student, 716, 0.9980704543716836, 0.9718106742745879, 0.9979112713759619, 1.0, 0.999276430807368, 0.9989214291584622
student, 602, 1.0, 0.8827078463264041, 0.998898175124295, 1.0, 1.0, 0.9961162018208054
student, 701, 0.9905622488651403, 0.9902819206898227, 0.9785226814504214, 0.9939048596509931, 0.9913443547187165, 0.9921676188973181
student, 569, 0.9997010780947808, 0.886076234043967, 0.9996796058290389, 0.9997778209928488, 0.9997141325230678, 0.999730628701144
student, 432, 0.993860235067363, 0.972777932360706, 0.995056791593453, 0.9952311078532194, 0.9959285613851238, 0.9936459117662336
student, 371, 0.9892592568715283, 0.852933432557662, 0.9990831680207064, 0.9989394513691728, 0.9989501627717204, 0.9996366403668124
student, 314, 0.9975972884845887, 0.8012895348834993, 0.9974313043238983, 0.9984645830593979, 0.9983546777633738, 0.9976059734011361
student, 125, 0.9956954350686577, 0.749941402079362, 0.9935469512320686, 0.9956563589669912, 0.9942511595654682, 0.995156795219055
student, 273, 1.0, 0.9782740095531652, 0.9984039064444524, 1.0, 1.0, 0.9989880955307436
student, 545, 1.0, 0.8310829545067434, 1.0, 0.9993811777710769, 0.9995298149512903, 0.9996570296510978
student, 363, 0.9993275229446162, 0.9481344390500561, 0.9939637687578001, 0.997132932062214, 0.9982438255163768, 0.9989915514556542
student, 216, 0.9994084556233808, 0.9871840957861211, 0.9986558712496297, 0.999100609218176, 0.9963372230127153, 0.9988133098157724
student, 65, 0.9983650949893486, 0.9950169914074373, 0.8541978363051348, 0.9979230513708461, 0.9990562187011097, 0.9981589873568554
student, 655, 0.9976869717487106, 0.9371327865913575, 0.9960159937480726, 0.9980458225594787, 0.9986319465834751, 0.9862380149663059
student, 321, 0.9996849312196567, 1.0, 1.0, 1.0, 1.0, 0.9993577186611798
student, 465, 0.9921518782885865, 0.9462955299513333, 0.9943229040931244, 0.9958106416037141, 0.9954300030591215, 0.9954593104794633
student, 656, 0.9950456013071893, 0.937269568723296, 0.9924603722964919, 0.9945372997203071, 0.9951298020536549, 0.9944206616769459
student, 480, 1.0, 1.0, 1.0, 1.0, 1.0, 1.0
student, 625, 1.0, 1.0, 1.0, 1.0, 1.0, 1.0
student, 277, 1.0, 1.0, 1.0, 1.0, 1.0, 1.0
student, 250, 0.9062650669882463, 0.9852262760618343, 0.9857530814548584, 0.9852451884229376, 0.9887314422667828, 0.9858369120390164
student, 264, 0.9973526860412983, 0.9871368135319513, 0.9972596116645069, 0.9979560685525827, 0.9983814372844024, 0.9979430437317864
student, 565, 1.0, 0.7922837462353239, 1.0, 1.0, 1.0, 1.0
student, 674, 0.9982274463022168, 0.9799084563155454, 0.9981825156478565, 0.997276251131776, 0.9920036265437847, 0.9980247244942854
student, 207, 0.9925618532926305, 0.9958196217747848, 0.9961383622023502, 0.9949831948609746, 0.9976629048822869, 0.994765516989765
student, 361, 0.9939318691223882, 0.9721680132411955, 0.9926969024034749, 0.993897587313344, 0.9933163909719004, 0.9943081410253336
student, 680, 0.9973261488407004, 0.7295076901345958, 0.9979862592781487, 0.9969101323460153, 0.9964111523163899, 0.9974012324167179
student, 52, 0.9997297170929571, 0.7292298877175338, 0.9996210182641639, 0.9995310949638141, 0.9996087633707352, 0.9998503251841866
student, 553, 0.9999662813756456, 1.0, 0.9983091210753513, 1.0, 0.9994638632586776, 1.0
student, 449, 0.8212969227633874, 0.9940791367047682, 0.9933795516497895, 0.9949015909882413, 0.9944241633541274, 0.9952938288619928
student, 242, 1.0, 0.9941174371319016, 1.0, 1.0, 1.0, 1.0
student, 483, 0.9956062300623876, 0.9151862015495924, 0.9964417088450711, 0.9959649127813027, 0.9969312085424279, 0.9968157847718692
student, 568, 1.0, 1.0, 0.9928440787852533, 1.0, 1.0, 0.9985535853810948
student, 333, 0.9995415605509574, 1.0, 1.0, 1.0, 0.999399669688277, 1.0
student, 757, 0.9886544949953195, 0.9977331623149608, 0.9966183879819195, 0.9988658585698994, 0.9960081205000858, 0.9976299466703313
student, 671, 0.9997941688922616, 0.9752800914419582, 1.0, 1.0, 1.0, 1.0
student, 746, 0.9989262920641783, 0.9973197187419484, 0.999025735919571, 0.9993288838010994, 0.9460149629521835, 0.9993438864950489
student, 269, 1.0, 0.9634869739476518, 1.0, 0.9974184962803367, 1.0, 1.0
student, 279, 1.0, 1.0, 1.0, 1.0, 0.9994597486675993, 0.9993472444605852
student, 743, 0.9915249939438278, 0.9573141441258367, 0.9928526257805197, 0.9938265117815739, 0.9984198925332247, 0.9936062129381473
student, 697, 0.9989705392711293, 0.9852262113482982, 0.9969160515249615, 1.0, 1.0, 1.0
student, 106, 1.0, 1.0, 1.0, 1.0, 0.9350792491160043, 1.0
student, 142, 0.9984088395566656, 0.9911254225582737, 0.9985542675768436, 0.9948304372266944, 0.8765526493318696, 0.9955828914713609
student, 76, 0.9973322699418915, 0.996009898746936, 0.9973782050433612, 0.9982342671977462, 0.9938137477928684, 0.9975293982167415
student, 690, 1.0, 0.9939089691594486, 1.0, 0.9991690035416683, 1.0, 0.998863452647454
student, 526, 0.997447482512784, 0.9830947994179047, 0.997178809577645, 0.9969618941382079, 0.9966737279419551, 0.9971623237751
student, 84, 0.999324791512044, 0.8517764951260265, 0.9993004051180044, 0.999604382800091, 0.9991693362604218, 0.9997856171415034
student, 27, 0.9997470710786522, 0.9987001968062376, 0.9979799521624486, 1.0, 0.9984562029381956, 0.984793048928973
student, 210, 0.997424609456219, 0.9068080532303182, 0.9938592887070073, 0.9953862911352509, 0.9947855467891485, 0.9975182968978125
student, 573, 1.0, 0.7119907018586956, 0.9997786259494371, 0.9998509146648191, 1.0, 0.9999407515707172
student, 63, 0.9942180135220448, 0.8538870829589087, 0.9956328082595277, 0.9955939446056465, 0.9980545243393824, 0.9967592538775233
student, 535, 0.9995329311533956, 0.9019535032192092, 0.9990488485471553, 0.9994033570601819, 0.9998565011724835, 0.9996388526383634
student, 790, 0.999778465785625, 0.8671926106205816, 0.9997288715744111, 0.999847902681207, 0.9997500544487216, 0.9998281937731203
student, 163, 0.9971470725528422, 0.9620568180707307, 0.99699547494985, 0.9988870411506429, 0.9975233583388119, 0.998606174602136
student, 334, 1.0, 1.0, 1.0, 1.0, 1.0, 1.0
student, 208, 0.999093292996803, 0.9360603053123845, 0.9982511566656541, 0.9987648923771748, 0.9974506414708809, 0.9988148330351392
student, 168, 1.0, 0.9954025966546375, 1.0, 0.9208496105719615, 1.0, 1.0
student, 47, 1.0, 1.0, 1.0, 1.0, 1.0, 1.0
student, 246, 0.9950907068247569, 0.994176519636465, 0.9950877805071114, 0.9951679712531141, 0.9590870842281344, 0.9959378619492397
student, 527, 0.9961898320344861, 0.996590442803395, 0.994484645091705, 0.968940636412028, 0.9964527694990916, 0.9966419999514426
student, 589, 0.9964216936883619, 0.9968865239730359, 0.9971617150357632, 0.998038078566949, 0.9718977900770495, 0.9957297838822379
student, 240, 0.9932114174676905, 0.9653330353313658, 0.9961860279054248, 0.9965093330262678, 0.9968963839083581, 0.9958382955948825
student, 430, 0.9971472193870125, 0.9821306932079251, 0.9972700601403901, 0.9964461592229565, 0.989855461792841, 0.9974152971367201
student, 171, 1.0, 0.9937467726733699, 1.0, 1.0, 1.0, 1.0
student, 102, 0.9132528705192988, 0.9998757826295774, 1.0, 0.9999675188435797, 1.0, 1.0
student, 576, 1.0, 0.9701949371193815, 0.9972094859262013, 1.0, 0.9995676296510485, 0.996416281704974
student, 729, 1.0, 1.0, 1.0, 1.0, 1.0, 1.0
student, 341, 1.0, 1.0, 1.0, 1.0, 1.0, 1.0
student, 141, 0.9961817452046605, 0.8116363945107459, 0.9972475433765781, 0.9967369011356586, 0.9971911895582418, 0.9976917897198251
student, 156, 0.9952613345916693, 0.8746830153916372, 0.9953962305162731, 1.0, 0.9987067512967079, 0.9986493960816326
student, 136, 0.9918270499569702, 0.8014336194199609, 0.9933255099144592, 0.9923534273988004, 0.9913640865158375, 0.994272820950256
student, 501, 1.0, 0.8513623084167412, 1.0, 1.0, 1.0, 1.0
student, 79, 1.0, 0.9632187172143666, 0.9988239408461888, 1.0, 1.0, 1.0
student, 55, 1.0, 0.9697383266937138, 1.0, 0.9999612517588427, 1.0, 0.9987825666934979
student, 672, 0.997811980469735, 0.8149814185023576, 0.9977284556807746, 0.9975379692764319, 0.9972476733508797, 0.9974229602652619
student, 703, 0.9981336802364376, 0.9459665332595343, 0.9970160470940213, 0.9966299050290784, 0.9962965212641285, 0.9978068213883036
student, 133, 0.990817010360891, 0.9087854373772667, 0.9896273001166157, 0.9931650730541282, 0.9913004877861485, 0.9934093859663145
student, 585, 0.9561875881879771, 1.0, 0.9988945009491702, 0.9981402700989636, 1.0, 0.9993966046623225
student, 26, 1.0, 0.759200270086056, 1.0, 1.0, 1.0, 1.0
student, 710, 0.9981323398372204, 0.9613925745083917, 0.9975852153160347, 0.9978847878794068, 0.9977457342956887, 0.9983299348889119
student, 212, 0.9840603697642683, 0.8798774450938044, 0.9844763892003127, 0.9834221515057033, 0.9850404885397629, 0.9840346875289423
student, 661, 0.9891094354934542, 0.9855067552727279, 0.9887360882458259, 0.97792276193959, 0.9901530443667184, 0.9868255054937233
student, 243, 0.9904455681822754, 0.9922497565547128, 0.9928933479782247, 0.9925642938959934, 0.9811749774716352, 0.9918369802208027
student, 316, 0.9981955773069611, 0.9960513165446736, 0.9978849952185079, 0.998356963817314, 0.9741121555025163, 0.9968426675283398
student, 206, 0.9937594662251952, 0.9286630394333227, 1.0, 0.9986103308414941, 1.0, 0.9987086703860412
student, 198, 0.9926410607757201, 0.9968526148910578, 0.9957138280619746, 0.9951650302859028, 0.9967224945910985, 0.994190174454228
student, 476, 0.9960615597257576, 0.9296655226547585, 0.9898591972007698, 0.997523927554568, 0.9877253783543843, 0.9983469404916347
student, 556, 0.9969589604655764, 0.9388418310986829, 0.9973039947992406, 0.9971960034517724, 0.99797942051896, 0.9984088748692698
student, 48, 1.0, 0.7302551866617838, 1.0, 0.9993751503781422, 0.9980906620233115, 1.0
student, 323, 0.996769992660842, 0.9973553319425827, 0.9936617886887319, 0.9981380562594782, 0.996322695719134, 0.9827905359719908
student, 577, 0.9736650426951028, 0.9900484338218011, 0.9888551524632553, 0.9917875895740774, 0.9931962306066365, 0.9890942130865775
student, 276, 0.9991527427002571, 1.0, 1.0, 0.9443888296227069, 0.9977551043003222, 0.9984945630483654
student, 138, 0.9915877938681096, 0.8103660704628401, 0.9928301770939812, 0.9928168134466149, 0.9913258495749322, 0.9943097533864441
student, 215, 1.0, 0.9598511841242909, 1.0, 1.0, 1.0, 1.0
student, 713, 0.9955883638738684, 1.0, 0.9827088348851425, 0.9980588428408, 0.9977662523417724, 0.9960710204737644
student, 359, 1.0, 0.9433890276865514, 0.995951042144855, 1.0, 1.0, 1.0
student, 223, 0.9915216497450405, 0.9723926738204157, 0.993241942054939, 0.9922752847283629, 0.9917608603827053, 0.9928167646707584
student, 312, 1.0, 1.0, 1.0, 1.0, 1.0, 1.0
student, 606, 1.0, 0.9639903151745972, 0.9992865910552949, 0.9936474671068158, 0.9992661971876912, 1.0
student, 192, 0.9892102905633997, 0.9867880132108396, 0.9688875211833416, 0.9882520980286073, 0.9878064369336512, 0.9886986620570946
student, 667, 0.9998763190501703, 0.8581257407133284, 0.9996195508747067, 0.9998289719386325, 0.9992821619325155, 0.9997414110942435
student, 776, 0.999277176227405, 0.9865795569311722, 1.0, 1.0, 1.0, 1.0
student, 733, 0.9898453570794289, 0.9788916199552323, 0.9878603806414027, 0.9898313446328144, 0.9899713305369742, 0.9887360815507396
student, 280, 1.0, 1.0, 1.0, 0.9975366807410906, 0.9996462432316543, 1.0
student, 426, 0.9892968829983847, 0.9870973811751063, 0.9879274454480697, 0.9887165341545414, 0.9754167243083375, 0.9879992624054621
student, 464, 0.9964133729177765, 0.9766073449124858, 0.9963965874405724, 0.99644165463364, 0.9963387596145722, 0.9964365110666197
student, 101, 0.9988227515773415, 0.8635771585634751, 0.9986180225876485, 0.998580715538424, 0.9986629995938808, 0.9986887259673755
student, 186, 0.9961273008324285, 0.996539820314971, 0.99594887316237, 0.997757317623202, 0.9727327237255731, 0.9959601474307924
student, 211, 0.9951671116837748, 0.9982660829399804, 0.998147829001275, 0.9992221169448472, 0.9264460908177825, 1.0
student, 741, 0.988499373617231, 0.9938117082684667, 0.9937601403723688, 0.9931228124852992, 0.995277131317892, 0.996450322669147
student, 271, 0.9975088352888444, 0.9958532713420687, 0.9973866164134093, 0.9970786680293411, 0.8727599625176156, 0.9978115553193911
student, 451, 0.9991233879325453, 0.9968802172475048, 1.0, 1.0, 1.0, 1.0
student, 123, 0.9994088815180096, 1.0, 1.0, 1.0, 1.0, 0.9997272978394549
student, 475, 1.0, 0.9979069724158361, 1.0, 1.0, 1.0, 0.9946335764256928
student, 167, 0.9994049699524973, 0.8983765421484722, 0.9994564915848568, 0.9994193603331996, 0.9993636116984167, 0.9997659073938999
student, 578, 0.9659636975213283, 0.9361330202172392, 0.9927328097245767, 0.9957091713685086, 0.992788760186083, 0.9930621198804401
student, 158, 0.9956424710968674, 0.8943477355485956, 0.9929723777165056, 0.9943796188531479, 0.995334965590235, 0.9944775330865495
student, 131, 0.9973528312226695, 0.9081869771899456, 0.9972175811072603, 0.9963100836299015, 0.9965651858538286, 0.9974056562029322
student, 560, 1.0, 1.0, 1.0, 1.0, 1.0, 1.0
student, 436, 1.0, 0.8175056686305546, 1.0, 1.0, 1.0, 1.0
student, 605, 0.9926422166416469, 0.9975417658778203, 0.9980654508492007, 0.9980986265475674, 0.998394685988135, 0.9977457070176899
student, 272, 1.0, 0.9417868314411534, 0.9953893918990704, 1.0, 1.0, 0.9971917380012266
student, 111, 1.0, 1.0, 1.0, 1.0, 1.0, 1.0
student, 789, 0.9863787310696603, 0.9971010424127311, 0.9973577108408803, 0.9973681996783834, 0.9978611439913334, 0.9974793930917071
student, 644, 0.9940076014919274, 0.9673297622279191, 0.9943263050128537, 0.9949662855814063, 0.9935464593207776, 0.9938602518360596
student, 145, 0.9991793343876775, 0.9289762655783125, 0.9985404784250588, 0.9985070556566489, 0.9986021780152347, 0.9983452415220619
student, 622, 1.0, 0.9995529184727742, 1.0, 1.0, 1.0, 1.0
student, 546, 1.0, 1.0, 1.0, 1.0, 1.0, 1.0
student, 119, 0.991820020065988, 0.9869539600932518, 0.9912530108055726, 0.9924016068787188, 0.9934178997514609, 0.9915128824677616
student, 288, 1.0, 0.916108977778406, 0.9995055724933006, 1.0, 0.9983266659684725, 1.0
student, 516, 0.9931362758876646, 0.9958406056133948, 0.9893321024997458, 0.9915050435325358, 0.9892896194176974, 0.9912073744449185
student, 505, 1.0, 1.0, 1.0, 1.0, 1.0, 1.0
student, 610, 0.9922517519424052, 0.9012160815585262, 0.9973308637671485, 0.9982622353519737, 0.9928844031675077, 0.998128007174975
student, 124, 1.0, 0.9898200977725179, 1.0, 1.0, 1.0, 1.0
student, 611, 1.0, 0.9970017076111928, 0.9993223564589253, 0.9968067216359183, 0.9999189935260259, 0.7115130634900702
student, 724, 0.9944880842165398, 0.9975341401301044, 0.9963653911128537, 0.9980623544697174, 0.9968249245793204, 0.9949939444896085
student, 549, 0.9945902709703717, 0.9874972121971427, 0.9939865442369571, 0.9938860647144958, 0.9939356024161125, 0.9940944213277272
student, 372, 0.9945989628906695, 0.9931102822584245, 0.994804955129038, 0.9957137775605421, 0.8869949990400143, 0.9960742806547247
student, 648, 0.9961371867504872, 0.9917025188118426, 0.9972053607727214, 0.9959862704768224, 0.9949346399155842, 0.9960408452572462
