item, 1 x 1, 0.6438769969604752, 0.9004198770672079, 0.626815192615719, 0.6197114959984905, 0.6926436911200966, 0.6228489614572101
item, 1 x 10, 0.8300886228572362, 0.8905049101081959, 0.5684068977329533, 0.9734381847451719, 0.8703622766125158, 0.808940987104672
item, 1 x 2, 0.8501173498015032, 0.7497674359811309, 0.6805300640052817, 0.8606496844008997, 0.9933906617480429, 0.9771032614279066
item, 1 x 3, 0.9825227889703788, 0.5776122858498298, 0.4552933841674147, 0.7437961111911563, 0.7914451848054709, 0.8600143600941254
item, 1 x 4, 0.9671096409753628, 0.9216035648433125, 0.41363011719337284, 0.5711206621365179, 0.3475089388406276, 0.8258551922511205
item, 1 x 5, 0.7577213926103405, 0.6933081603761883, 0.3463690054402602, 0.7245045898605611, 0.7413052882053294, 0.8527884711496588
item, 1 x 6, 0.7186054052278275, 0.7469203222014078, 0.4444451048429414, 0.7665694879953636, 0.8273749456720658, 0.40244753160854246
item, 1 x 7, 0.9669145847334052, 0.7731520564539108, 0.08058627088021028, 0.76346431799192, 0.9819115008408716, 0.6193228107915655
item, 1 x 8, 0.3849207248263441, 0.5593996288754041, 0.5395803506533441, 0.740105553423932, 0.38267251166205585, 0.8732495677043961
item, 1 x 9, 0.5931133582981309, 0.5769959687661098, 0.3767555642250562, 0.9612354349263711, 0.3301615965669584, 0.9898521385467488
item, 10 x 1, 0.98660086294184, 0.7905885605775579, 0.554132845143502, 0.6186456287882974, 0.8607075339860751, 0.6713592536117893
item, 10 x 10, 0.7330137196485976, 0.7009703466984276, 0.6287579626831868, 0.8087804141672313, 0.8351012476345548, 0.7597347009499982
item, 10 x 2, 0.8524889616586658, 0.8416605598898418, 0.5630051773432961, 0.8858415510266155, 0.9769683402470446, 0.8254252370095421
item, 10 x 3, 0.6423011151217235, 0.8805190112891869, 0.4497621027034556, 0.7422444787405623, 0.5556193939134261, 0.7628802643372797
item, 10 x 4, 0.4524187004693299, 0.7331920929620392, 0.5523078546470611, 0.6222584197988765, 0.8125102984151866, 0.8070662473923718
item, 10 x 5, 0.45228142171454827, 0.8070802733365359, 0.6321387557110494, 0.5014788805205496, 0.7438652510023002, 0.706603803070923
item, 10 x 6, 0.5675941354085166, 0.7409894706402316, 0.5352543098505561, 0.996775781412756, 0.8132907921012953, 0.6346182198317022
item, 10 x 7, 0.5830246606173943, 0.7655446671242002, 0.515517312541357, 0.8676218617961383, 0.9321069933086938, 0.503398559113284
item, 10 x 8, 0.514805132087504, 0.9593109096057203, 0.546690284595312, 0.9406845041823687, 0.5635338149220849, 0.8689549752475021
item, 10 x 9, 0.539025461379039, 0.7068683176722054, 0.6823945951367001, 0.770913769545103, 0.9588787058596755, 0.6988084303990059
item, 2 x 1, 0.5915406295490626, 0.5462735216578786, 0.4591530025469486, 0.9677903297962414, 0.4987255408326814, 0.5729562519260806
item, 2 x 10, 0.6387127856207788, 0.8298245185395553, 0.7080469308359923, 0.9008665168771673, 0.7908559205580691, 0.8764741183674306
item, 2 x 2, 0.9993071691022841, 0.8334015881827208, 0.47536827804796195, 0.902947812246207, 0.7387717374571422, 0.9396601502537113
item, 2 x 3, 0.966007874473251, 0.6952874713115115, 0.6092575343322237, 0.9386289867832235, 0.8029684888696573, 0.993766668628122
item, 2 x 4, 0.8761793584873544, 0.9858727322120013, 0.488075254687166, 0.6860338827615388, 0.5533767213742156, 0.8535366140730453
item, 2 x 5, 0.8457200114660005, 0.9429888357632706, 0.6025053822022098, 0.7963995717114233, 0.9467738444760012, 0.9794427371527663
item, 2 x 6, 0.659924012048422, 0.7914446462200084, 0.6903722159159333, 0.9918965701565762, 0.7372581054765287, 0.7216945320803876
item, 2 x 7, 0.8449658715428168, 0.8901333979594216, 0.6639063234350854, 0.6312726430332175, 0.7836251198365414, 0.9863248890413773
item, 2 x 8, 0.7055412176121593, 0.8940174739337086, 0.9292975196148169, 0.7946355913557629, 0.7714878166461142, 0.9982607229918457
item, 2 x 9, 0.8897322120865868, 0.8031333506636777, 0.8803422702023701, 0.852900383950969, 0.856638615375711, 0.9999268884045781
item, 3 x 1, 0.8337753866967609, 0.5415054096168809, 0.3174784170280287, 0.6659188348755657, 0.883519532829945, 0.5440452817810689
item, 3 x 10, 0.7969686776072538, 0.9820799225737117, 0.5198352449027515, 0.8308036432885442, 0.842129949169742, 0.6688951772803794
item, 3 x 2, 0.9423324278731033, 0.7835908034966524, 0.6749101932105456, 0.9829416995742083, 0.973562889713881, 0.9503754879182028
item, 3 x 3, 0.793435283866359, 0.9544300823781262, 0.8213776376183407, 0.9310799601252867, 0.9481818305627503, 0.9884701343795369
item, 3 x 4, 0.7728419297868717, 0.7952972246045229, 0.8699429399150229, 0.7757073270335144, 0.7676722334704288, 1.0
item, 3 x 5, 0.8422397908208217, 0.9757853985843391, 0.6847806390278509, 0.9220895993134604, 0.7186420035249503, 0.99081085861675
item, 3 x 6, 0.7699410536999204, 0.9696016578755327, 0.99834529396032, 0.9995535422999836, 0.9336628541424075, 0.9974757177613898
item, 3 x 7, 0.8068345499911229, 0.9968747884992057, 0.9894251658024517, 0.848826992546992, 0.9745350473077659, 0.9977861536525334
item, 3 x 8, 0.9652611083829433, 0.9998133827273407, 1.0, 0.8536085059711406, 0.9916573634230081, 0.9980057823922769
item, 3 x 9, 0.9962880864943994, 0.9978357570991645, 1.0, 0.9922114226397679, 0.999471428762898, 1.0
item, 4 x 1, 0.7761230931337337, 0.8748383602151445, 0.45676984997101083, 0.7969250142748147, 0.3811435493587032, 0.5851120638348546
item, 4 x 10, 0.6958960905484315, 0.8652574584172797, 0.582363936521572, 0.7271821781368426, 0.8143771014790769, 0.6609708383589777
item, 4 x 2, 0.9352695186357299, 0.7287071332932418, 0.7071243876360109, 0.9997312757399959, 0.9930761851573552, 1.0
item, 4 x 3, 0.9859680091997195, 0.9894677363471504, 0.9990938901990648, 0.8492312332484625, 0.9872528648519466, 0.9965988213312452
item, 4 x 4, 0.921377315433283, 0.8652835806124072, 0.9908378122431176, 0.8634316998096413, 0.9634458932435592, 0.9916637003223598
item, 4 x 5, 0.851975291489348, 0.8700669249315353, 0.8006631370586796, 0.9989894459005239, 0.7526123911621672, 0.992567037379471
item, 4 x 6, 0.7300125147732907, 0.9033288936614593, 1.0, 0.9884185623839242, 0.9781233410962247, 0.9045406200450773
item, 4 x 7, 0.9589019971605182, 0.9986616886083259, 0.9988000252654362, 0.9914995532356601, 0.9769745858674851, 1.0
item, 4 x 8, 0.7998174666233867, 0.9924500248273767, 0.9963942052528559, 0.9096638526746154, 0.9887553449916944, 0.964700111844912
item, 4 x 9, 0.998008955880766, 0.9980900190861496, 0.9989899584892421, 0.9990101182349787, 0.9882739088601147, 1.0
item, 5 x 1, 0.6915886430153371, 0.40852742217786386, 0.37883898711644876, 0.7655360111338718, 0.8694307069613179, 0.3133196766676129
item, 5 x 10, 0.7587568891458458, 0.9415103703003391, 0.6233211289305479, 0.7934881002986014, 0.9394170783812124, 0.646375586724293
item, 5 x 2, 0.9827358432349546, 0.7186051325690261, 0.7185716435053344, 0.968356489803782, 0.9484172638878017, 0.9806272590595535
item, 5 x 3, 0.8712837331169195, 0.9964490663201497, 0.8859669759683799, 0.9834270375227713, 0.9437214205238688, 0.9813326852345935
item, 5 x 4, 0.7854364564913667, 0.8209914851962297, 0.9694338654874631, 0.7789320266843192, 0.6647142174750512, 0.9919979072213624
item, 5 x 5, 0.9942436619462527, 0.8762982622881879, 0.8637874178767992, 0.9370973368986047, 0.6898752372726246, 0.9580290262633048
item, 5 x 6, 0.6338781200769339, 0.7977115453163158, 0.9622218638679796, 1.0, 0.7311353399048656, 0.8915228399899683
item, 5 x 7, 0.7235842701872225, 0.9666051927514482, 0.9998203927452286, 0.9185764545466537, 0.7101721402267207, 0.9989469982456488
item, 5 x 8, 0.880529543794208, 0.7320652045082633, 0.9843281326258106, 0.8221293851426832, 0.7639545419765771, 0.9684019236002751
item, 5 x 9, 0.9747166311495773, 0.9959019524516066, 1.0, 0.8907409648488502, 1.0, 0.9997286295062424
item, 6 x 1, 0.7879555015586439, 0.3954786521225013, 0.430999626662865, 0.796614770220726, 0.3608529839965693, 0.5793668303161867
item, 6 x 10, 0.8600517774541433, 0.9581020520632155, 0.6273846079185834, 0.7621403054624164, 0.8542898491774636, 0.6747419379719938
item, 6 x 2, 0.9966892956177409, 0.8045521295663265, 0.7856892473504931, 0.7910968536682679, 0.9322912316118329, 1.0
item, 6 x 3, 0.9999211513737407, 0.9999570916586086, 0.9999954568451367, 0.988984243513841, 1.0, 0.9958081637511862
item, 6 x 4, 0.9939445083912192, 0.9873795329931193, 1.0, 0.8852032704613481, 0.9886516932346252, 0.9640909213896398
item, 6 x 5, 0.9052352835607189, 0.8553767519175056, 0.8442889812056331, 0.9753505250977715, 0.7948709472902381, 1.0
item, 6 x 6, 0.9999909649573521, 0.8234230530956123, 0.9943659267539463, 1.0, 0.966587471493963, 0.8201406069453548
item, 6 x 7, 0.9211964201142726, 0.9999389387112965, 0.9995627423329004, 0.988249785558612, 0.9998073820017823, 0.9999666545170941
item, 6 x 8, 0.9948273049559581, 0.9860598041879642, 0.999894852509761, 0.9283156341037131, 0.9979878597067314, 0.9986219418547478
item, 6 x 9, 0.9887077286279362, 0.9964139910290412, 1.0, 0.9908325426416623, 0.9693803743622285, 1.0
item, 7 x 1, 0.786258508929786, 0.8135781216786794, 0.4082212913610102, 0.7259333714318859, 0.5628809976114595, 0.45350935787732405
item, 7 x 10, 0.8501182465085645, 0.7738129890744208, 0.6382044418695755, 0.7439659303557474, 0.7994305311237937, 0.6921620131793457
item, 7 x 2, 0.9640512110618344, 0.9711631289049829, 0.7971325271092972, 0.9075463155175569, 0.9506367170765371, 0.9903028906061625
item, 7 x 3, 0.9453960617134323, 0.9431930637485411, 0.9975777838743857, 0.9848045536096451, 0.9983553954096306, 1.0
item, 7 x 4, 1.0, 0.9936390551120721, 1.0, 0.9766274329917802, 1.0, 1.0
item, 7 x 5, 0.896290770150968, 0.9987969809130467, 0.981539418051622, 0.9936584456715518, 0.815347915524979, 0.9760200353433757
item, 7 x 6, 0.9975734491942325, 0.9927489371439335, 0.9998984888639756, 0.9993686610693081, 0.973086777696746, 0.990788577821905
item, 7 x 7, 1.0, 0.9959792024904758, 1.0, 1.0, 1.0, 0.9998027525941995
item, 7 x 8, 0.9955313570187502, 0.9997610762267396, 0.9993395055135263, 0.9677626448633707, 1.0, 0.9893053051116392
item, 7 x 9, 0.9976040162457416, 1.0, 1.0, 0.985818932038898, 1.0, 1.0
item, 8 x 1, 0.5448578794909064, 0.6808702664409727, 0.33916627844389446, 0.4208079400832103, 0.7286025880054132, 0.4467046891686818
item, 8 x 10, 0.7814575182964192, 0.8594243564736844, 0.5561823201082094, 0.7117245281975082, 0.7997299758391977, 0.6937699373580392
item, 8 x 2, 0.9702591050784853, 0.8294627230155888, 0.8361548704090319, 0.9321279065049154, 0.9997755798793767, 0.9944656187826534
item, 8 x 3, 0.9687533500305355, 0.9739061492360253, 0.9974284873897759, 0.9835227976384778, 0.9851337588552025, 1.0
item, 8 x 4, 0.9972714057706152, 0.9422870359493274, 0.9979416854684238, 0.9245898652807114, 0.9913628893894303, 1.0
item, 8 x 5, 0.9784763149184492, 0.8597281060223375, 0.7931890024602816, 0.9570820732964117, 0.8259290903740736, 0.977703075369414
item, 8 x 6, 1.0, 0.9918051924304944, 1.0, 1.0, 1.0, 1.0
item, 8 x 7, 0.9999459693311472, 0.9999796822863403, 1.0, 0.9999634879046829, 1.0, 1.0
item, 8 x 8, 0.9880145115658615, 0.957436455570888, 0.9970131932835017, 0.9602993284234034, 0.991795119478415, 0.9992839036359429
item, 8 x 9, 0.9386081543788657, 0.9335184527100364, 0.9982462639934789, 0.8984623675695732, 0.9437571122933497, 0.9917374795824815
item, 9 x 1, 0.46994329297615894, 0.8086296519303509, 0.43963903508863966, 0.2707054003722136, 0.5913451794272689, 0.5819529836164729
item, 9 x 10, 0.6845322311039282, 0.9307323166357467, 0.5761708820070444, 0.7441432743431259, 0.8270967260526987, 0.6318496490968432
item, 9 x 2, 0.9143031432062002, 0.9789386050752594, 0.7624768833808152, 0.982170825263088, 0.9042015848189688, 0.9986963438378585
item, 9 x 3, 0.9201995092671935, 0.9942850878156294, 0.9951966177982733, 0.8954182237417322, 0.9815909915476215, 0.986387776374821
item, 9 x 4, 0.9980102724733364, 0.9096438952664914, 0.9991157337440327, 0.897020063792904, 0.984517407568017, 1.0
item, 9 x 5, 0.7714509538825978, 0.8908549916889905, 0.8079097446242439, 0.948359221042237, 0.8297988534444688, 1.0
item, 9 x 6, 0.9426498842596394, 0.8291978789365465, 0.9992192819525286, 1.0, 0.9949207893415505, 0.978294486054114
item, 9 x 7, 0.856417637202143, 0.9841796705028271, 0.9981980660096899, 0.9233820331138917, 0.9862623604327713, 0.993935494152223
item, 9 x 8, 0.8804350279166182, 0.715373804141832, 0.8836239645511685, 0.8243481176485392, 0.9758546279362247, 0.8412293613836241
item, 9 x 9, 0.8543186935089715, 0.792847527528768, 0.9727646025610557, 0.8047710343751899, 0.763032233690574, 0.9724773574652655
student, 517, 0.999419031992735, 0.9998283582350471, 0.973435713925181, 0.9997012641400491, 0.9996597698168197, 0.9620185048084704
student, 682, 0.9951741248020576, 0.997200139720298, 0.9960799761377869, 0.994389685610796, 0.9969192424813158, 0.9828908044906401
student, 307, 0.9944778811449099, 0.9954356537212837, 0.9608236734668337, 0.9952684153270394, 0.9948898379862244, 0.9953698184046883
student, 638, 0.9889473581985403, 0.9891360297166009, 0.928897121955249, 0.9901115012729502, 0.9889863791237682, 0.9900436722651073
student, 753, 0.99254042107564, 0.9941462406777721, 0.9857353570319397, 0.9928887584617426, 0.9249650129769906, 0.9937245617480089
student, 105, 0.9946949873554157, 0.9956961188351403, 0.9911083197195556, 0.995225272684592, 0.9971833402390221, 0.7544961953244816
student, 410, 0.9984330645253939, 0.9981002361900684, 0.9274664411263734, 1.0, 0.9965350588318558, 0.9980515717836272
student, 628, 0.992647370232726, 0.9923055939943413, 0.9909111096209557, 0.9924509036076433, 0.9922168554335276, 0.9918172620106336
student, 262, 0.9942748357866009, 0.995428894778975, 0.9908953431717639, 0.9942706328109892, 0.9937203914694613, 0.9942378874862676
student, 252, 0.9970754424390693, 0.9849505845014327, 0.9969622026561508, 0.9978660390453709, 0.996471856082424, 0.997239547748024
student, 715, 0.9969554422251087, 0.9998309703959625, 0.9616602460431226, 0.9984253332574565, 0.9990871688535643, 0.996728803223919
student, 575, 0.9982066710685716, 0.9955472504856365, 0.9810677826723432, 0.9953273049128805, 0.9969884540487799, 0.9943345609890488
student, 529, 0.9980008524415542, 0.999679043347243, 0.9641942922858782, 0.9992470684883578, 0.9998531066296987, 0.9992085036801464
student, 251, 0.9922751968560155, 0.9931653326309203, 0.9498445974866931, 0.9921425494364742, 0.9905292132863933, 0.9939246756301077
student, 434, 0.9830557729443441, 0.9902711628181127, 0.9933561885634031, 0.9913127052867478, 0.9927613750430562, 0.990523053761948
student, 453, 0.9876226326740973, 0.9898898497178348, 0.9783499959002807, 0.9896686716712583, 0.9902203813313123, 0.988172917612444
student, 607, 1.0, 1.0, 0.9969041182813838, 1.0, 1.0, 0.664554891822745
student, 742, 0.9875823599103277, 0.9859371138323864, 0.9289432041196899, 0.9863148971657353, 0.984940587095846, 0.9868364611076893
student, 547, 1.0, 1.0, 1.0, 1.0, 1.0, 1.0
student, 166, 0.9959455428938156, 0.9964577922367415, 0.995281929946326, 0.8730942051552621, 0.9955509513841839, 0.9767033695097387
student, 183, 0.9849616414376466, 0.9848870109321248, 0.9845026677083532, 0.9827320982340004, 0.9849906139946489, 0.8735249075353847
student, 337, 0.9915912126311375, 0.9918553878828316, 0.9920480073042067, 0.9917939971039182, 0.9918953054031009, 0.962240340526415
student, 233, 0.9988818202382336, 0.997590705813761, 0.9900736862918479, 0.996535513512087, 0.9982744284336453, 0.9970694702156464
student, 159, 0.987505994408805, 0.9921893021916972, 0.985904372524992, 0.9910464643532585, 0.9751832823175979, 0.9897938355489849
student, 263, 0.9938661533617469, 0.995215491767148, 0.9777412987151122, 0.9960029403734194, 0.9949171762414826, 0.9944280623754518
student, 785, 1.0, 1.0, 0.9742412963936208, 1.0, 1.0, 1.0
student, 832, 0.9940733636210568, 0.997489046462768, 0.9969871393966995, 0.9948464382745233, 0.9979099810674233, 0.9961993562052017
student, 187, 1.0, 1.0, 0.9383383151442326, 0.9963683299268775, 0.9960557326409892, 0.9730108453301449
student, 110, 1.0, 1.0, 0.9748849372300592, 1.0, 1.0, 0.8990138437208867
student, 173, 0.999379851361137, 0.9993330212688125, 0.9993122491822549, 0.9992440372769144, 0.9991556031617266, 0.9284134418985338
student, 769, 1.0, 1.0, 1.0, 1.0, 1.0, 1.0
student, 412, 1.0, 1.0, 1.0, 1.0, 1.0, 1.0
student, 544, 0.9953811613946951, 0.9938162488310288, 0.9920496996395848, 0.995442317320728, 0.9938007677318671, 0.994090775462595
student, 659, 0.9995145872552516, 1.0, 1.0, 0.9866696037149696, 0.9991280772251333, 0.9988030444526864
student, 91, 0.9986151969510975, 0.9981487525321059, 0.9569227722738433, 0.9985771232935141, 0.9983466273047246, 0.9974238208847199
student, 637, 1.0, 0.9987022619685556, 0.9777985758953325, 0.9996713219098632, 0.996663047810375, 0.9990870187733681
student, 281, 0.9970146625563089, 0.9290226119120613, 0.9973797875240558, 0.9966111888399035, 0.9977626974540506, 0.9924613633134558
student, 678, 0.9978931946102385, 0.9969272983060943, 0.9887714804964823, 0.9953560459160455, 0.996096677075059, 0.7806882585283655
student, 283, 0.9868193559555452, 0.9883044538805711, 0.9868535282652653, 0.9870128764470313, 0.9875900930789331, 0.8497522793124537
student, 117, 0.9917160708787541, 0.992036536462435, 0.9904765012308417, 0.9921654665372159, 0.991271975583729, 0.9713132243019186
student, 95, 1.0, 1.0, 1.0, 1.0, 1.0, 1.0
student, 559, 1.0, 0.9984292641373708, 0.9951712331174791, 1.0, 0.9991594770936506, 0.9627752458936484
student, 503, 0.9944372663840731, 0.9977345047749183, 0.9035154358190166, 0.9948251632459763, 0.9905855078380837, 0.9976303896173647
student, 355, 1.0, 0.9973001537327262, 0.9942156981607422, 0.9972022221750291, 1.0, 0.995482800235838
student, 623, 0.98829571720222, 0.9898122556100586, 0.9900521546738281, 0.9897100247017906, 0.9870725180480973, 0.9618792188337357
student, 528, 0.9901041320457105, 0.9927263743390555, 0.9325600182730327, 0.9933757224102796, 0.9902102837633114, 0.9912853143850194
student, 109, 0.9916335825041225, 0.9972036078203653, 0.9883004594585689, 0.9973475368331567, 0.9973447694785037, 0.9975206397800571
student, 587, 0.9978810413324474, 0.9142455997840894, 0.9975564201797535, 0.997663405521051, 0.9985829369131891, 0.9975126957306115
student, 567, 0.998162540299269, 0.9982284588369957, 0.941789016153607, 0.998797869740123, 0.9984450969797355, 0.9983055494444708
student, 319, 0.9926393309069276, 0.9905692486509384, 0.9902665682044264, 0.9927895272647187, 0.9895549885744588, 0.9834926182103074
student, 174, 0.9935011269156179, 0.9959783116575999, 0.9868905414749948, 0.9956767815941512, 0.9890207640979509, 0.9561484547150516
student, 116, 0.9938693241562996, 0.9941143883891435, 0.9948838110077124, 0.9939964942775699, 0.9936407350357722, 0.9710005274875454
student, 604, 0.9936941838931165, 0.9955553810911213, 0.9497388585030785, 0.996353461726252, 0.9929322179844879, 0.9947764818071152
student, 712, 1.0, 1.0, 1.0, 1.0, 1.0, 1.0
student, 442, 0.9964850891541789, 0.954727843824972, 0.9947419730035968, 0.9971304772547877, 0.9968192699724137, 0.9964748258874639
student, 331, 1.0, 1.0, 1.0, 1.0, 0.9993607976923253, 1.0
student, 152, 0.9982265004343528, 1.0, 0.9919378743686378, 0.9977730349499045, 1.0, 0.9854731611152213
student, 533, 0.9986118516490747, 0.9987197685929781, 0.96951613794068, 0.9984995493420661, 0.9917051830899964, 0.9846337041083386
student, 416, 0.9946418477195015, 0.9906455093313788, 0.9941699538494411, 0.9959937909679525, 0.9946676576338277, 0.9957504277836005
student, 358, 1.0, 1.0, 0.8754833876535756, 1.0, 1.0, 0.9783669934259924
student, 537, 1.0, 1.0, 0.9492257172417373, 1.0, 1.0, 1.0
student, 719, 0.9948345676626232, 0.9960609085860258, 0.9552908032676328, 0.9974603682627258, 0.9960315445860148, 0.9970638880485417
student, 253, 0.9937623542083112, 0.993156518788276, 0.8802351204576077, 0.9968001479707331, 0.9915949850952661, 0.9947373148972539
student, 534, 0.9956709166516502, 1.0, 0.9853513039714764, 1.0, 0.9985965080905256, 0.9095055574800336
student, 510, 1.0, 1.0, 1.0, 1.0, 1.0, 1.0
student, 512, 0.9917038325783022, 0.9952575647851525, 0.9987533850018606, 0.9938405039097694, 0.9714717247724043, 0.9955980565338958
student, 118, 0.999453488671821, 1.0, 0.9855012332322629, 0.9993003452539384, 0.9990461144256704, 0.9993596445552198
student, 54, 1.0, 1.0, 1.0, 0.9977413289372054, 1.0, 1.0
student, 754, 0.9908887042815899, 0.9911567930391881, 0.9391713874732953, 0.9902318588569315, 0.9868879006465835, 0.9459046273418484
student, 394, 0.9918027707403366, 0.9955482329541785, 0.9944771669920355, 0.9916466333674412, 0.9940871179138142, 0.9920591669994585
student, 222, 0.9959554359881533, 0.9955163452992273, 0.9892843383244533, 0.9958347256881219, 0.9957524212652737, 0.996577234837864
student, 80, 0.9949270809438898, 0.9974440865918557, 0.9950059736569435, 0.9966146034339692, 0.9947809909926282, 0.7905284074574238
student, 275, 0.9913608554842, 0.9972067684588425, 0.9949126378304436, 0.9953660071430711, 0.9955172555127417, 0.9769548623598078
student, 308, 0.9564465269038303, 1.0, 1.0, 1.0, 0.9939984161230652, 1.0
student, 531, 0.9955622868721115, 0.9964305725013204, 0.9459514419598656, 0.9975480035220587, 0.9995674573363229, 0.996543667745591
student, 365, 0.9983145445071029, 0.9973874473834633, 0.9600752259805501, 0.99885527677478, 0.9986497400816122, 0.9986973430666877
student, 93, 0.9927952839505428, 0.995996987534906, 0.9916788673372238, 0.9932634317092812, 0.9923300183464207, 0.9948913722484178
student, 520, 1.0, 1.0, 1.0, 1.0, 1.0, 1.0
student, 219, 0.9955586433553347, 0.9842194904889612, 0.9968134642593726, 0.9961975330308939, 0.9974861792798085, 0.997305245276944
student, 639, 0.9833134719753809, 0.984722451063741, 0.9826015492849083, 0.9822685126998358, 0.9859868832116729, 0.8849581871535346
student, 654, 0.999367244166554, 0.9992818223462427, 0.9147374322564655, 0.9994661798189456, 0.9992359183154488, 0.9869892163843447
student, 181, 0.9965085894461254, 0.9949250998970248, 0.9943485278417276, 0.9866058099282795, 0.9951867385494618, 0.9530882122373526
student, 452, 0.9908164519013614, 0.9903653090394182, 0.8922724649629493, 0.9927127843081563, 0.9906605706873121, 0.8727941944948701
student, 302, 1.0, 1.0, 1.0, 1.0, 1.0, 1.0
student, 523, 0.9984589611720875, 0.9980804244126048, 0.9889600278788998, 0.9980036574079701, 0.9983275879312608, 0.9979606042010034
student, 468, 0.9879109436362133, 0.9870084988299093, 0.8697772328269285, 0.988261526078575, 0.9865174440779845, 0.9850466090218357
student, 594, 1.0, 0.9836960684745357, 0.987782441266626, 1.0, 0.9992402476280565, 0.9975292239709481
student, 495, 0.9962036431701897, 0.9966111511041699, 0.9918930074801614, 0.9968068548107423, 0.9955621729843204, 0.9972473892749969
student, 39, 1.0, 1.0, 1.0, 1.0, 1.0, 1.0
student, 29, 0.9926942819212997, 0.9943504054328528, 0.9928044543550103, 0.9941017501247147, 0.9932772140392159, 0.9936436917209908
student, 286, 0.967798908429751, 0.997324830601052, 0.9962307401117025, 0.9976542042006497, 0.9963227491017878, 0.9955416728503381
student, 115, 1.0, 1.0, 1.0, 1.0, 1.0, 0.9992294077463841
student, 446, 0.9955588234983149, 0.9963498170788126, 0.9952118759557407, 0.9929981020307872, 0.9105399346817759, 0.9745103182114064
student, 509, 0.9873083594683423, 0.9711814943945242, 0.9716534079587776, 0.9892122856835736, 0.9894000278842245, 0.9902221216827609
student, 554, 0.9982184900188918, 0.9958370526570883, 0.9853717483203301, 0.9980071352510049, 0.996319992569471, 0.9980881213356544
student, 122, 0.9957547683877428, 0.9945040177713181, 0.9798600324734593, 0.9929522419812546, 0.9942263438221629, 0.9913695644860927
student, 28, 0.9966995003915101, 0.996508336859042, 0.9220819770789791, 0.995757814866582, 0.9969666308812003, 0.9945774320725023
student, 51, 0.9984938631682729, 0.9972322103493926, 0.9816879235018208, 0.997435649479131, 0.9985830249964988, 0.9972292926716273
student, 190, 0.9982198198850972, 1.0, 1.0, 0.9975169984623854, 0.9414312235992894, 1.0
student, 177, 0.9931790966730071, 0.9951935277757838, 0.9903879095974388, 0.9948505332937758, 0.9919681504647745, 0.8803137342640144
student, 608, 0.9925873784848712, 0.9900617041372186, 0.967024089370701, 0.9923395816088318, 0.9935802308168914, 0.9915443386965892
student, 75, 0.9983751895955791, 1.0, 0.991311304292692, 0.9993537429029953, 0.9998744001168426, 0.9972580101539141
student, 626, 0.9928271890990144, 0.99147420483294, 0.9827833824088081, 0.9906254627680239, 0.9921815877358361, 0.9756784636736311
student, 596, 0.9933896350178878, 0.9939994933836203, 0.9957186744929393, 0.9700554768968077, 0.993999352020249, 0.9932662789085462
student, 162, 0.9968413565180431, 0.9976403846868513, 0.9663921643006211, 0.997717522914202, 0.9901758524979622, 0.9212506504696258
student, 592, 1.0, 1.0, 1.0, 1.0, 1.0, 1.0
student, 755, 1.0, 1.0, 1.0, 1.0, 1.0, 1.0
student, 771, 0.9970702012652304, 0.9911278555624378, 0.9779771941374178, 0.9950212038518236, 0.991485065050399, 0.9741597628287006
student, 739, 0.9891419895464146, 0.9910288049215031, 0.9239162468970814, 0.9893577534963036, 0.9873353302785929, 0.9898662824105087
student, 384, 0.9988489415800909, 0.9988389952385827, 0.9486926964696091, 0.9991253989661731, 0.9988804236609025, 0.9988913286750987
student, 803, 0.8795711004350442, 0.9987071106021275, 0.9800662002588296, 0.9988322169809863, 0.9987799154991482, 0.9991570549296718
student, 685, 0.9995791246619044, 0.9967267208030389, 0.9537988310900682, 0.9996861056161894, 0.9976044319339512, 0.9988800400544505
student, 706, 1.0, 0.9993448360932388, 0.9770565688328379, 0.9964189468946727, 0.9998994283804378, 0.9976016542406775
student, 692, 0.9989841110994664, 1.0, 0.970840736600423, 0.9995904628270674, 1.0, 0.988246812473064
student, 367, 0.9956838819470056, 0.9966588889633576, 0.9623771314149511, 0.9953275181722888, 0.996806276123943, 0.9892343480512492
student, 204, 0.9955622372794659, 0.9968020874207149, 0.8239648139143647, 0.9967753369908778, 0.9949365813316363, 0.9958590626316466
student, 491, 0.9899617741507587, 1.0, 1.0, 1.0, 1.0, 1.0
student, 514, 0.994515074683357, 0.9973192509616798, 0.952940681115754, 0.9958665323501152, 0.9961690426765144, 0.9914412656787447
student, 112, 0.9944826219318692, 0.994380209276397, 0.9727402183122464, 0.9936384853700617, 0.9924170837246155, 0.9952417880875477
student, 469, 0.9914681036408899, 0.9483506109872747, 0.991880576218749, 0.9913243326908713, 0.9892466337268292, 0.9938956162779892
student, 775, 1.0, 1.0, 0.996763061184877, 0.9938029856115501, 1.0, 1.0
student, 720, 1.0, 1.0, 0.9660160812667395, 0.9997075129400338, 1.0, 0.9990180932897349
student, 747, 0.9956837688152825, 0.9969607471048506, 0.9412349741148798, 0.9965000248980964, 0.9934801167511238, 0.9969584235208826
student, 414, 0.9929774580309106, 0.9936426578838512, 0.9839308462588442, 0.9947151727762719, 0.9918158651013225, 0.9948790029299445
student, 170, 0.9937749778784214, 0.9942660040757514, 0.9492683076047442, 0.9948016148812099, 0.9905353541932114, 0.9659053157555256
student, 134, 0.9999222739220958, 1.0, 0.9960486782603557, 1.0, 0.9989028827640927, 1.0
student, 89, 1.0, 1.0, 1.0, 1.0, 1.0, 1.0
student, 284, 1.0, 0.9985658865496053, 1.0, 1.0, 0.9646204111181585, 1.0
student, 515, 0.9982162760389869, 1.0, 0.9981588423638601, 0.9978420570762345, 0.9978215378748369, 0.9088465058584307
student, 552, 1.0, 0.999216822563286, 0.9859246330958238, 1.0, 0.9987886459378861, 0.9981695218216724
student, 230, 0.9862616252438858, 0.9855623945097988, 0.9841184976772928, 0.9851628368088384, 0.978298055046481, 0.9856506734090839
student, 373, 0.9976624345464447, 0.9924038313491835, 0.9478365413278431, 0.9908452506643144, 0.9930854048433091, 0.986107874670386
student, 400, 1.0, 1.0, 1.0, 1.0, 1.0, 1.0
student, 758, 0.9995056348788964, 0.99817117895842, 0.924364956360727, 0.998761253170711, 0.9983501596108397, 0.9982868360125262
student, 781, 0.9971461644113879, 0.9964289654753636, 0.9156148276933862, 0.996994866801219, 0.9952647674003203, 0.9965090774623302
student, 380, 0.9930593570978368, 0.9937849162376563, 0.9921356333025357, 0.9930946943730256, 0.9914887668312858, 0.9115424931457623
student, 164, 0.9966790256561782, 0.9956263610597039, 0.9943598761453734, 0.9956401306121115, 0.9957668227556178, 0.9875990023293828
student, 532, 0.9905268903741616, 0.995481835921461, 0.9841752205457145, 0.9938869951743913, 0.9917546258642271, 0.9731231098137557
student, 278, 0.9972446353457437, 0.9954938916062958, 0.9828128469796301, 0.9949914067779995, 0.9967343389233223, 0.9934020321584585
student, 760, 0.994718135266378, 0.9956105507542198, 0.9671696466957747, 0.9949193762945107, 0.9954124562671886, 0.9954180388590931
student, 499, 0.9941190256656531, 0.9953589133448885, 0.982367521873716, 0.9965921710974969, 0.9945597723308625, 0.9782947879737299
student, 103, 0.9937370116327149, 0.9944548792196907, 0.9561819185312787, 0.9945668273570419, 0.9954295953545775, 0.9936124353226224
student, 22, 1.0, 1.0, 1.0, 1.0, 1.0, 1.0
student, 460, 0.9867836781520446, 0.9867630210507257, 0.9507065166042505, 0.9847304066873948, 0.9855817648681894, 0.9863121193445817
student, 714, 0.9228923286634821, 0.9916346015367914, 0.9907304327743516, 0.9909595219645763, 0.9909054906370585, 0.9917564118795907
student, 467, 1.0, 1.0, 0.999872087598135, 1.0, 1.0, 0.6479754353528046
student, 218, 0.9998390531075326, 1.0, 0.9997175791078743, 1.0, 1.0, 1.0
student, 711, 0.9972532101834353, 0.9989713251670582, 0.9851498294383401, 0.9990413601750492, 0.9975563560289205, 0.9977031092191099
student, 369, 0.9917911825073022, 0.9905445009604622, 0.9676820402439518, 0.996024706431412, 0.9958433022717029, 0.9953408715841798
student, 424, 0.9933917622802527, 0.9941014364562288, 0.9925300770031712, 0.9933998429660293, 0.9930190317812111, 0.9063197368398604
student, 98, 0.9973455128022034, 0.997025748245345, 0.8455915744816114, 0.9973319492768628, 0.9967940562566197, 0.9974709741188801
student, 225, 0.967354573469953, 0.9936197144838493, 0.9929111770677098, 0.9956473825402763, 0.993060179456214, 0.9924554673605497
student, 113, 0.9968624484510763, 0.9965295082901559, 0.9833685923867435, 0.9963853096005298, 0.9969763335846904, 0.9967090725813342
student, 647, 0.999032335367172, 0.9986235650237923, 0.9487906891556549, 0.999194591165908, 0.9979854728164654, 0.9965961866313736
student, 404, 0.9935496594377525, 0.9633763935494474, 0.9462040581144514, 0.9949046882731696, 0.9939391946189153, 0.9949300971072411
student, 402, 1.0, 1.0, 1.0, 1.0, 1.0, 0.9971236147808307
student, 236, 0.9921919496172859, 0.9906323343252866, 0.9847232007807459, 0.9922657032738612, 0.9921450397537513, 0.9893634874159202
student, 725, 0.9928002168136664, 0.9932017371899634, 0.9910655776586994, 0.9911235944577992, 0.9926151543217994, 0.6354573956501413
student, 77, 1.0, 0.9999598110216182, 0.9294430489877729, 0.9989027333027584, 0.9992785123511245, 0.9985076083375005
student, 570, 0.9977049656572631, 0.9972167269802321, 0.871142373307068, 0.9976947552550821, 0.9959168705813646, 0.996455330007971
student, 408, 0.9906687158989761, 0.9949542085420229, 0.9470550864326887, 0.9934372804097498, 0.9950379910459586, 0.9922752416456885
student, 745, 0.9935831828845848, 0.9932595276200751, 0.9856706910982267, 0.9939042133377809, 0.8852915939064876, 0.9936725825893324
student, 738, 0.9928920774964731, 0.9937262399871211, 0.9770254853082115, 0.9940285101828089, 0.9928689949540894, 0.9930532801631572
student, 489, 0.9924130805523957, 0.9771615259998883, 0.9947961062837525, 0.9917425647694795, 0.9916386444159634, 0.995567145029895
student, 256, 0.9948754203077287, 0.995448870619887, 0.9683314470815061, 0.9957374610338974, 0.9953762919916392, 0.9953472514050976
student, 153, 0.9971329155250159, 1.0, 0.9692078611986973, 1.0, 0.9985247353419662, 1.0
student, 199, 1.0, 1.0, 0.8434168127904178, 1.0, 1.0, 1.0
student, 462, 0.9946514336759477, 0.9959997214339833, 0.9952614104733907, 0.9960015918420714, 0.9955632896080548, 0.9958310491391835
student, 791, 0.9862838263739773, 0.9583373269316526, 0.9916847454582102, 0.9917845145602517, 0.9919853665218109, 0.9885638641163095
student, 296, 0.9999264729612147, 0.9991266584231823, 0.9378357946671718, 0.9997507502866037, 0.9998635064173736, 0.8706861172367324
student, 407, 0.9972281421949216, 0.9965530518314739, 0.9845775003719843, 0.9954172728790815, 0.9941834900839199, 0.994478174570461
student, 346, 0.9965180299703134, 0.9964440193688135, 0.9759694377557685, 0.9969252186547705, 0.9962203365115111, 0.9964281374625839
student, 155, 0.9986262665106453, 0.9988470101326744, 0.941539561186312, 0.9973012348498979, 0.9975233379205516, 0.993013632217137
student, 621, 0.9930413503619937, 0.9936074390845346, 0.9918028103953943, 0.9933913493284356, 0.9928368960312985, 0.9318493241304646
student, 784, 0.9977343977516715, 0.9989827208149915, 0.9818449058928673, 0.998407220752972, 0.9968623924835167, 0.99817814106006
student, 519, 1.0, 1.0, 0.9850953160874998, 1.0, 1.0, 1.0
student, 172, 0.9996329814644952, 0.9997638336788027, 0.9997805628700922, 0.9996714017550925, 0.9994621149369552, 0.9356698142143237
student, 74, 0.9944156031172344, 0.994144675294987, 0.9575996035171381, 0.9951721942516166, 0.9942303960683386, 0.994369614642027
student, 727, 0.9971902053120911, 0.9969593833931716, 0.9945152591817272, 0.9960311205978555, 0.9966073287257272, 0.8945271616930326
student, 601, 0.9915420262249671, 0.9927548470495667, 0.9853130539927044, 0.9902779885806902, 0.9909226106400576, 0.9931009262800912
student, 779, 0.9998970609310771, 1.0, 0.9987954675928796, 1.0, 1.0, 1.0
student, 107, 0.996862366870261, 0.997387616715321, 0.9908076090698452, 0.9947862135128425, 0.9964352114845075, 0.9165045292752881
student, 64, 1.0, 0.9952951024395599, 0.9992304890259811, 1.0, 0.9991383690283004, 1.0
student, 49, 0.9977113065722544, 0.9913964368813638, 0.9980389233216804, 0.9975222776368748, 0.997872488586874, 0.9979451373437728
student, 513, 0.9899977818682474, 0.9883969747248817, 0.9902565795240144, 0.989967209732155, 0.9878563464190402, 0.9905070981347519
student, 295, 0.994657012990892, 0.9888621147143788, 0.9940032536794993, 0.9978365695733116, 0.9977872905424451, 0.992412973501626
student, 203, 0.9886550544872805, 0.9920132762565484, 0.9861048386242411, 0.9922979602287741, 0.9872702050925105, 0.9893504151229751
student, 100, 0.9982005897776166, 0.9991776978662716, 0.9003578999666128, 0.9984084926569036, 0.9986162404246846, 0.9984793946887736
student, 684, 0.9970338331039446, 0.9985117518873758, 0.9996696328290408, 0.9837259039393946, 0.9965855524581856, 0.9989805928648428
student, 267, 0.9957642483739025, 0.9971579025524634, 0.9973622233233768, 0.9963650559264828, 0.997755323078568, 0.9847519451357016
student, 688, 0.9951309992212654, 0.9943848843625701, 0.9133216502113264, 0.9969666409840087, 0.997022786813612, 0.960137096337886
student, 740, 0.9934919848858156, 0.9962505008656359, 0.9561037036907764, 0.9960718617374285, 0.9945781868605248, 0.9953063818309322
student, 25, 0.9999645066633928, 0.9999679135981194, 0.9095505196402399, 0.9999839065974224, 0.9999800206573981, 0.8924149066644795
student, 21, 1.0, 1.0, 1.0, 1.0, 1.0, 1.0
student, 388, 1.0, 1.0, 0.9977045275470569, 1.0, 1.0, 1.0
student, 788, 0.993687642679546, 0.9905685157198862, 0.9143070089350942, 0.9905816533612818, 0.9915228992841316, 0.9896446758437246
student, 154, 0.9935899210678203, 0.9937295472249359, 0.9861548955333682, 0.9934801845515797, 0.9941608987735513, 0.9937039069738444
student, 201, 0.9961269371265519, 0.9960146936507344, 0.9072766419426481, 0.9952472710745333, 0.9961530673162071, 0.995621382592226
student, 723, 1.0, 1.0, 0.9973580402750726, 1.0, 1.0, 1.0
student, 748, 0.9996480422757064, 0.9993213787583517, 0.9229213757726273, 0.9988831171495243, 0.9991018513574617, 0.9943978445468687
student, 562, 0.9910865919905383, 0.9900699256210787, 0.896948295356734, 0.9903773609582743, 0.9888763768752759, 0.9906109412828389
student, 470, 1.0, 1.0, 0.9860135176133734, 1.0, 1.0, 0.8409792248301755
student, 238, 0.9896256084259794, 0.7494618397161277, 0.9891612819037715, 0.9924564192257154, 0.9917301788277123, 0.9890031876076559
student, 339, 0.9990057683062693, 0.9968380455143265, 0.9970887919446492, 0.9991522373414767, 0.990980765473143, 0.9992742037901325
student, 735, 0.9938648898762639, 0.995366936307801, 0.956107333032104, 0.9936776870382517, 0.9923768206918124, 0.9942132984684355
student, 819, 1.0, 1.0, 0.9984580425370465, 0.9991167838841879, 0.9992502170520263, 0.9992091868959095
student, 200, 0.9887042128181672, 0.9897790536064727, 0.9814886003083616, 0.9894719033214957, 0.9883993464235392, 0.988469265229814
student, 292, 1.0, 1.0, 1.0, 0.9983075446191985, 0.9778479135796633, 0.9957704128354038
student, 392, 0.9933655363070436, 0.9928198480536005, 0.9912722181430919, 0.9947866341708319, 0.9927536451542976, 0.9927751247029377
student, 479, 0.9960733364194968, 0.9960133302438201, 0.9568272279927156, 0.9971554873884688, 0.996135263198712, 0.9966212037366283
student, 327, 0.9939165756327819, 0.9964708887869084, 0.993434043798232, 0.9940415800462031, 0.996895689080558, 0.9464904322244282
student, 182, 1.0, 1.0, 0.954097997401606, 1.0, 1.0, 0.9977542745151252
student, 736, 1.0, 1.0, 0.9583459057454942, 0.9999585520212854, 1.0, 0.9989943218607346
student, 764, 0.9999261182121603, 1.0, 0.9786795184329359, 0.9994989956229889, 1.0, 0.9994218132009299
student, 777, 0.996206883533601, 0.9929411773434016, 0.9907880784965585, 0.9965772189732554, 0.9942109952500322, 0.9941952056481378
student, 150, 0.9903757632087853, 0.9899366829282915, 0.9898059779649298, 0.9880614313389344, 0.9903464712999654, 0.9898365691801116
student, 179, 0.9993992044151228, 0.9995601573741419, 0.887810999064111, 0.9996302270017317, 0.9996308155544689, 0.999814573638851
student, 677, 0.9930489738574935, 0.9926186697254891, 0.9679794874032022, 0.9933455307710457, 0.9936785307622387, 0.9139851752390507
student, 798, 1.0, 1.0, 0.9990383675991049, 1.0, 1.0, 1.0
student, 669, 1.0, 1.0, 0.9847578448612032, 1.0, 1.0, 0.9996925770095041
student, 485, 0.9924707277142703, 0.9896639117921686, 0.9891166119625581, 0.9896678953878688, 0.9922170457714461, 0.9352382546424768
student, 487, 0.9938423290541671, 0.9952520263673302, 0.9943738434060413, 0.9946304241983844, 0.9946608746126046, 0.8508884057199693
student, 364, 1.0, 1.0, 1.0, 1.0, 1.0, 0.8408303337867389
student, 524, 0.997653465742258, 0.9975702748939682, 0.9669158367178984, 0.998019051438134, 0.9975702969137941, 0.9976053538179
student, 329, 0.9937232761057622, 0.9935945437436249, 0.994620535801811, 0.9767610394713729, 0.9935756551098384, 0.9954873051952207
student, 571, 0.9984852346126448, 0.9982688036580959, 0.9938727305955408, 0.998210650129501, 0.998411687083047, 0.8741302388151669
student, 613, 0.9943337172429912, 0.9936986590488848, 0.9046763170886664, 0.9944101381307153, 0.9955850958089575, 0.9349035843072246
student, 335, 0.9973311646263942, 0.9970772348457441, 0.9963700284790414, 0.9975900483222231, 0.9984746315108458, 0.9692694412695007
student, 92, 1.0, 1.0, 1.0, 1.0, 1.0, 1.0
student, 259, 0.9987787398697121, 0.9988963607728956, 0.9372865715467628, 0.9986222303977732, 0.9990180468704627, 0.9976215049942132
student, 652, 0.9946604542239359, 0.9883372007505307, 0.9926167524771263, 0.9977289576186443, 0.9945851211910142, 0.9970586658835602
student, 580, 1.0, 1.0, 1.0, 1.0, 1.0, 1.0
student, 304, 0.9964579748328682, 0.995559012810393, 0.9808743966109826, 0.9955889957765004, 0.9972002632182873, 0.9950771703412159
student, 670, 0.9885728949213242, 0.9275518485167367, 0.9893895551029461, 0.9932533448012372, 0.9910529063975956, 0.9876784729110278
student, 140, 0.9952808044496592, 0.9943031012205265, 0.819256894389892, 0.994061120332475, 0.990365327034554, 0.9423034011138278
student, 461, 0.9949277992699078, 0.9901148444884942, 0.9904564019999803, 0.9952262471891389, 0.9901807292034371, 0.9696203168341287
student, 161, 0.9969540188737408, 0.9971455664529925, 0.9765872943985262, 0.9972193111457226, 0.9699796173246056, 0.9969925863258935
student, 344, 0.9944443250591346, 0.9950880714594301, 0.9894275268493402, 0.9962484523373469, 0.9942294185574329, 0.8944013177090994
student, 693, 0.9977101844755552, 0.9975419914968231, 0.947968976351227, 0.9975980973422649, 0.99735144117255, 0.9955838575649867
student, 396, 0.9879463420049269, 0.9889925110445923, 0.9375688072689319, 0.9901057466839167, 0.9879438681596543, 0.986865653958886
student, 191, 0.9991637874595591, 0.9960718065649012, 0.970064877718391, 0.9988533718005885, 0.9948639594515692, 0.9143121662344234
student, 50, 0.9965162163995135, 0.9972338726273873, 0.9648767040344959, 0.9973429925738776, 0.9958706314146156, 0.9867230600488694
student, 128, 1.0, 1.0, 1.0, 1.0, 1.0, 1.0
student, 137, 0.9899245177167991, 0.9885736194197512, 0.9858163641901994, 0.9897784203373994, 0.9868457184374324, 0.9830392690419366
student, 343, 0.9946405363803478, 0.995215776477745, 0.9947579606940083, 0.99391453874555, 0.994844390188959, 0.9950453298466823
student, 675, 1.0, 1.0, 0.9740824328565446, 1.0, 1.0, 1.0
student, 37, 1.0, 1.0, 1.0, 1.0, 1.0, 1.0
student, 274, 0.9451845165716942, 0.9951061578629503, 0.9946977475067754, 0.994268280863487, 0.9939292932862652, 0.993693147037107
student, 90, 0.99647756854807, 0.9836839607777103, 0.9881971369201887, 0.9961681958651041, 0.9960199143004157, 0.9957954099194247
student, 143, 0.9988697972275283, 0.9985188778369839, 0.8628228275647459, 0.9978462545412576, 0.9995352854357614, 0.9972465939571726
student, 30, 0.992302818800092, 0.9840900230174441, 0.9895642894998531, 0.9931898986804469, 0.9909218074768625, 0.990661885778726
student, 318, 0.9965860238247084, 0.9983585724125665, 0.9937067093947125, 0.9970932953905076, 0.9934714863125161, 0.9318881651730389
student, 217, 0.9957123432886079, 0.9948017962222594, 0.9915447128083544, 0.994475303879338, 0.9917852826886163, 0.9948446081633796
student, 234, 1.0, 1.0, 0.9468691998192583, 1.0, 1.0, 1.0
student, 651, 0.9976918864935741, 0.9971671953108289, 0.9044552032130854, 0.9979255265795354, 0.998034525932445, 0.9754768535442456
student, 287, 0.6832080339006931, 1.0, 1.0, 1.0, 1.0, 1.0
student, 175, 0.9997784175153653, 0.9999186498857003, 0.8951514781744292, 0.9998227303554751, 0.9997768649822696, 0.9998041378893886
student, 282, 0.9996373592595419, 0.9980278125383593, 0.9991487364323633, 0.99791932452519, 0.9910294340493342, 1.0
student, 185, 0.9570391641091237, 0.994800327201161, 0.9972630033206943, 0.9970884082689316, 0.9995795841952287, 0.9944794957222967
student, 473, 0.8483066826762158, 0.9931262632415648, 0.992837221862641, 0.9928995338141425, 0.9935391153332255, 0.9317152862631108
student, 129, 0.9969391226996752, 0.9958972555027977, 0.9645323657360594, 0.9968990909354686, 0.9970642208927513, 0.9323453014527592
student, 539, 0.9938678172216114, 0.995114079583896, 0.9941450420105392, 0.9931029606369721, 0.9949282202626532, 0.9771902449332868
student, 477, 0.9921548211399664, 0.9947674954568716, 0.9925563635263936, 0.9912117177299538, 0.9930556194863415, 0.9274776795941929
student, 828, 0.9979021305274081, 0.9986685032377141, 0.9748987915311075, 0.9972843918712898, 0.998670876702504, 0.8805722129470539
student, 787, 0.9937980145145999, 0.9959530103288893, 0.9853844247716003, 0.9949115037174723, 0.9972466420131669, 0.9944246728693238
student, 193, 0.9962077047467465, 0.9965744616898689, 0.8713152931588509, 0.9962810253525871, 0.9952095941252628, 0.9963235788520897
student, 563, 0.9943618421961793, 0.9973897177500746, 0.9971275783334633, 0.9939833271543862, 0.9980227200219081, 0.9818972785062364
student, 144, 1.0, 1.0, 0.7407946262733242, 1.0, 1.0, 1.0
student, 398, 0.9972995135740854, 0.9973362883537806, 0.989876040715294, 0.9978726911985392, 0.9995733769010295, 0.9990614871815335
student, 650, 0.9972873485855757, 0.9972442403742331, 0.873601295988194, 0.9987542758890403, 0.9978684993975421, 0.996750353287869
student, 542, 0.9942339066224856, 0.9935713240902379, 0.9932490671514732, 0.9931058851081156, 0.9929306966309408, 0.9937537881190854
student, 370, 0.9950756832288123, 0.9955233461381189, 0.9601411289491084, 0.9947993114613158, 0.9946879246149614, 0.9940654530113434
student, 448, 1.0, 1.0, 0.9446149767557679, 1.0, 0.9997758273818955, 1.0
student, 525, 0.9947807774929086, 0.9953107401277472, 0.9908640378539264, 0.9954637164686969, 0.994670089853806, 0.9946232580200097
student, 239, 0.9983276944920279, 0.9985078931578998, 0.819495676690771, 0.9993061451302924, 0.9983304138236707, 0.8415795334596109
student, 645, 0.9998579988820469, 1.0, 0.9776596013752276, 1.0, 0.999855305654267, 1.0
student, 783, 0.9911874116988167, 0.9900451261565322, 0.9774489619597979, 0.991519484174346, 0.9920035775827484, 0.9598642787777649
student, 377, 0.9968419247352174, 0.998313682778644, 0.9342485781303845, 0.9975682065815632, 0.9955900765672526, 0.8047163739009522
student, 557, 0.9990493185954183, 0.9987410197191288, 0.9486453395060649, 0.9991789349663651, 0.9988483630896278, 0.9962497297848714
student, 31, 0.9938353448999427, 0.9936682955046061, 0.9535971348496202, 0.9939027118158337, 0.9944135443625761, 0.9935963468919352
student, 522, 0.9965263059462806, 0.9971042382993653, 0.9702326027946663, 0.994604840094621, 0.9950223214027051, 0.9968450549641235
student, 209, 0.995640005007955, 0.9959701670766581, 0.9658036441529592, 0.9962559433474673, 1.0, 0.9954005157120214
student, 366, 0.988469391539743, 0.9891474203784469, 0.8632618806948053, 0.9918008146264666, 0.9882808552526295, 0.9883957538293627
student, 794, 1.0, 1.0, 1.0, 1.0, 1.0, 1.0
student, 481, 0.995826813844189, 0.9962818229320685, 0.941320423799096, 0.9959037150044683, 0.9953423019057346, 0.9955203356827527
student, 382, 0.9957630311772095, 0.9963905594608594, 0.9774784892576108, 0.9956681885517825, 0.9954533484361094, 0.9957292415344801
student, 169, 0.9960216339054982, 0.9955261949480922, 0.8915866134250408, 0.9974035237173562, 0.9963691057555395, 0.9550228476699953
student, 180, 0.9941350327666286, 0.9943227026039126, 0.8479562020600644, 0.9930665175627398, 0.9932773829690461, 0.8763509780362952
student, 536, 0.9990075831525416, 0.9989590073147391, 0.9562137815952648, 0.9989715715390068, 0.999260421873748, 0.9986300751867291
student, 257, 0.9969992974589329, 0.9982440502409152, 0.9794368219244516, 0.9970155696977326, 0.9905776532368971, 0.9504716306328299
student, 61, 0.9805583008815179, 0.9823412842166921, 0.9587328034051968, 0.9804991402557446, 0.9797502984713607, 0.9812688904068083
student, 390, 0.9989395140388798, 0.9988889151098165, 0.9572151470684024, 0.9974550918346382, 0.9990544254581919, 0.9989582698069474
student, 603, 0.9924122535849986, 0.9919119467348546, 0.9750742488102438, 0.990437895102166, 0.9943367324469702, 0.9512076119817107
student, 157, 0.9886615561707693, 0.992554152919079, 0.9871141308040838, 0.9885947223909222, 0.9887556849501117, 0.7987840414035813
student, 507, 0.9969144765059736, 0.9959850176147312, 0.992638938384446, 0.995544590375996, 0.994069641586579, 0.9959842164818674
student, 619, 0.9963896330190846, 0.9979961070303008, 0.966429478336158, 0.9968075340728755, 0.9944833441421512, 0.9888998529942868
student, 99, 0.9957902347481714, 0.9949377030237226, 0.8854128712035666, 0.9956584106401554, 0.9955920086313517, 0.968482210232108
student, 518, 0.996408901000821, 0.928083682162362, 0.9959666724893276, 0.9956609579770598, 0.9953823416186713, 0.9959490816622412
student, 248, 0.9936851788460724, 0.9933127013054251, 0.9302151958692676, 0.9934483385528444, 0.9931676556422746, 0.9926557725684776
student, 630, 0.9964128454063528, 1.0, 0.9980043956008081, 1.0, 0.9978395002986695, 0.7422379059734159
student, 459, 0.9966310832079301, 0.9961694283918502, 0.955833433475931, 0.9961636422999709, 0.9980942363665637, 0.9964539266173907
student, 97, 1.0, 1.0, 0.9427687100116052, 1.0, 1.0, 1.0
student, 255, 1.0, 0.9996034804079423, 0.9675022898221691, 1.0, 1.0, 0.998930505841275
student, 773, 0.9986424182459219, 0.9987308005447326, 0.9965075689479546, 0.9997518389519472, 0.9987811938825699, 0.9975549112257395
student, 345, 0.8788410078379272, 0.990752199492974, 0.9430678136961763, 0.9984028417407939, 0.9563723881642298, 0.9706200879677944
student, 357, 1.0, 1.0, 0.8764490950846902, 1.0, 1.0, 1.0
student, 310, 1.0, 1.0, 1.0, 1.0, 1.0, 1.0
student, 772, 0.999288888962547, 1.0, 0.8433664564940923, 1.0, 0.998617844694774, 0.960572579294674
student, 454, 1.0, 1.0, 0.99546336378426, 1.0, 1.0, 1.0
student, 550, 1.0, 1.0, 1.0, 1.0, 1.0, 1.0
student, 360, 0.9987608195042263, 0.9972515750321487, 0.9640432263999129, 0.9979841509037547, 0.9981033677597697, 0.9989917031810971
student, 197, 1.0, 1.0, 0.9772418953179901, 1.0, 1.0, 1.0
student, 618, 1.0, 1.0, 1.0, 1.0, 1.0, 1.0
student, 591, 0.9978848859725163, 0.9985219089879259, 0.9986321225284698, 0.9986989407587789, 0.9988858832777643, 0.9107713886971668
student, 721, 0.9939460121033382, 0.9949719134692806, 0.9847120416963382, 0.9958945572437515, 0.9962241032881051, 0.9952091394290427
student, 139, 0.9988860908077052, 1.0, 0.9311834304587003, 0.9979630667487068, 0.9980258304822159, 1.0
student, 368, 0.9964104243785656, 0.9966287185610683, 0.9821597203535304, 0.9961818578505771, 0.995821235364862, 0.9196427937179144
student, 700, 0.9998242076792151, 0.999975920904233, 0.9997790530084035, 0.9998220093262923, 0.999947062928007, 0.8232958557617726
student, 126, 1.0, 0.9998625355990793, 0.8770380619001874, 1.0, 0.9995696895110161, 1.0
student, 293, 0.9975147255086191, 0.9984484277263604, 0.9968997872048921, 0.9974170772930498, 0.9964957078755328, 0.9938735597669243
student, 132, 1.0, 1.0, 0.9590514634084818, 1.0, 1.0, 1.0
student, 614, 0.9962324512122533, 0.9967479647454922, 0.9673596267474092, 0.9964408403074158, 0.995386139152561, 0.9956694290826007
student, 767, 0.9961830856225553, 0.9979441257436166, 0.9610027876627162, 0.9971588524631323, 1.0, 0.9963831528453534
student, 121, 0.9979148495310015, 1.0, 1.0, 0.9962880597515172, 0.9847136809428544, 1.0
student, 440, 0.9944728683651891, 0.9941968101798668, 0.9466514410971664, 0.9950651210636527, 0.9943082589116022, 0.9931896660834749
student, 778, 0.9986063276628, 0.9979204188094342, 0.9945318230454016, 0.9996594378996013, 1.0, 0.9995282940521606
student, 438, 0.9836876613046628, 0.9820187155940291, 0.9514320653229787, 0.9836458920339015, 0.9824228731073426, 0.983216108846095
student, 268, 0.9944944043839775, 0.9162934960044209, 0.9857062015969706, 0.9932922868026904, 0.9947767569836589, 0.9915596288104364
student, 612, 1.0, 1.0, 0.9609795043282471, 1.0, 1.0, 1.0
student, 261, 0.9957162277852835, 0.9951739651149556, 0.9685892037161458, 0.9950024313799917, 0.9952861403687226, 0.9953108606149227
student, 629, 0.9993219602719403, 0.9992385323544855, 0.9227448729514498, 0.9989759132431869, 0.9992953662525065, 0.9601125396926646
student, 698, 0.9997135295206598, 1.0, 1.0, 1.0, 0.9858806140164375, 1.0
student, 375, 0.9923447199142257, 0.9922131233571547, 0.9407032988859683, 0.9931712001064346, 0.9924398770347583, 0.8795428316854463
student, 196, 0.9998076517319586, 0.9998241486542149, 0.9209695425975227, 0.9998181874804186, 0.9998051477802589, 0.9998295395886683
student, 583, 0.9935407827674687, 0.992390786180623, 0.9867179523506117, 0.9920944767738452, 0.9902924530767959, 0.9745658776666776
student, 120, 0.996800661104433, 0.977233244581246, 0.9947284852933908, 0.9969013860349567, 0.9965823702787286, 0.9966598043341767
student, 609, 0.9896534126410583, 0.9893085036966807, 0.9578273885022968, 0.9902745892376039, 0.990509578922423, 0.988710290989721
student, 221, 0.9957237099319088, 0.9961127800934833, 0.9930470682499362, 0.9961818859256275, 0.9962764515583039, 0.996017059447301
student, 114, 1.0, 1.0, 0.9937201347054391, 1.0, 1.0, 1.0
student, 668, 1.0, 0.9843780835791702, 1.0, 0.9975522327767437, 1.0, 0.9973473867282526
student, 241, 0.9942418024000341, 0.993785431896788, 0.9670228198866974, 0.9922307429054693, 0.9907635153012516, 0.9941259178962224
student, 88, 1.0, 1.0, 1.0, 1.0, 1.0, 1.0
student, 356, 0.9910203278357532, 0.9905473394244088, 0.9284262577239429, 0.9913045342091863, 0.9910786134326076, 0.9887530134174276
student, 456, 0.9968052180436024, 0.9962025084568695, 0.9780501770732263, 0.9966137940250983, 0.9949711490247399, 0.9960069483519028
student, 634, 0.9896870102015862, 0.9911289481802991, 0.9831260853641648, 0.9859939658222849, 0.9888349747570756, 0.9747122361104958
student, 73, 1.0, 1.0, 0.9978730737894177, 1.0, 0.9996736468888673, 1.0
student, 643, 0.9955283845944636, 0.9969082786751222, 0.9509352287565156, 0.9980195103424923, 0.9953480449869688, 0.9944217228673368
student, 53, 0.9990699509188122, 0.9982626232375129, 0.9905453668446086, 0.995912970515158, 0.9996990668753314, 0.9946650130304323
student, 574, 0.9996884049845399, 0.9984578173836524, 0.9923861293545312, 0.9976910588874939, 0.9969411480849484, 0.9376220075205159
student, 245, 0.996150947791354, 0.9948080475619161, 0.9876929018344092, 0.9945749621186785, 0.9965641177368119, 0.9946186007629787
student, 184, 0.9987874881447334, 0.9991390818375322, 0.8925871814645936, 0.9990399815873714, 0.9983754005538308, 0.9437550517868719
student, 765, 1.0, 0.9974457614347261, 0.9581451401047412, 0.991342144583362, 0.9986764251775542, 0.9661656244821973
student, 548, 0.9957625342399155, 0.9947462133268394, 0.996632931811217, 0.9975619976441006, 0.9929753105718627, 0.9964213097093838
student, 165, 0.9965540606813367, 0.9979043241070994, 0.9351076938911501, 0.9971430868532468, 0.9977920236915229, 0.9981798826945628
student, 285, 0.9910574573500918, 0.9396387933156645, 0.9991963188799948, 0.99519546899205, 0.9955393083161505, 0.99699657427176
student, 226, 0.9908298318668377, 0.9952389689302577, 0.9507903100278533, 0.9945290869562089, 0.9954117441048392, 0.9920093974964027
student, 135, 0.9967698718153363, 0.9965931462635574, 0.9219384810511729, 0.9973322465911066, 0.9967745038923034, 0.9962258931214789
student, 708, 0.9947596874524061, 0.9942836209272768, 0.9589824722731696, 0.99408640372005, 0.9936084048237681, 0.993857738854149
student, 96, 0.9976330695331849, 0.9949723463147597, 0.9691307869701686, 0.9978422313495098, 0.9975977483138864, 0.9975164189828748
student, 247, 0.9929997170016496, 0.994509000931409, 0.958852792222462, 0.9961691213511787, 0.9949629936960789, 0.9935862228940103
student, 663, 0.998465247504432, 0.999205649680896, 0.9700973067106211, 0.997172292041815, 0.9973227940944498, 0.9986780399573273
student, 750, 0.992674906894235, 0.992597906572313, 0.9493452056421603, 0.9936826219307952, 0.9934437450743181, 0.9924377253586826
student, 374, 0.9964610937877545, 0.9975776692388502, 0.9790526054510545, 1.0, 0.9975309485307686, 1.0
student, 87, 0.997550595937334, 0.9997379790265615, 1.0, 0.9975766841244386, 0.9436778419166624, 0.9981494707558957
student, 354, 0.9976804269019263, 0.9983385430339242, 0.9977978268017382, 0.9970998209139003, 0.9970714939762486, 0.8955122254197765
student, 362, 0.9946068883498956, 0.9945812472410405, 0.9579155398667747, 0.9948633707126292, 0.9945067628032938, 0.9947669361298888
student, 194, 0.9899431760413299, 0.9891263474352585, 0.9291888567105097, 0.9891285779732201, 0.9914661590152829, 0.9831070827226898
student, 581, 0.9970545931090441, 0.9862242107179424, 0.9970528573949062, 0.993342838544203, 0.9834324309635639, 0.9963427770938609
student, 94, 1.0, 1.0, 1.0, 1.0, 1.0, 1.0
student, 160, 0.9984033399517388, 0.9983541997971549, 0.8884712349502673, 1.0, 0.9988499209105058, 0.9993034249725052
student, 418, 0.996574534211931, 0.9897737902976445, 0.998547927046469, 0.969216082006408, 0.9952729214780817, 0.9940148450912616
student, 352, 0.9985129801108463, 0.9979299219327472, 0.9173410892314822, 0.9988887357587568, 0.9979491193532937, 0.9977704635125596
student, 478, 0.9962174468561765, 0.996562742282735, 0.9406180435113767, 0.996921236002961, 0.9978239928395097, 0.9961708592808064
student, 640, 0.9957875407218735, 0.9962148462012909, 0.9467340345068591, 0.9958775078437985, 0.9955975536541063, 0.9849717759015122
student, 579, 0.9999948245095122, 0.9979227539215908, 0.9688362104552892, 0.9996422539517663, 0.9991673586602178, 0.9301806057338945
student, 471, 1.0, 1.0, 1.0, 1.0, 1.0, 1.0
student, 195, 1.0, 1.0, 0.9653111081957948, 1.0, 1.0, 1.0
student, 66, 1.0, 1.0, 0.9982841066080017, 0.7547079796293727, 1.0, 1.0
student, 249, 0.9962120226094859, 0.9967777159494869, 0.947365693122988, 0.9968563986333558, 0.9966034890857588, 0.9957420201976617
student, 176, 0.9953518828897988, 0.9958537995808907, 0.926270691653745, 0.9962668986040284, 0.9955378320968213, 0.995636843521694
student, 220, 1.0, 0.9989522304283972, 0.9966466358019607, 0.9995461076500332, 0.9984814592231332, 0.9983053681657748
student, 696, 0.9762561443646055, 0.9955192514529477, 0.9951793080145095, 0.9937571023737508, 0.9935059826858862, 0.9893092121579914
student, 463, 0.9878505002601753, 0.987762790010176, 0.9520679899550017, 0.9882979323754013, 0.9868105369404476, 0.9865726095886664
student, 420, 0.9951393112629221, 0.9959542165208318, 0.9918162832445402, 0.9956488294505335, 0.9945666428611732, 0.9955802648355373
student, 538, 0.9997985276897674, 1.0, 0.9241148013189727, 1.0, 0.9997648926327752, 0.999663197786786
student, 104, 0.9925107676564713, 0.9932655946571163, 0.9777767635901928, 0.9944825296995555, 0.98945699640628, 0.9251971005101467
student, 32, 1.0, 1.0, 0.9726920823784526, 1.0, 1.0, 0.9990104721972191
student, 599, 0.999058132560285, 0.9992784225591957, 0.9990765319910626, 0.9534899583360228, 0.9990722610725195, 0.9991250644247351
student, 641, 0.9930454356276378, 0.9951219704072636, 0.9256693444487648, 0.9922282973312584, 0.9942127107023464, 0.9945079960061592
student, 378, 0.9893251375755396, 0.9904573488335879, 0.9755778634141529, 0.9898274077603099, 0.9890822639010931, 0.9891561039735791
student, 444, 0.9910717008810639, 0.9881506994375069, 0.9905778924974928, 0.9917748563391757, 0.9421587552736249, 0.9904550984712487
student, 386, 0.9988270196422242, 0.9970092019453948, 0.9967882062300139, 0.9985982986163644, 0.9960378685242319, 1.0
student, 202, 0.9897295465180369, 0.9905488766207767, 0.9219337593837463, 0.9903858882861741, 0.9899559361126391, 0.9904993332303303
student, 376, 1.0, 1.0, 0.9934007772675194, 1.0, 1.0, 1.0
student, 301, 0.9994465386591536, 0.9999389899314479, 0.9848817382665227, 0.9995762859483432, 0.9993026102630356, 0.7846783272879788
student, 325, 0.9919493574930399, 0.9961305473177422, 0.9956994138031308, 0.9956977395158945, 0.9962121823834652, 0.9960090614405046
student, 749, 0.9931809895701849, 0.9987109207818032, 0.9645556536102763, 0.9955358431270677, 0.9975496560669137, 0.974830206329105
student, 205, 0.9970871065935454, 0.9977263516368357, 0.9865138068657504, 0.9970413306922729, 0.998262936538794, 0.9965203129278712
student, 457, 0.9945734028536621, 0.9955034623621289, 0.9777419434506028, 0.9942729177109857, 0.9934713818908426, 0.9949441268514129
student, 353, 1.0, 1.0, 0.8883804511706358, 1.0, 1.0, 1.0
student, 472, 0.999243354130602, 1.0, 0.9996830544613634, 1.0, 1.0, 1.0
student, 17, 1.0, 0.999683252401194, 1.0, 1.0, 1.0, 1.0
student, 617, 0.990938617775433, 0.9297535764742834, 0.9841158718959203, 0.992022396240818, 0.9889365342914146, 0.9904490210454133
student, 666, 0.9952780851448315, 0.9976906113353811, 0.9936492776354264, 0.994835551380715, 0.9957797136965327, 0.9024081365381426
student, 78, 0.9942848727779265, 0.9943322804712186, 0.9940153969747946, 0.993660309684599, 0.9942655176174348, 0.9945398937914791
student, 178, 0.9880784975790433, 0.9880538149259991, 0.9506047788224394, 0.9878997269587693, 0.9855856153514553, 0.9863356505040553
student, 43, 0.9997946785445906, 0.9993862658626876, 0.9995501978119615, 0.9996644625121475, 0.9054485398493798, 0.9993203983859962
student, 716, 0.9861779575155096, 0.9847768254157886, 0.9647418082165362, 0.9845547863534417, 0.9835247880406567, 0.9843976559050882
student, 602, 0.9998351538045779, 0.9983216971152407, 0.9253422020335292, 0.9973306524831166, 0.9995403590162141, 0.9968057828124027
student, 701, 0.9950509722151417, 0.9930209066821045, 0.9712030784260652, 0.9954924030454446, 0.992396588927358, 0.9936844519901205
student, 569, 0.9941567802589554, 0.9698904653032983, 0.9856176502368664, 0.9941202636727584, 0.992706295622304, 0.9933136647453054
student, 432, 0.9920854003199571, 0.9913028302294993, 0.9870147288159379, 0.991115408517105, 0.991891289620198, 0.985188945985284
student, 371, 0.9926589514022762, 0.9936985679640733, 0.8638656345166695, 0.9933366666184759, 0.9921389195427217, 0.9917195768804183
student, 314, 0.9995875014501764, 0.9970634822888985, 0.9883345572329809, 0.9994222977032101, 0.9999932844669263, 0.8538148154931263
student, 125, 1.0, 1.0, 0.8558772507002247, 1.0, 1.0, 1.0
student, 273, 0.9921572840832166, 0.9909663800301809, 0.971968704616104, 0.9905826086524261, 0.9913898862105618, 0.9846149693562104
student, 545, 0.9991102999944473, 0.9999641549772891, 0.9991305552703768, 0.9991988689469933, 0.999924475732731, 0.8988652671789497
student, 363, 1.0, 1.0, 0.9946226057405424, 1.0, 1.0, 0.9677860379332599
student, 216, 0.9995275855307454, 0.9913830410021566, 0.9871166428267385, 0.9985354964563333, 0.9964975460088354, 0.9970670682606616
student, 65, 0.9853873302524309, 0.9881556740644327, 0.963403282723868, 0.9857130944513299, 0.9867446714491019, 0.9024531642358635
student, 655, 1.0, 1.0, 0.9649547130746281, 1.0, 1.0, 1.0
student, 321, 1.0, 1.0, 0.9951259786531274, 0.9998977458934358, 0.9995844703216827, 0.9996947406930642
student, 465, 0.9915387354580856, 0.9906643166735863, 0.9957430551194292, 0.9941828443973559, 0.9933518508533641, 0.9601575927487416
student, 656, 0.9965449604533558, 0.9980083361513755, 0.9347474163678609, 0.9976191534308869, 0.998527264804497, 0.9960957837353888
student, 480, 1.0, 1.0, 1.0, 1.0, 1.0, 1.0
student, 625, 1.0, 1.0, 1.0, 1.0, 1.0, 1.0
student, 277, 1.0, 1.0, 1.0, 1.0, 1.0, 1.0
student, 250, 0.9917726222396872, 0.9931735321653754, 0.930050470649435, 0.9932945595766648, 0.9926740980808706, 0.9938698396591121
student, 264, 0.9920463320441009, 0.9912748991651407, 0.9777561284621756, 0.99207653206747, 0.990221672011332, 0.9907734777508889
student, 565, 0.9911074641526998, 0.9914366835719642, 0.9902094253111369, 0.9923873008959516, 0.9918125004280239, 0.8473797745923196
student, 674, 0.9934607503293869, 0.9930174069091555, 0.9626298421561054, 0.9931937427318113, 0.9932042804863203, 0.9930937216946576
student, 207, 0.9954335187474405, 0.9959389335378018, 0.9846883109222027, 0.9959620396980514, 0.9959451625538039, 0.9959686961255916
student, 361, 0.9971945182559333, 0.9979373425842639, 0.9469541660219758, 0.9973094968663856, 0.997268337435739, 0.9973273611552989
student, 680, 1.0, 1.0, 0.9770574190291477, 1.0, 1.0, 0.7347275969404735
student, 52, 0.9979353691938982, 0.99871640607997, 0.9975155441071232, 0.9981680505407428, 0.9979573226704405, 0.8370313248538455
student, 553, 0.9916973353707668, 0.9862935026503197, 0.9919711397570083, 0.9917009397033808, 0.9922668443574187, 0.9906565312944196
student, 449, 0.9946161668323301, 0.993241027714655, 0.896519510426273, 0.995593582264593, 0.9798523964112404, 0.9037598302856926
student, 242, 0.9978560839085598, 0.997154645935237, 0.9759017793277163, 0.9982425427291259, 0.9953491832189693, 0.9963692849177795
student, 483, 0.9961610414687349, 0.9989464769141284, 0.9972650890276014, 0.9972875357770385, 0.9968464192307355, 0.9666817420872623
student, 568, 1.0, 0.9963941659246872, 1.0, 1.0, 1.0, 1.0
student, 333, 0.9999880246797456, 0.9978640042021835, 0.9995185952464566, 1.0, 0.9950564032681776, 1.0
student, 86, 1.0, 1.0, 1.0, 1.0, 1.0, 1.0
student, 757, 0.967486622944775, 0.989674014526135, 0.990666784718199, 0.9909851935298897, 0.9910363109214066, 0.9899181387715853
student, 671, 0.9966728017713925, 0.9949290955885836, 0.9870698900144207, 0.9953858892237918, 0.9952157999403012, 0.9200547500849354
student, 746, 0.9917004789774165, 0.9978290878968301, 0.9376520549597677, 0.9962618249879303, 0.9963239265827591, 0.9941625127718534
student, 269, 0.9858793332601781, 0.9859959166641168, 0.9869770499378271, 0.9876865974527793, 0.9499990304739134, 0.9866621289036885
student, 279, 1.0, 0.9999232165325468, 1.0, 1.0, 1.0, 1.0
student, 743, 0.9987720038609318, 0.9980311801151719, 0.9456988644086219, 0.998528362760911, 0.9985781083263837, 0.9983523168470239
student, 697, 0.9978006459202127, 0.9980200997434091, 0.9801499693130621, 0.9978263090429587, 0.9983946235891588, 0.9979263333391504
student, 106, 0.9938795785120793, 0.9953787967619905, 0.9864025892535618, 0.9944421563609991, 0.9433267792883692, 0.9943961352633527
student, 142, 0.9938673745185772, 0.9966712737731571, 0.9934811441838548, 0.9927266321448949, 0.930932620592161, 0.967447750386929
student, 76, 0.9935062235736732, 0.9952700127864843, 0.994326844102138, 0.9954644051145537, 0.9954113758059673, 0.9951530129264263
student, 690, 0.9943081240241862, 0.9969961735968554, 0.9867498416582318, 0.9936952061409315, 0.9951968919622276, 0.994874838347065
student, 526, 0.9967649619367394, 0.9990134675895296, 0.9856767743052984, 1.0, 1.0, 1.0
student, 84, 1.0, 1.0, 0.9555706384761607, 1.0, 1.0, 0.9424903044894742
student, 27, 0.9944876872197261, 0.9788167909561727, 0.9937992657529386, 0.9919378930952439, 0.9950236450081287, 0.9926074747634747
student, 210, 0.9908107206344395, 0.9916091611416831, 0.8932310065783644, 0.9913763892323082, 0.9913838551709598, 0.9908035212218671
student, 573, 1.0, 1.0, 1.0, 1.0, 1.0, 0.8519539995860407
student, 63, 0.9975149938542889, 0.9973164918512946, 0.882352483974729, 0.9976338490009578, 0.99743402540211, 0.9966094741600222
student, 535, 0.9988714810854932, 0.9994764092660131, 0.9702236312675828, 0.9962071812816093, 0.9990289681478253, 0.9427163396075662
student, 790, 0.9970450402800903, 0.9948646857964789, 0.9012948951371457, 0.9954610327858306, 0.9963231883692822, 0.9963092985976993
student, 163, 0.9926631812787963, 0.9927447504774797, 0.9686938696256521, 0.9925856018586605, 0.9920913937023069, 0.9926477497576703
student, 334, 0.9993450471963712, 0.9994928958063481, 0.998859858802668, 0.9991220771089319, 0.9808562551644103, 0.9994250593113106
student, 208, 0.9916172437353561, 0.9904843044976901, 0.9271772710978345, 0.991103078155915, 0.9918340613015615, 0.9895793189882297
student, 168, 0.9944231819677108, 0.9961290093059115, 0.9917756477631184, 0.9449168842731611, 0.9939145853668362, 0.9938949908754483
student, 47, 1.0, 1.0, 1.0, 1.0, 1.0, 1.0
student, 246, 0.9892588055767482, 0.9894293667505996, 0.9835007170625749, 0.9888466922270878, 0.9914254386909718, 0.9643190331388056
student, 527, 0.9875569674352976, 0.9899602795616755, 0.988239284586861, 0.9765938309436771, 0.9896179591756348, 0.9883861117387296
student, 589, 0.9996336531561808, 0.9970345814393798, 0.9983711437916918, 1.0, 0.9853562074821354, 0.9985929585788402
student, 240, 0.9759652080838915, 1.0, 0.9796989577281765, 1.0, 1.0, 1.0
student, 430, 0.9950506032212089, 0.9963763333589828, 0.9718686469077182, 0.994742612955422, 0.9949468349882743, 0.995369218437578
student, 171, 1.0, 1.0, 0.9956457871154801, 1.0, 1.0, 1.0
student, 102, 0.9928469148263424, 0.9936639076313156, 0.9075509717346418, 0.9928566979443646, 0.9906904601445286, 0.992891286606812
student, 576, 0.995036349117096, 0.9938077202985448, 0.9826269757736056, 0.9976693789236689, 0.9952870115391308, 0.9947056739831346
student, 729, 0.9846863531011354, 0.984745047260857, 0.9851048079090227, 0.9849167969370589, 0.9813577793692341, 0.9845125619111984
student, 341, 0.9967996533487978, 0.9961160898050416, 0.9922421123243172, 0.9295680127335492, 0.9971077629662319, 0.9963990116398809
student, 141, 0.9939486484279015, 0.9975104012930532, 0.9283201628037989, 0.9938996793562798, 0.9954116396223799, 0.9079198886020163
student, 156, 0.9998651185454116, 0.9998496518270991, 0.9327528298120117, 0.9998985535978675, 0.9999508947546444, 0.9491203989370146
student, 136, 0.9916180556337161, 0.9916121556073902, 0.987773184500463, 0.9924054093420973, 0.9930885863302931, 0.8445800150553894
student, 501, 0.9960706756525803, 0.995512206759268, 0.9708229843949505, 0.995349788666052, 0.9930195977657437, 0.901911373239482
student, 79, 0.9950848244209024, 0.9980731876050782, 0.9923067633302156, 0.9959471576246148, 0.9956358091495837, 0.98305284095353
student, 55, 1.0, 1.0, 0.9719277897756672, 1.0, 1.0, 0.899820581944056
student, 672, 0.9953090036886266, 0.9975484718864525, 0.9662965951690206, 0.9971372673714527, 0.9963597215476405, 0.8963348712420058
student, 703, 1.0, 1.0, 0.9683286400634703, 1.0, 1.0, 0.9993184776056812
student, 133, 0.9875369198415069, 0.9906806813883443, 0.915945338360849, 0.9854937363100184, 0.9898204552415091, 0.9874301993193801
student, 585, 0.9931402479684523, 0.9936213512111245, 0.9939804251570775, 0.9755405812697251, 0.9942474220675189, 0.9934689884908621
student, 26, 0.9979353087754809, 0.9314858248319118, 0.9749679178629183, 0.996427366878251, 0.9967797378992945, 0.9639708342074355
student, 710, 0.9914766592157289, 0.9932147113505554, 0.9745461779691206, 0.9928850113703451, 0.986179971275734, 0.9911527274550855
student, 212, 0.9980148208714426, 1.0, 0.9467330247648802, 0.9947711478813857, 0.9949602138799322, 0.9484520638076227
student, 661, 0.9921599927714053, 0.9886524417693888, 0.9897118583144315, 0.9855034167310749, 0.9909410853345398, 0.9883231008934066
student, 243, 0.9937354159909332, 0.9919704414134666, 0.9738140786638697, 0.9957475212291299, 0.9917842431270955, 0.9940861407369328
student, 316, 0.9215087116785068, 0.9911164620345003, 0.9906461104240608, 0.9914244281090787, 0.9910300792397305, 0.9911801419515914
student, 206, 0.9945123390974395, 0.9957722003537657, 0.9217917620214562, 0.9935454242343281, 0.9920875362962058, 0.9899991253089729
student, 198, 0.9959255947901318, 0.9943022850006656, 0.9887092663600437, 0.9946206036132209, 0.9947967368601764, 0.9949585831194403
student, 476, 0.9939516919158894, 0.993774064498653, 0.9164499915728676, 0.9942112665659243, 0.9941406899976905, 0.9949160826386813
student, 556, 0.9983304372274673, 0.9997833440340386, 0.9954617785684354, 0.9964229869281357, 0.9966660977617774, 0.9340760689088566
student, 48, 0.9962905410239208, 0.997163220234881, 0.996121055644615, 0.9961418400156377, 0.8205485437825358, 0.9052067134863254
student, 323, 0.9549768868092384, 0.9964575337046578, 0.993459948954771, 0.9983264369557393, 0.9953805231065695, 0.9987168970761683
student, 577, 0.9905537524956269, 0.9915729128591297, 0.9575265389668396, 0.9915888017960137, 0.9882274563767915, 0.9923752275959903
student, 276, 0.9510186951400929, 1.0, 1.0, 0.9975198738573238, 0.9997336125821915, 1.0
student, 138, 0.9979707294504779, 0.9984368528213043, 0.9193142816749801, 0.9982998423518312, 0.9980242000180403, 0.8868443286279956
student, 215, 0.9992149291582644, 0.9995342952223406, 0.9797029734696088, 0.9996104129181962, 0.9995958719146689, 0.997075590397292
student, 713, 1.0, 1.0, 1.0, 1.0, 0.9944237032101122, 1.0
student, 359, 0.9954176882094083, 0.996313009934699, 0.9213371499316858, 0.9970457062203434, 0.9965050522327834, 0.9928121858680339
student, 223, 0.9923453646093706, 0.9916986075144083, 0.9749772223597335, 0.9915248716870337, 0.9914484870198822, 0.9921540137584494
student, 312, 0.9992674608462854, 1.0, 0.9961288183086027, 1.0, 1.0, 0.9997627971571563
student, 606, 0.9969997919142103, 0.9972500704799028, 0.9911515642518212, 0.9972404264810555, 0.9966634953459235, 0.9776011817596969
student, 192, 0.9877385560605978, 0.989474185913353, 0.9420186021712831, 0.9873119674149147, 0.9899458722927066, 0.9878890549866521
student, 667, 1.0, 1.0, 0.8731548357290881, 1.0, 1.0, 1.0
student, 776, 0.9969602651326746, 0.9969690100602832, 0.9906593902431066, 0.997176667586294, 0.9923605074442433, 0.9907682257620224
student, 733, 0.9956965336705943, 0.9968085174512986, 0.9801114615975899, 0.9973111551720591, 0.9934692504623075, 0.996484234127151
student, 280, 0.9941043800560421, 0.9948927457070945, 0.9941128736010653, 0.992540544170681, 0.994275412179963, 0.9936018985027044
student, 426, 0.998625725401172, 0.9981114468453829, 0.9977520161481348, 0.9971717587191412, 0.988092391412405, 0.9986173217409647
student, 464, 1.0, 0.995970439772413, 0.9793576372812304, 0.9969003519737833, 0.9992609837119417, 0.9936086048409062
student, 101, 0.9981257052848754, 0.9977391429262921, 0.9056074558151385, 0.9976458285067926, 0.9980143574392989, 0.9975623540159076
student, 186, 0.9925967948397936, 0.9947469710315635, 0.9954066412093574, 0.9941531251232173, 0.9739873528995293, 0.9959751677025016
student, 211, 0.90804148474852, 0.9988223293498044, 0.9983971750484263, 0.9992190931189239, 0.9981394819810796, 0.9989502609760708
student, 741, 0.9870878074064958, 0.9899177984946987, 0.9861407278099312, 0.9833143555766345, 0.9889935273579935, 0.9891508733031819
student, 271, 0.9942136973209734, 0.9955798888105707, 0.9938384211190002, 0.9941388310795208, 0.9943397537966635, 0.8840888986409022
student, 451, 0.997029733665856, 0.9985047434070731, 0.9965131293444645, 0.9983663515606456, 0.9991596121905033, 0.9979951210270811
student, 123, 1.0, 0.9996519367421248, 1.0, 1.0, 1.0, 1.0
student, 475, 1.0, 1.0, 0.9831564400147378, 1.0, 1.0, 0.9978982877511883
student, 167, 0.988630963801332, 0.99125103895686, 0.9503516075904213, 0.9895111543097987, 0.9886497938312465, 0.95969430774299
student, 578, 0.9964492477720067, 0.9935254930819336, 0.9875736681062318, 0.9975754626721035, 0.9267527278400015, 0.9830291444855696
student, 158, 0.9994414737652164, 0.9979254351530652, 0.9193661106299421, 0.9985726501694246, 0.9987142324955275, 0.9983336114742426
student, 131, 0.9972004168269204, 0.9974904038593316, 0.913751009231852, 0.9955987661876421, 0.9966266767704212, 0.993988643329258
student, 560, 0.9936154479928194, 0.9938698133404572, 0.9929273178545927, 0.994338407068074, 0.9941260378882167, 0.988369574612522
student, 436, 0.9917551764118434, 0.9891441763333312, 0.9371227827673116, 0.9909437849659429, 0.992014485307411, 0.890031908683421
student, 605, 0.9989345158155616, 0.9993706610203877, 0.9920420320040797, 0.9994089705063707, 0.9986599308686794, 0.9138757836610193
student, 272, 0.997101321208125, 0.9691059589410704, 0.9937429876283446, 0.9951188196059546, 0.9959792358089282, 0.9960139824303008
student, 111, 0.9900099773494253, 0.9904653283780247, 0.9589543333032645, 0.9905746613674025, 0.9906378593854097, 0.9896977051634434
student, 789, 1.0, 1.0, 0.992275983920845, 1.0, 1.0, 0.9984254553150863
student, 644, 0.9978222517858027, 0.997295217941384, 0.9976410755231645, 0.996845933036627, 0.9975237045951415, 0.9901930937531486
student, 145, 0.9936928808543959, 0.9937662154171346, 0.9081266351270506, 0.9931697467975641, 0.9944421493991814, 0.9920230545130218
student, 622, 0.9956330678029879, 0.9953365298476107, 0.9840200227558885, 0.9952894666661699, 0.9949077580819635, 0.9950827078030312
student, 546, 0.999449537394437, 0.9935430736879064, 0.9967321366413875, 0.9989556796267205, 0.9981179586029333, 0.999348060597308
student, 119, 0.9994530736407259, 0.9993129732093716, 0.996324794468509, 0.999004801719818, 0.9983524888520433, 0.9993511320176521
student, 288, 0.9921800388231636, 0.9916074137235831, 0.9914476281674961, 0.9922121892823953, 0.9933014668671858, 0.9293041536705414
student, 516, 1.0, 1.0, 1.0, 1.0, 0.9995163926191821, 1.0
student, 505, 0.9951182844856539, 0.9872239947168396, 0.9954654787417548, 0.9934241104494319, 0.9963240674317196, 0.9948700664555089
student, 610, 0.9937470369126283, 0.9977722623210139, 0.8981901882350384, 0.9996989819940134, 0.9974491897977087, 0.9477446998088567
student, 124, 0.993955420377808, 0.9932078707977054, 0.9756572625569317, 0.994998807926984, 0.9932238548676774, 0.9926205232815664
student, 611, 0.9945050668967831, 0.9931173659368294, 0.990489070136941, 0.993189706048665, 0.9938713581031586, 0.7098565819368262
student, 724, 0.9976138973612791, 0.9937626226818214, 0.9642015767668574, 0.9960675304534278, 0.9954353486116039, 0.9966886331257436
student, 549, 0.9975019974393184, 0.9977514367018985, 0.9933037412560052, 0.9976316156509569, 0.9974617294977174, 0.99748401601326
student, 372, 0.9096817633133725, 0.9937985817042624, 0.9943472713181535, 0.9936057335595083, 0.9927924878259521, 0.9934162334234793
student, 648, 0.993549384057559, 0.9939905913868085, 0.9886678819251674, 0.9930122352014401, 0.9929198317935556, 0.995393249370316
