item, 1 x 1, 0.8605637519497404, 0.5082247570414816, 0.3550099178354894, 0.9994646962697095, 0.9881267310569878
item, 1 x 10, 0.7089686169768469, 0.49654067121693507, 0.6786259649293531, 0.9865728630838672, 0.7590607516331302
item, 1 x 2, 0.6539681956330472, 0.48178051973961233, 0.646680082482752, 0.6086947955979263, 0.9958477732790952
item, 1 x 3, 0.5237171152395068, 0.5733760607193049, 0.4741704447088649, 0.5830026745846418, 0.705505283265221
item, 1 x 4, 0.7263513010358884, 0.5272063081747755, 0.013517653483713227, 0.6421743642676023, 0.6454597568686663
item, 1 x 5, 0.6839344551682727, 0.4712028505981209, 0.5265279788174432, 0.6686508183601783, 0.6461237921561809
item, 1 x 6, 0.6539369644254169, 0.9997673328268111, 0.46413469190547074, 0.45607065175357836, 0.5843841043603671
item, 1 x 7, 0.6189924354597146, 0.5392187872932244, 0.0009396730911479696, 0.5428333013363031, 0.6279006432454619
item, 1 x 8, 0.5309516693406912, 0.9272155780791761, 0.4673223052424529, 0.4246704356987261, 0.6341922649487064
item, 1 x 9, 0.543236462321855, 0.5835344261149181, 0.3118155233530319, 0.5055826370126701, 0.6086338400010466
item, 10 x 1, 1.0, 0.7965524305075794, 0.5420123715542592, 0.9998950110351136, 0.7046958368296131
item, 10 x 10, 0.5617962371564997, 0.8455745223725589, 0.5820720316848963, 0.9773834508725191, 0.812365274927568
item, 10 x 2, 0.9859196606948023, 0.4858925213991729, 0.43633221136916056, 0.7429576489364886, 0.9593618192075521
item, 10 x 3, 0.7017404614552155, 0.5524095397891693, 0.16110036902390973, 0.5781428587450116, 0.9996397942537263
item, 10 x 4, 0.6140200197387161, 0.6916163141329634, 0.7388956137766528, 0.9983300489068684, 0.6423999478339255
item, 10 x 5, 0.7531873376549, 0.7798893213005745, 0.638351341460026, 0.6392282453706608, 0.9974510884153868
item, 10 x 6, 0.6891532718247171, 0.5054621491187649, 0.4709028411169961, 0.48277982214248616, 0.590524570572337
item, 10 x 7, 0.5844225972456616, 0.5042063095565815, 0.7932760739289265, 0.8355238891979373, 0.6156770059863486
item, 10 x 8, 0.6555307321024757, 0.9636953842739667, 0.2316600008308913, 0.40098773126568654, 0.6447413231648377
item, 10 x 9, 0.64580729982815, 0.5045894335145207, 0.22768463061117516, 0.9946202204073538, 0.6238584656254428
item, 2 x 1, 0.9825375380099354, 0.6175359542364706, 0.3533277867836445, 0.68360309553747, 0.7108151994527455
item, 2 x 10, 0.6211933340340191, 0.5300308620073497, 0.5780324665514461, 0.9314492295818113, 0.9982380524703749
item, 2 x 2, 0.721728466658762, 0.4884274535934052, 0.4128817231074851, 0.9630023801452837, 0.9965482775165142
item, 2 x 3, 0.5597218736738511, 0.5408175512476501, 0.7526911617364787, 0.9895668616372907, 0.6974522306031359
item, 2 x 4, 0.7271105348950839, 0.5244550566771503, 0.7560711876450952, 0.5098797858918921, 0.6689377202407971
item, 2 x 5, 0.999931775007001, 0.43774934145173716, 0.5128721395548644, 0.9987253840325296, 0.6273264661619848
item, 2 x 6, 1.0, 0.5099717910131321, 0.19790101081586273, 0.42832849502881243, 0.6035825623792048
item, 2 x 7, 0.6227209120361773, 0.5110559371303236, 0.5820464951595788, 0.9587860839053957, 1.0
item, 2 x 8, 0.7355092217793652, 0.9877147892909024, 0.9558745781686268, 0.4558233972615483, 0.6879562226840439
item, 2 x 9, 0.5863277479698059, 0.9992514962972818, 0.3914780502250997, 0.5168027622875616, 0.9911048509817597
item, 3 x 1, 0.995607836773982, 0.5137024844774218, 0.3042333594921067, 0.945070567704354, 0.7125116862744525
item, 3 x 10, 0.9888435544474536, 0.5198485892071497, 0.5961803858541512, 0.681980126744369, 0.998672312474481
item, 3 x 2, 0.9465960014447854, 0.8607794748462938, 0.9160309368926047, 0.5927414514119462, 0.6990988065459174
item, 3 x 3, 0.7269606432643502, 0.9982213834610435, 0.6914263292114923, 0.5042964277322882, 0.6919461871468796
item, 3 x 4, 0.9948980620196574, 0.7703819054596853, 0.9353435886931366, 0.9990526438358469, 0.6107808788970758
item, 3 x 5, 0.7373507993257562, 0.8364746931847199, 0.7428736502234109, 0.7166679736668203, 0.6734974206837336
item, 3 x 6, 0.627263177440129, 0.9991736003757992, 0.9906297420487761, 0.9998120858640027, 0.9991594567860587
item, 3 x 7, 0.99885125863628, 0.9986434781645539, 0.9569515264358862, 0.5003446195984262, 0.994057113059032
item, 3 x 8, 0.889076283427202, 0.9926754048829252, 0.9983518530362445, 1.0, 0.6376167181082806
item, 3 x 9, 0.5645596772814394, 0.9992663958446346, 0.9976387965929806, 1.0, 0.6534473694317984
item, 4 x 1, 0.8515251747240876, 0.805278036577168, 0.2850181480799394, 1.0, 0.7123071882060593
item, 4 x 10, 0.5414760415324978, 0.9870103529740178, 0.6119911695569031, 0.8016907652994903, 0.7574302464885586
item, 4 x 2, 0.8584163610606547, 0.4379019667437641, 0.944986925891801, 0.9206839913236556, 0.9970575595441665
item, 4 x 3, 1.0, 0.7527615809520656, 0.993872619708507, 0.5367889877309783, 1.0
item, 4 x 4, 0.6242067948214798, 0.9991662608761601, 0.9986602840620221, 0.998570754222761, 1.0
item, 4 x 5, 0.992339483840441, 0.7132726717539803, 0.9919475451995599, 0.7090469312159349, 0.6533135255126208
item, 4 x 6, 0.9978691239918135, 0.9918543969892012, 0.9910222354153393, 1.0, 0.5664837813942962
item, 4 x 7, 1.0, 0.5055048780526684, 1.0, 0.9922187008062296, 0.9971506818343445
item, 4 x 8, 0.7194387704969438, 0.4972980274746334, 0.9994011002710997, 0.4146747165032421, 1.0
item, 4 x 9, 0.5483669849408708, 1.0, 1.0, 0.5828251291792965, 0.5853179859054722
item, 5 x 1, 0.7054454820480133, 0.4907833323520042, 0.623304810657445, 0.9887598101455477, 0.7109772653267642
item, 5 x 10, 0.9996949702079216, 0.9397797705547497, 0.5694973176889483, 0.8266357319261337, 0.7947729331366805
item, 5 x 2, 0.6052432722878934, 0.44789974859711484, 0.8817017298186912, 0.9816465219547444, 0.9480705302909678
item, 5 x 3, 0.6875897734622091, 0.9962246666020708, 0.7141646556704092, 0.5459947920585948, 0.9921510615933474
item, 5 x 4, 0.6344134121303907, 0.5305829239427481, 0.8376795771559125, 0.8437718219206922, 0.9934710410548259
item, 5 x 5, 0.9974964674325216, 0.8738519823088844, 0.9721208687727954, 0.6049530477737678, 0.9936643813210151
item, 5 x 6, 0.8157166588369441, 1.0, 0.6541081408313729, 0.48815138303823874, 0.5811497548872802
item, 5 x 7, 0.5380907994455657, 0.7591046126631845, 1.0, 0.5353865017466326, 0.9848831709214783
item, 5 x 8, 0.5013458633325825, 1.0, 1.0, 0.40337773585256115, 0.9961399001535116
item, 5 x 9, 0.5259542010288116, 1.0, 0.9959096365417813, 0.9325678672016351, 0.5446947399501971
item, 6 x 1, 0.9930027162837191, 0.8935041692863854, 0.29194641499035806, 0.75870467191609, 0.9102166784523923
item, 6 x 10, 0.646946278182455, 0.9611206976763663, 0.46938485322150036, 0.674497437357549, 0.7686602351383874
item, 6 x 2, 0.6775756930412346, 0.4289105686586709, 1.0, 0.9889415640664995, 0.7080116822913878
item, 6 x 3, 0.6501919891210607, 0.9996622266155503, 1.0, 0.5032729211755986, 1.0
item, 6 x 4, 0.6977672854135628, 1.0, 0.9938465541603307, 0.9915280558946976, 0.9979581871890628
item, 6 x 5, 1.0, 0.4506436129888395, 0.9446015339801062, 0.6713321519428557, 0.9532372804014281
item, 6 x 6, 0.6284505746147637, 1.0, 0.9988237400576605, 0.9997532151457131, 0.5991606369352257
item, 6 x 7, 0.9960494323746263, 1.0, 1.0, 0.5095870993022293, 0.6190466422982648
item, 6 x 8, 0.7213478642552922, 0.9962104487615913, 1.0, 1.0, 1.0
item, 6 x 9, 0.8960949969822748, 0.9993146320400466, 1.0, 0.40983765056331384, 0.9966921677076335
item, 7 x 1, 0.8696314775656218, 0.5183052623006408, 0.3115419773011285, 0.9797004604102807, 0.9100191670093215
item, 7 x 10, 0.938250345998384, 0.9953760936213606, 0.5576568717427465, 0.860532034918226, 0.9882836517714555
item, 7 x 2, 0.9893227289762656, 0.41680787360505217, 1.0, 0.9694320804477282, 0.995756076696689
item, 7 x 3, 0.9338544971770422, 0.9936253995540045, 0.9744889513486569, 0.9971876202042494, 0.9602732061589886
item, 7 x 4, 1.0, 0.9999127260217906, 1.0, 0.9999967510763961, 1.0
item, 7 x 5, 0.9999550906474761, 0.783724008718152, 0.9949233396489707, 0.618030327299585, 0.6439245513849893
item, 7 x 6, 0.9996325776462989, 0.9988244977825089, 1.0, 0.998391761048758, 0.9943983550934429
item, 7 x 7, 0.9954676334252417, 1.0, 1.0, 0.9960034899866, 0.9133330494685026
item, 7 x 8, 0.6048529216720546, 0.9995341162441505, 1.0, 0.8902793351029754, 0.9976692424460601
item, 7 x 9, 0.546106125033735, 0.37849296631083473, 0.9998198580820524, 0.78431919561547, 1.0
item, 8 x 1, 0.663864746064891, 0.8126848800253718, 0.3053057938998696, 0.9909486374726613, 0.712508785029304
item, 8 x 10, 0.5644177301397632, 0.7242762241984909, 0.6119858150952947, 0.8140177327210308, 0.9973475103465649
item, 8 x 2, 0.6250480316544156, 0.42738272925971116, 0.9988892052753885, 1.0, 0.7105071655928953
item, 8 x 3, 1.0, 1.0, 0.9962267364522251, 0.9999694170213145, 0.9932727129444068
item, 8 x 4, 1.0, 0.5690769259093461, 1.0, 0.46754344816449006, 0.9999145830669222
item, 8 x 5, 0.9998568097135481, 0.4359088440552467, 0.9966814441447489, 0.624697404868021, 0.656877502126897
item, 8 x 6, 0.7337228800469482, 0.7355034468392123, 1.0, 0.9984343120245998, 0.6021270588910312
item, 8 x 7, 0.9974640342777227, 0.9959566941616447, 0.999164374368615, 1.0, 0.575021138477158
item, 8 x 8, 0.9977075708991621, 1.0, 1.0, 0.3601486984449733, 0.6732714167747965
item, 8 x 9, 0.5076519713364447, 0.9991454208525802, 1.0, 1.0, 0.6175690599761148
item, 9 x 1, 0.6346537609182213, 0.7363710490350804, 0.6138794519943742, 0.9934013331590824, 0.7016297026364445
item, 9 x 10, 1.0, 0.5235439301558306, 0.39186006138428364, 0.9850907603711182, 0.7664194516713286
item, 9 x 2, 0.6773009603653941, 1.0, 1.0, 0.7667787856241117, 0.9999358187481739
item, 9 x 3, 1.0, 0.9936034610907946, 0.9999399956190551, 0.5142782907463237, 0.694353736884279
item, 9 x 4, 0.9960078504829969, 0.998845799016682, 1.0, 0.4984783868649414, 0.99851672808421
item, 9 x 5, 0.6988190082771524, 0.7775737416840972, 0.9895653080480542, 0.6241358694336412, 0.6478149014063326
item, 9 x 6, 0.8839484837675933, 1.0, 0.999597023414045, 0.8119274242189048, 0.9372839026812934
item, 9 x 7, 0.7106620096716022, 0.4122208428694259, 1.0, 0.9772621400303785, 0.9065871377412582
item, 9 x 8, 0.5031090609410706, 1.0, 0.9024282172523799, 0.3479909406614499, 0.6692334994028474
item, 9 x 9, 0.9937018496997558, 0.478365133043332, 0.8733623323014825, 0.8733803412221635, 0.9978794495708958
student, 282, 1.0, 1.0, 1.0, 1.0, 1.0
student, 668, 1.0, 1.0, 1.0, 1.0, 1.0
student, 339, 1.0, 1.0, 1.0, 1.0, 1.0
student, 215, 1.0, 1.0, 1.0, 1.0, 1.0
student, 480, 1.0, 1.0, 1.0, 1.0, 1.0
student, 776, 0.9974250189420836, 0.9986625660890316, 0.999781366894094, 0.9990296021165991, 0.8435094173640632
student, 248, 1.0, 1.0, 0.8659403972027694, 1.0, 1.0
student, 713, 1.0, 1.0, 1.0, 1.0, 1.0
student, 204, 0.9964092430437479, 0.997697966033897, 0.9354217171989996, 0.9971863924113327, 0.9967151807655366
student, 735, 1.0, 1.0, 1.0, 1.0, 1.0
student, 159, 0.9974346097102922, 1.0, 0.9833064167699439, 1.0, 0.9990432800074995
student, 223, 0.9997108374043085, 0.9993625499328465, 0.9998453953631778, 0.8951681365524359, 0.9998023516483394
student, 430, 1.0, 0.9911243602277752, 0.9909140376757268, 0.9997932877784675, 0.9982112458954184
student, 678, 1.0, 1.0, 0.6867067019755384, 1.0, 1.0
student, 398, 0.998408358854843, 0.9970897425323803, 0.930525075625508, 1.0, 0.9995996854277471
student, 714, 0.9955769381640984, 1.0, 0.9824036232414136, 0.9972822121958618, 0.9670850845995731
student, 37, 1.0, 1.0, 0.9999999999999997, 1.0, 1.0
student, 457, 1.0, 1.0, 1.0, 1.0, 1.0
student, 412, 1.0, 1.0, 1.0, 1.0, 1.0
student, 414, 1.0, 1.0, 1.0, 1.0, 1.0
student, 789, 0.9946797605487333, 0.9833087480454191, 0.9963401538747865, 0.9934105759940742, 0.9941738929411188
student, 550, 1.0, 1.0, 1.0, 1.0, 1.0
student, 105, 1.0, 1.0, 0.9975500735075806, 0.6930026477588564, 0.9997241571887604
student, 263, 0.9873780197934666, 0.9980410525511195, 0.9860065038717569, 0.9969831573602398, 0.9991231386936619
student, 471, 0.995760607841857, 0.9998823281169713, 0.9930061813518964, 0.9946057844052661, 0.9959765467034779
student, 274, 1.0, 1.0, 1.0, 1.0, 1.0
student, 373, 0.9994006226501696, 0.8610037113414513, 0.9980721580111961, 0.9993614624177085, 0.999131060186782
student, 549, 1.0, 1.0, 1.0, 1.0, 1.0
student, 177, 0.9488633971872165, 0.9995482102860775, 0.9353734951531678, 0.9996286976373524, 0.9997939329830988
student, 464, 1.0, 1.0, 0.5913863185728306, 1.0, 1.0
student, 286, 0.9970443782544299, 0.9993509019191017, 0.9812654625217229, 0.98473991966525, 0.9980765381885326
student, 143, 0.9965553216884325, 0.9973053958291558, 0.9958218282267093, 0.9971274937546238, 0.9823749967793748
student, 91, 0.9985219477355587, 1.0, 0.8611069281424354, 0.9962748906113974, 0.9987271372508264
student, 609, 0.9997171819919544, 0.9976797838961216, 0.8448340212487543, 1.0, 0.9997828322054962
student, 234, 1.0, 1.0, 0.903715911225981, 0.9973053227714023, 0.999187759224113
student, 469, 0.9978644911698175, 0.9973271543163156, 0.9042274456265103, 0.9980999057240826, 0.9962312667019683
student, 630, 1.0, 1.0, 0.5160720206429674, 1.0, 1.0
student, 650, 1.0, 0.9975862476875943, 0.737966597557667, 1.0, 1.0
student, 252, 0.9988102228085436, 0.9121116099577323, 0.9980070555361631, 0.9991492735986977, 0.9982330661758091
student, 641, 0.9942760549214699, 0.9937061153153162, 0.9922182214615534, 0.9929793676820841, 0.9942687932435383
student, 771, 0.9998231063239351, 0.8943759047623359, 0.9993753622215537, 1.0, 0.9994185121012441
student, 295, 0.9984303074183332, 0.9835368794875194, 0.9702773676136867, 0.9984798333546243, 0.9989909271551575
student, 355, 0.997797330679587, 0.9949533556974541, 0.9936194627877105, 1.0, 0.9982018635109716
student, 670, 1.0, 1.0, 1.0, 1.0, 1.0
student, 273, 1.0, 1.0, 1.0, 1.0, 1.0
student, 241, 1.0, 0.9481062597098315, 1.0, 1.0, 1.0
student, 525, 0.9964839094250817, 0.9981002112494546, 0.9957194655662973, 0.9576369192554324, 0.9977278334931372
student, 131, 0.9993808252709896, 0.8960377175044963, 0.9990984242100123, 0.9992750800176993, 0.999294866400625
student, 251, 0.9937227812508971, 0.99434083993898, 0.9924120534537335, 0.9925509521761953, 0.9552276539180964
student, 262, 1.0, 1.0, 1.0, 1.0, 1.0
student, 205, 0.9973559569765605, 0.9958966476606149, 0.9970190256309533, 0.969659599092956, 0.9879134416111437
student, 17, 1.0, 1.0, 0.9199888604349661, 0.9994046513199752, 1.0
student, 307, 0.9282293289740741, 0.905416786072585, 0.9999041262717733, 0.9997622075295189, 0.9991339384861795
student, 515, 0.8243854312538085, 1.0, 0.9998194917627006, 0.999797896326673, 0.9997029343392041
student, 375, 1.0, 0.9996825830513894, 0.8443834798173272, 1.0, 0.9996974054617166
student, 448, 0.9966295332141225, 0.9576224625358127, 0.9981193692527347, 0.9979203668468257, 0.9979881577360581
student, 647, 0.9970160878160762, 0.9984573490486462, 0.9968554982814627, 0.9580107251687984, 0.9971970595085838
student, 233, 0.9940561405427549, 0.9827425758515558, 0.9891366030426718, 0.9963038845464003, 0.9942778840297601
student, 166, 1.0, 1.0, 0.4738591362907634, 1.0, 1.0
student, 201, 0.9698006987841004, 0.998901554694796, 0.846550842740095, 0.9996695743790988, 0.9993882686374979
student, 698, 1.0, 1.0, 1.0, 1.0, 1.0
student, 516, 0.9953123456418898, 0.9793576640273624, 0.9937316062764101, 0.996685616501459, 0.9949122268189835
student, 293, 1.0, 1.0, 1.0, 1.0, 1.0
student, 361, 1.0, 0.9387074043978846, 1.0, 1.0, 0.9990126883043883
student, 73, 0.9991005560387286, 0.9417837875205224, 0.9981989419854863, 0.9986960471348652, 0.9982190120282344
student, 452, 0.9998046052001517, 1.0, 0.8157492786397884, 0.9992468914753073, 0.999579392317963
student, 238, 1.0, 0.6648939780034948, 0.9967159001835406, 1.0, 1.0
student, 76, 0.997588064483483, 0.9824039001404181, 0.997071355382432, 0.9979237677300079, 0.9973605529542328
student, 358, 0.9972173167701157, 0.9459967171386515, 0.9770489581966312, 0.9975234675623269, 0.9970343740613852
student, 591, 1.0, 1.0, 1.0, 1.0, 1.0
student, 778, 0.9946846649941137, 1.0, 0.9982274671444761, 1.0, 0.9986459877241591
student, 222, 1.0, 1.0, 1.0, 1.0, 1.0
student, 407, 1.0, 0.9440095396378079, 1.0, 1.0, 1.0
student, 601, 0.9953054770288822, 0.9956013468064048, 0.9420017981414084, 0.9914114282700347, 0.9949441416146799
student, 230, 1.0, 1.0, 1.0, 1.0, 1.0
student, 171, 0.9972127675919087, 0.9998285867093969, 0.9993766880541537, 0.9968972359695311, 0.9266520169618504
student, 634, 0.9990198443307549, 0.9983808100768117, 0.9189927264294416, 0.996086216251206, 0.9945350042592161
student, 116, 1.0, 1.0, 1.0, 1.0, 1.0
student, 284, 1.0, 1.0, 1.0, 1.0, 1.0
student, 527, 1.0, 1.0, 1.0, 1.0, 1.0
student, 621, 0.9996145136122485, 0.9987637284289098, 0.8250792839006543, 1.0, 0.9993435838038506
student, 529, 0.9739752489674762, 0.9983097268995463, 0.9977182897029703, 0.9991387436921164, 0.9992265875918681
student, 114, 1.0, 0.9923609123982402, 0.9506206313893169, 0.9996314208015832, 1.0
student, 167, 1.0, 1.0, 0.8694511652332126, 0.9983914352493963, 1.0
student, 697, 1.0, 1.0, 1.0, 1.0, 1.0
student, 461, 1.0, 1.0, 0.9599703407466099, 0.9979203483454349, 1.0
student, 132, 1.0, 1.0, 1.0, 1.0, 1.0
student, 674, 0.9795221211774557, 0.9946800828248679, 0.9688977821254348, 0.995541284210896, 0.9960704840324986
student, 672, 1.0, 1.0, 1.0, 1.0, 1.0
student, 518, 1.0, 1.0, 0.9999999999999987, 1.0, 1.0
student, 386, 0.99620484472563, 0.9786211632306683, 0.9959110550944148, 0.9970418549837556, 0.9953656712412964
student, 517, 1.0, 1.0, 1.0, 1.0, 1.0
student, 236, 0.9968103690044243, 0.9970330370745788, 0.9163197714728414, 0.9922482462901069, 0.997591705290934
student, 74, 0.9983667098801342, 0.9962171379438296, 0.9298050246188284, 1.0, 1.0
student, 692, 0.9996282578633503, 1.0, 0.7374947517503467, 1.0, 0.9998252197529004
student, 522, 1.0, 0.9920618622830802, 0.9943383713444525, 1.0, 0.9967486775438219
student, 481, 1.0, 1.0, 1.0, 1.0, 1.0
student, 424, 1.0, 1.0, 1.0, 1.0, 1.0
student, 473, 1.0, 1.0, 0.7160879970716585, 1.0, 1.0
student, 301, 1.0, 1.0, 1.0, 1.0, 1.0
student, 79, 0.9996648671240643, 1.0, 0.90146473429384, 0.9991120593607382, 0.9997274970297496
student, 192, 0.9998198481196147, 0.7540264873265163, 0.9997251991211186, 0.9998202191652381, 0.9998727297575272
student, 408, 0.9998602612385262, 0.9987095978548862, 0.7728243382258511, 1.0, 0.9994216034303494
student, 700, 1.0, 1.0, 1.0, 1.0, 1.0
student, 27, 1.0, 1.0, 0.8659693227765118, 0.9988622895388471, 1.0
student, 96, 0.9432036633303005, 0.8897215568995654, 0.9998569585558906, 0.999637159959295, 0.9985845628107177
student, 310, 1.0, 1.0, 1.0, 1.0, 1.0
student, 102, 0.9980667151912264, 0.9945659119315274, 0.9163184326078107, 0.9916389155904007, 0.9978018651759232
student, 90, 1.0, 1.0, 1.0, 0.9999915225872615, 1.0
student, 693, 1.0, 1.0, 1.0, 1.0, 1.0
student, 533, 0.9950671591780151, 1.0, 0.8788446880861314, 1.0, 1.0
student, 54, 1.0, 1.0, 1.0, 1.0, 1.0
student, 163, 0.9973351127281342, 0.9995763592372565, 0.9804726567260864, 1.0, 0.9977964142949081
student, 479, 0.9928576424397815, 0.9861013784786651, 0.9897488041691811, 0.9988505028526566, 0.9978406507515092
student, 32, 1.0, 1.0, 1.0, 1.0, 1.0
student, 750, 1.0, 1.0, 1.0, 0.9167723003774322, 1.0
student, 86, 1.0, 1.0, 1.0, 1.0, 1.0
student, 103, 1.0, 0.9770419470416427, 0.9822149253156582, 0.9978448192452454, 1.0
student, 343, 0.9968759922368278, 0.9543419913085649, 0.9995958674365152, 1.0, 1.0
student, 462, 1.0, 1.0, 1.0, 1.0, 1.0
student, 733, 0.9903706214354862, 0.9955260242059465, 0.9163685976535968, 1.0, 0.9958487404469174
student, 211, 0.651006424150868, 0.9997768229121452, 0.9998308928081683, 0.9998586871701951, 0.9999022273570125
student, 152, 0.9941640619951754, 0.9797898954291753, 0.9722473507738764, 0.9937786369050269, 0.9893663086349374
student, 344, 1.0, 1.0, 1.0, 1.0, 1.0
student, 271, 1.0, 1.0, 0.6941239203057746, 1.0, 1.0
student, 329, 1.0, 1.0, 1.0, 1.0, 1.0
student, 576, 1.0, 0.96478604878903, 0.9970070616160509, 0.9945992338246289, 0.9971221528269959
student, 410, 0.9940991892970416, 0.9954335426131886, 0.9976239342480393, 0.9644450523489093, 0.9968855304019943
student, 136, 1.0, 1.0, 1.0, 1.0, 1.0
student, 268, 1.0, 0.9999745359441198, 0.7542224982894561, 1.0, 1.0
student, 764, 0.9997164078036651, 0.9475655261156295, 0.9128761875300572, 0.9993648899678091, 0.9992476436271797
student, 98, 0.999447193426019, 0.9993685229458157, 0.9036002822700954, 0.9994345036076493, 0.9994665306397739
student, 520, 1.0, 1.0, 1.0, 1.0, 1.0
student, 505, 1.0, 1.0, 1.0, 1.0, 1.0
student, 526, 1.0, 1.0, 1.0, 1.0, 1.0
student, 80, 1.0, 1.0, 1.0, 1.0, 1.0
student, 742, 1.0, 0.9979860250555149, 0.916321937383278, 0.9983921605680168, 1.0
student, 335, 1.0, 1.0, 1.0, 1.0, 1.0
student, 740, 1.0, 0.986250083277235, 0.993388029127579, 0.9962901117786078, 0.9960932438379106
student, 617, 0.9993606713279574, 0.9988543905900801, 0.8596484865649918, 0.9996107767268286, 0.7510129703704266
student, 757, 0.7406137989965351, 0.9997807900036964, 0.9998977720861646, 1.0, 1.0
student, 376, 0.9945772065507906, 1.0, 0.9635284706600707, 0.9987428787017077, 0.9949485441837708
student, 61, 0.9957343563713977, 0.8957882245410159, 0.9955014994639433, 0.994618495175168, 0.9911054332437859
student, 100, 0.9970420616586523, 0.9966772326198232, 1.0, 0.9449601909469723, 0.998060097023858
student, 190, 1.0, 1.0, 1.0, 1.0, 1.0
student, 370, 0.993870315750929, 0.9875605968997673, 0.9908953417108958, 1.0, 1.0
student, 173, 1.0, 1.0, 0.8901860888155967, 0.9996159109269431, 1.0
student, 507, 0.9997766991405339, 0.9994797659111543, 0.9042678922298933, 0.9984165857186137, 0.9995751586106371
student, 637, 1.0, 0.8382712887627062, 0.9486884787981262, 1.0, 1.0
student, 444, 1.0, 1.0, 0.917137203603641, 1.0, 0.9994567440077318
student, 743, 1.0, 0.7865641505971392, 0.9974992829465775, 1.0, 1.0
student, 331, 1.0, 1.0, 1.0, 1.0, 1.0
student, 438, 0.9949029375678297, 0.995187010339759, 0.9640731442516677, 0.998606218970214, 0.9983934480531341
student, 583, 1.0, 1.0, 1.0, 1.0, 1.0
student, 538, 1.0, 1.0, 1.0, 1.0, 1.0
student, 453, 0.997446975026885, 1.0, 1.0, 0.9943290355421512, 0.984814302161046
student, 155, 1.0, 1.0, 1.0, 1.0, 1.0
student, 656, 0.783037743472932, 0.999889381996381, 1.0, 0.9996760058140179, 1.0
student, 140, 0.7787173528725008, 0.9994842586859387, 0.997591860721035, 0.9998253492911098, 0.9998152368969005
student, 392, 1.0, 1.0, 1.0, 1.0, 1.0
student, 200, 1.0, 1.0, 0.9311181952818428, 0.9964375290506226, 1.0
student, 539, 0.9990472145370766, 0.9997616535068106, 0.8262307961196086, 1.0, 1.0
student, 544, 1.0, 1.0, 1.0, 1.0, 1.0
student, 275, 1.0, 1.0, 1.0, 1.0, 1.0
student, 738, 0.9989161218222783, 0.9946019228600222, 0.9622681674921463, 0.9996076265489505, 0.9948611414917583
student, 245, 0.9980545800989428, 0.9943403433569324, 0.9925011903676864, 0.9408809994732682, 0.9999376585661024
student, 382, 1.0, 1.0, 1.0, 1.0, 1.0
student, 312, 1.0, 1.0, 1.0, 1.0, 1.0
student, 221, 1.0, 1.0, 1.0, 1.0, 1.0
student, 184, 0.9930039750872377, 0.9853192040802332, 0.9891313543899019, 0.9887075584519849, 0.9932234715406187
student, 153, 0.9970959189687871, 0.9970691561118855, 0.9936937118523984, 0.7706851328923339, 0.9976909466904152
student, 546, 1.0, 1.0, 1.0, 1.0, 1.0
student, 478, 0.9965003051900688, 0.9950978123522994, 0.860556742751718, 0.9965739500201755, 0.9968606568435887
student, 562, 1.0, 1.0, 1.0, 1.0, 1.0
student, 107, 1.0, 0.8391657448220509, 0.9975442037092402, 1.0, 0.999777211380011
student, 380, 1.0, 1.0, 1.0, 1.0, 1.0
student, 164, 0.9981218700314558, 0.9742842709346893, 0.996796064771761, 0.9963083637513827, 0.9964402985264852
student, 690, 0.9938891602468554, 0.9986088070960213, 0.9805801327680578, 0.9873188918322338, 0.9997446644912481
student, 181, 1.0, 1.0, 1.0, 1.0, 1.0
student, 78, 1.0, 1.0, 1.0, 1.0, 1.0
student, 308, 1.0, 1.0, 1.0, 1.0, 1.0
student, 723, 0.9985558928657894, 0.9964538164489841, 0.945423079576285, 0.9985057235292765, 0.9980534253244892
student, 753, 0.9968467867615733, 0.9999109090931433, 0.928689010772733, 1.0, 0.999371255653048
student, 791, 0.9183087255453712, 0.9993655996768339, 0.998537044629079, 1.0, 0.9992718151857926
student, 359, 1.0, 1.0, 0.8439323040681251, 0.9974029922003876, 0.9995293609407616
student, 176, 1.0, 1.0, 1.0, 1.0, 1.0
student, 781, 0.9995232508264396, 0.8979219302886984, 0.9791600334762355, 0.9992420161869003, 0.9990305864821354
student, 345, 1.0, 1.0, 1.0, 1.0, 1.0
student, 703, 1.0, 1.0, 1.0, 1.0, 1.0
student, 535, 1.0, 1.0, 1.0, 1.0, 1.0
student, 556, 1.0, 1.0, 1.0, 1.0, 1.0
student, 367, 1.0, 1.0, 1.0, 1.0, 1.0
student, 253, 1.0, 1.0, 0.997295278029754, 1.0, 0.7892935397226999
student, 785, 0.9998387698275577, 0.9995367892077116, 0.8660661419324487, 0.9985231750708371, 0.9983478261764761
student, 749, 1.0, 1.0, 0.7073502780182396, 1.0, 1.0
student, 803, 1.0, 0.998449291937008, 0.560711887001079, 0.9999450578907761, 1.0
student, 183, 0.9793801514038123, 1.0, 0.9148177682040647, 0.9989847785333934, 0.9995960734845133
student, 197, 0.9970863635843442, 0.8571782044461448, 0.9957103005110878, 0.9961635372625137, 0.9975729993559482
student, 688, 1.0, 1.0, 1.0, 1.0, 1.0
student, 610, 1.0, 0.9992276876000408, 0.7568092442747896, 1.0, 0.9998304185546086
student, 832, 1.0, 1.0, 1.0, 1.0, 1.0
student, 28, 1.0, 1.0, 1.0, 0.9987254197732152, 0.9298051850181565
student, 565, 1.0, 1.0, 1.0, 1.0, 1.0
student, 460, 0.9994346339537049, 0.9980753119497066, 0.9862465830687195, 0.9450639367457904, 0.9996874245184653
student, 613, 1.0, 1.0, 0.7512252491728838, 1.0, 1.0
student, 622, 1.0, 1.0, 1.0, 1.0, 1.0
student, 390, 1.0, 1.0, 1.0, 1.0, 1.0
student, 592, 1.0, 1.0, 1.0, 1.0, 1.0
student, 489, 0.9979999772857732, 0.9935326546936302, 0.9744382975003543, 0.9991133046131346, 0.9981403634149433
student, 288, 1.0, 1.0, 1.0, 1.0, 1.0
student, 191, 0.9951609209617536, 1.0, 1.0, 1.0, 0.9987172131118547
student, 585, 1.0, 1.0, 1.0, 1.0, 1.0
student, 773, 1.0, 0.9785312070758861, 0.9845749088390593, 0.9914905312936125, 1.0
student, 55, 1.0, 1.0, 0.33713508658088676, 1.0, 1.0
student, 432, 0.9981414875170608, 0.9984047564617939, 0.9636267820832983, 0.9977005105365679, 0.9977069076155429
student, 603, 0.890217695660837, 0.9972301583439248, 0.9960822991914655, 0.9970445526083148, 0.9998567815671081
student, 115, 1.0, 1.0, 1.0, 1.0, 1.0
student, 628, 1.0, 1.0, 1.0, 1.0, 1.0
student, 226, 0.9957133346670203, 0.9957989456580519, 0.853281645412817, 1.0, 0.9978700938658074
student, 356, 0.9904720232011386, 1.0, 0.9968107930154377, 0.9968275667374586, 0.9963040393337554
student, 323, 1.0, 1.0, 1.0, 1.0, 1.0
student, 523, 1.0, 0.9974790701043637, 0.9672874194852338, 1.0, 0.9933842012882346
student, 180, 0.9996616388097899, 0.9957660011600803, 0.9986918477946483, 0.9996964050019416, 0.9627580894653763
student, 138, 1.0, 1.0, 0.7254683240981695, 1.0, 1.0
student, 579, 0.5828035300903825, 1.0, 1.0, 1.0, 1.0
student, 569, 1.0, 1.0, 1.0, 1.0, 1.0
student, 47, 1.0, 1.0, 1.0, 1.0, 1.0
student, 567, 0.9987829125418713, 0.9959934155845955, 0.8991203821804791, 0.998584624999176, 0.9972174983146751
student, 242, 0.9979357767222157, 0.8557375975897884, 0.9868574386093971, 1.0, 0.9994442758752963
student, 716, 0.9926967132808927, 0.9961529613566605, 0.9724588419329111, 0.9937811767575625, 0.9970271291825472
student, 503, 0.9992557172943134, 0.9986309762748481, 0.90865897315835, 1.0, 0.9998342264736788
student, 219, 0.9980510530465927, 0.9980608872661123, 0.9979614945135048, 0.8884124385921681, 0.9981799628911167
student, 394, 1.0, 1.0, 1.0, 1.0, 1.0
student, 207, 0.9990305011626024, 0.9993030496890911, 0.9993563356418429, 0.812330350159079, 1.0
student, 333, 0.8464472024632003, 1.0, 1.0, 1.0, 1.0
student, 129, 0.9992064488062404, 0.9973096313980274, 0.9209786451947026, 0.9995488983748219, 0.9814932556745665
student, 121, 1.0, 1.0, 1.0, 1.0, 1.0
student, 246, 0.998783195455526, 1.0, 0.9114464894003456, 1.0, 0.9956726467737241
student, 472, 1.0, 1.0, 1.0, 1.0, 1.0
student, 440, 0.9969483950654624, 0.9986883939345472, 0.9781157531629331, 0.9957560663277824, 0.9973227728457545
student, 133, 0.9978406167139124, 0.9981919351957466, 0.8779558936420719, 0.9970816504334185, 0.9971700350377282
student, 283, 1.0, 1.0, 1.0, 1.0, 1.0
student, 292, 1.0, 0.9994215103797024, 0.8700117183786269, 1.0, 0.9375789847147318
student, 548, 1.0, 0.8280283506736924, 1.0, 0.9991612262503454, 0.9997248623409558
student, 261, 1.0, 1.0, 0.9999931888626906, 0.9354675890646504, 1.0
student, 117, 0.9993448963923416, 0.8095149899161723, 0.9824473991374146, 0.9994370797719195, 0.9992994605825826
student, 747, 0.9998024536179759, 0.9997281055135386, 0.7650520828841183, 0.8225137804136532, 1.0
student, 168, 1.0, 1.0, 1.0, 1.0, 1.0
student, 553, 1.0, 0.9998586066959884, 0.6545146238724978, 1.0, 1.0
student, 51, 0.9989131763720828, 0.9467217711327197, 0.9976326183203712, 0.9978130986583801, 0.9977612527907139
student, 30, 0.9990726867090065, 0.9995923285804579, 0.9704506125598532, 0.9532161302042804, 0.9963778466014639
student, 426, 0.8847215368348492, 0.9999076965275076, 0.9933041969959793, 0.999762786727472, 0.9991000492095269
student, 162, 0.9978376409878407, 0.997480139722634, 0.9356175273693231, 0.9979489049437176, 0.9996394745918735
student, 589, 1.0, 1.0, 0.9999999999999994, 1.0, 1.0
student, 75, 1.0, 1.0, 1.0, 1.0, 1.0
student, 372, 1.0, 1.0, 0.9977070485933996, 1.0, 0.765367688388127
student, 436, 0.9998133544404972, 0.999664011213418, 0.8143167874401583, 1.0, 0.9999307045730461
student, 77, 1.0, 1.0, 1.0, 1.0, 1.0
student, 206, 0.9952878456583619, 0.9147600680607644, 0.9935526874950791, 0.9932116295374722, 0.9953751919989913
student, 112, 1.0, 1.0, 1.0, 1.0, 1.0
student, 654, 1.0, 1.0, 1.0, 1.0, 1.0
student, 655, 1.0, 1.0, 0.9694586375011541, 0.9970525008399884, 0.9949008846776585
student, 721, 0.8688577242241456, 1.0, 0.9981198854933011, 0.9986795811018602, 0.9993748933695253
student, 29, 1.0, 1.0, 1.0, 1.0, 1.0
student, 640, 0.9991996676119944, 0.9821460626105459, 0.8111913923325549, 1.0, 1.0
student, 31, 1.0, 0.9999094282964567, 0.8100015617610715, 1.0, 1.0
student, 63, 0.9997505767907108, 0.9996719712440565, 0.9019923025943889, 0.9999726677620867, 0.9997413407135219
student, 319, 1.0, 0.9996660699235054, 0.8242752900887288, 1.0, 1.0
student, 725, 1.0, 1.0, 0.8324818332813041, 1.0, 1.0
student, 760, 0.9952267420625085, 0.9813335194284799, 0.9623487153421051, 0.9953795587506613, 0.9956159306675315
student, 487, 0.9982555555658933, 1.0, 0.891830621786726, 0.9990217683213398, 0.9985175098141931
student, 396, 1.0, 1.0, 1.0, 1.0, 1.0
student, 779, 1.0, 1.0, 1.0, 1.0, 1.0
student, 477, 0.9993749150889988, 0.9991506327482551, 0.8811998840724059, 1.0, 0.999350185249472
student, 468, 0.9991463684594714, 0.9995556690032091, 0.9884954270550677, 0.9956220270733596, 0.9860354313963137
student, 746, 0.999734111289048, 0.9994989295564569, 0.9348693790856282, 1.0, 0.9996234145609754
student, 66, 0.7522586516365528, 1.0, 0.999920806935305, 1.0, 0.999930890009188
student, 537, 0.9971574559408759, 0.998178889494878, 0.9704240240157417, 0.9954281637763822, 0.9970825593252287
student, 724, 0.9214321098968594, 0.9973745146127376, 0.9752818720894615, 0.9964535104458314, 0.9967778140849992
student, 501, 1.0, 1.0, 0.6658304091929406, 1.0, 1.0
student, 666, 1.0, 1.0, 0.8346886090804797, 1.0, 1.0
student, 467, 0.999694552762175, 1.0, 0.9962794000195232, 1.0, 0.8563229044411942
student, 97, 1.0, 1.0, 1.0, 1.0, 1.0
student, 454, 0.993591533955843, 0.9845106407044021, 0.9897214977371315, 0.9873094158250625, 0.9910161213826535
student, 559, 1.0, 1.0, 1.0, 1.0, 1.0
student, 736, 1.0, 0.9994542660377461, 0.9988580167159593, 0.8758367439263866, 1.0
student, 748, 0.9962505292196777, 0.9957940884342258, 0.7660197515501499, 0.9944429728596186, 0.9950084204815315
student, 684, 0.9994699809764868, 1.0, 0.9017313308998978, 0.9984106233526172, 0.9995035572625092
student, 745, 0.9997936059666931, 0.9007853563778891, 0.9958406025446668, 0.9941468604458774, 1.0
student, 643, 0.9983490366799345, 0.8816860734678156, 0.9976101419649316, 0.99920622879714, 0.9973441364887206
student, 186, 1.0, 1.0, 1.0, 0.9973013317423619, 1.0
student, 243, 0.9947931760088382, 0.9959402204477231, 0.9952003542384659, 0.9964053061178777, 0.9094062946527156
student, 256, 0.9997338171177612, 0.9920985908634535, 0.9594663475372281, 0.9956634675428166, 1.0
student, 150, 1.0, 1.0, 0.693257997846775, 1.0, 1.0
student, 652, 0.9997356815994434, 0.9996031200659399, 0.9996069172726962, 0.9769966742193326, 0.954488220720052
student, 264, 0.9969739063779194, 0.9954594401121184, 0.9027082208778582, 0.997279508397217, 0.9971854649670852
student, 512, 1.0, 1.0, 1.0, 1.0, 0.608618985179158
student, 126, 1.0, 0.8390483573719582, 0.9998282933341439, 1.0, 1.0
student, 203, 1.0, 0.9160869868295037, 0.9899807158814173, 1.0, 0.9987062066952579
student, 123, 0.9995038377993947, 0.920817032097259, 0.8783987767924446, 0.9996954521655337, 0.9991607139090617
student, 175, 1.0, 1.0, 1.0, 1.0, 1.0
student, 754, 1.0, 1.0, 1.0, 1.0, 1.0
student, 528, 0.9906320817854463, 0.9927490279784165, 0.9524185628909615, 0.9908495201105113, 0.9905449118462192
student, 198, 1.0, 1.0, 1.0, 1.0, 1.0
student, 570, 1.0, 0.9967053101176461, 0.748938329727851, 1.0, 1.0
student, 777, 0.9970636105349595, 0.9975364355959082, 0.9964567052871138, 0.920015279557787, 0.9971395814726398
student, 156, 1.0, 0.9990486007432708, 0.9684443515038811, 1.0, 0.9455103012814714
student, 212, 1.0, 1.0, 1.0, 1.0, 1.0
student, 371, 0.9995188572568239, 0.9992543701957102, 0.7485654121137333, 1.0, 0.99950211197424
student, 278, 1.0, 1.0, 1.0, 1.0, 1.0
student, 524, 0.9995142332757379, 0.999292154337989, 0.9891367393192744, 0.9217681507135983, 0.999637627949149
student, 560, 0.9982719430423567, 0.999295490858517, 0.7893777734910595, 1.0, 0.9995103552966427
student, 706, 1.0, 1.0, 1.0, 1.0, 1.0
student, 682, 1.0, 1.0, 1.0, 1.0, 1.0
student, 64, 0.9973512921267731, 0.8908933948543799, 0.9979969174217352, 0.9969111465618411, 0.997511713255312
student, 644, 0.9983516128904175, 0.9996251586525754, 0.9970270931437965, 0.9990613186888635, 0.9546589095172063
student, 353, 0.9547857542346344, 0.9993635815427792, 0.9968316347939365, 0.9989527948825698, 0.9955806863436205
student, 663, 0.9989592859254225, 0.9986265712279522, 0.9606309106898482, 0.9717391210560725, 0.9990153412082105
student, 334, 1.0, 1.0, 1.0, 1.0, 1.0
student, 209, 0.9956013268696593, 0.9963799546000356, 0.8874510746247483, 0.9948929775365655, 0.993464810015546
student, 574, 1.0, 0.9998475476286237, 0.8760254099680919, 1.0, 1.0
student, 459, 1.0, 1.0, 1.0, 1.0, 1.0
student, 109, 1.0, 0.9279148115829865, 0.9044566403628119, 0.9997077994391261, 1.0
student, 575, 1.0, 1.0, 0.7874734509942337, 1.0, 1.0
student, 651, 1.0, 1.0, 0.6760453364321175, 1.0, 1.0
student, 337, 0.9997385099835425, 0.8282048151475526, 0.9998931283897537, 1.0, 1.0
student, 499, 1.0, 1.0, 1.0, 1.0, 1.0
student, 374, 0.9985891541780546, 1.0, 0.9734236996680359, 1.0, 1.0
student, 475, 0.999330652581933, 0.8520702332295543, 0.997580126615897, 0.9997171581238372, 1.0
student, 741, 0.998777723052902, 0.9814865468724127, 0.994336385479377, 1.0, 1.0
student, 179, 1.0, 0.8425945911307988, 0.9988244353535058, 1.0, 1.0
student, 357, 0.9963011290389995, 0.9956591202178573, 0.8574977429990609, 0.9952572182648043, 0.9968251950562556
student, 739, 0.9960998637114755, 0.9973273018836654, 0.7720753179626417, 0.9990972848508755, 0.9994328058743646
student, 84, 1.0, 0.9995216746626931, 0.9999931578217607, 0.999390094679752, 0.8886540176607297
student, 720, 0.9980392311826711, 0.8124055233917943, 0.9933268788069594, 0.9967860658600639, 0.9983106035028839
student, 249, 0.9983687595833138, 0.9985104705669035, 0.9400611106640373, 0.9975092877282834, 0.998638321970447
student, 661, 0.9944295982885406, 0.9955164995412686, 0.988991450769279, 1.0, 0.9971795295940398
student, 160, 0.9950284596743904, 0.9995489076102394, 0.9400564108837792, 0.9591584445496447, 0.9950467111926786
student, 623, 0.9980881117858902, 0.998257936106632, 0.8657522571559745, 0.9983163133878902, 0.9982691153744119
student, 532, 1.0, 1.0, 1.0, 1.0, 1.0
student, 404, 0.9884653976116684, 1.0, 1.0, 0.8214747495546278, 0.9992199009358623
student, 53, 0.9987000033923842, 0.9963843434789993, 0.9961743719054784, 0.9558921495713077, 0.9975539268669118
student, 269, 1.0, 1.0, 1.0, 1.0, 1.0
student, 696, 1.0, 1.0, 1.0, 1.0, 1.0
student, 281, 1.0, 1.0, 1.0, 1.0, 1.0
student, 465, 0.9966199269279492, 0.9989754390836898, 0.9562954752647234, 0.9969808251883133, 0.9967732322344635
student, 144, 0.9997555016664829, 1.0, 0.8401969678816263, 0.9998849635536201, 0.9998303752217943
student, 434, 1.0, 1.0, 1.0, 1.0, 1.0
student, 169, 1.0, 1.0, 1.0, 1.0, 1.0
student, 451, 1.0, 1.0, 1.0, 0.939594161025288, 0.9989939063652613
student, 154, 0.9978704505711131, 0.9777670177214683, 0.9956377742142853, 0.9968607279261144, 0.9968023276481341
student, 639, 1.0, 1.0, 0.4635766546305079, 1.0, 1.0
student, 172, 0.9443565505689103, 1.0, 0.942970110172299, 1.0, 0.999186301770219
student, 449, 1.0, 1.0, 0.6132159334044652, 1.0, 1.0
student, 602, 0.9958616397987993, 0.995911765828613, 0.9517283370002438, 0.9944489734694153, 0.9973705036633113
student, 49, 1.0, 0.9984585541957469, 0.9024515988053539, 1.0, 1.0
student, 420, 0.9979210785969088, 0.8414331367667066, 0.9957072979645133, 0.9982338482367311, 0.9961642600648204
student, 352, 0.9991759767027119, 0.994353701453904, 0.9450180686364756, 0.9957608076021099, 0.9962728034516739
student, 755, 1.0, 1.0, 1.0, 1.0, 1.0
student, 48, 0.8570702016497938, 0.9990764048923486, 0.9997856564883159, 0.9997096121157333, 0.9998350384132445
student, 671, 1.0, 1.0, 1.0, 0.9999999999999999, 1.0
student, 21, 1.0, 1.0, 1.0, 1.0, 1.0
student, 536, 0.900906355375232, 0.9991123124116648, 0.9894696974640896, 0.8303100132956116, 0.9988182014293937
student, 161, 0.996395676615512, 0.998258637345453, 0.929593515352613, 0.9976435535709011, 0.9966341905499376
student, 552, 1.0, 1.0, 1.0, 1.0, 1.0
student, 648, 1.0, 0.9902237410587913, 0.9880817617445795, 0.9872690036373853, 1.0
student, 217, 1.0, 1.0, 1.0, 1.0, 1.0
student, 470, 1.0, 1.0, 0.4810253427276887, 1.0, 1.0
student, 285, 1.0, 1.0, 1.0, 1.0, 1.0
student, 137, 0.9960605685285526, 1.0, 0.9925803607697129, 1.0, 1.0
student, 708, 1.0, 0.9552579850270256, 0.9983853935162865, 0.9625385651575764, 0.9992860111156375
student, 400, 1.0, 1.0, 0.9999999999999998, 1.0, 1.0
student, 363, 0.95307534755466, 0.9987619986715595, 0.9992541061295404, 0.9976392529695196, 0.9985937341748023
student, 220, 1.0, 1.0, 1.0, 1.0, 1.0
student, 638, 0.8421922846062576, 1.0, 1.0, 0.9993095747918488, 1.0
student, 142, 1.0, 1.0, 0.7834935910025186, 0.9975608726100512, 1.0
student, 519, 1.0, 1.0, 1.0, 1.0, 1.0
student, 758, 0.9958857105759441, 0.9992119841733096, 0.955971339167303, 0.997850929168703, 0.9995029299002807
student, 416, 1.0, 1.0, 0.9765402406003927, 0.9914088620724091, 1.0
student, 178, 0.9898016448478981, 0.9972187395447383, 0.9990532611585649, 0.9894348800304914, 0.9960081238533858
student, 362, 0.9981379431184189, 0.9974770698339437, 0.8919287591765045, 0.9984290357658441, 0.9991407188314329
student, 378, 1.0, 1.0, 1.0, 1.0, 1.0
student, 321, 1.0, 1.0, 1.0, 1.0, 1.0
student, 225, 1.0, 1.0, 0.5401976265823567, 1.0, 1.0
student, 139, 1.0, 1.0, 1.0, 1.0, 1.0
student, 625, 1.0, 1.0, 1.0, 1.0, 1.0
student, 110, 1.0, 1.0, 1.0, 1.0, 1.0
student, 788, 0.9270330272262275, 0.9936336237887771, 0.949963746811589, 0.9941062491400428, 0.9964069757898075
student, 369, 1.0, 1.0, 0.9199936365280768, 0.9998979852240619, 1.0
student, 557, 1.0, 1.0, 1.0, 1.0, 1.0
student, 113, 1.0, 1.0, 1.0, 1.0, 1.0
student, 124, 1.0, 1.0, 1.0, 1.0, 1.0
student, 483, 1.0, 1.0, 0.7860333455883357, 1.0, 1.0
student, 111, 1.0, 1.0, 0.9953051266554976, 1.0, 0.8935213693648315
student, 509, 0.993903340494776, 0.9920398344910983, 0.9931367578777613, 0.9930074303401754, 0.9939217697874249
student, 368, 1.0, 1.0, 0.6567176840596489, 1.0, 1.0
student, 195, 1.0, 1.0, 0.8838735694008477, 1.0, 1.0
student, 729, 1.0, 1.0, 1.0, 1.0, 1.0
student, 784, 0.9996440781881811, 0.8918685584082707, 0.9992896589573438, 0.9992541930824808, 0.9993006871612657
student, 388, 0.9954308187982149, 0.9979040451570066, 0.9991194909926827, 0.9908475050533749, 0.992540628317045
student, 463, 1.0, 0.6829834482852529, 0.99986488214637, 1.0, 1.0
student, 279, 1.0, 1.0, 1.0, 1.0, 1.0
student, 531, 0.9972978261468672, 0.9974030671144827, 0.9877315795944269, 0.9843520799886792, 0.9958152186122037
student, 377, 1.0, 1.0, 1.0, 1.0, 1.0
student, 604, 1.0, 1.0, 0.5642751319558713, 1.0, 1.0
student, 218, 1.0, 1.0, 1.0, 1.0, 1.0
student, 783, 0.9977096100785928, 0.9978145189415045, 0.8669461760321063, 0.9990565336968811, 0.9991775866535733
student, 513, 0.9964229295701751, 1.0, 1.0, 0.9944574698149692, 0.9683690773399098
student, 122, 1.0, 1.0, 1.0, 1.0, 1.0
student, 240, 0.9987574585194661, 0.9988529953420832, 0.9979358080684237, 0.860696504651005, 0.9999904268952461
student, 365, 1.0, 1.0, 1.0, 1.0, 1.0
student, 577, 0.9984267297802277, 0.9979451367141096, 0.9981610390677829, 0.9085026218434082, 0.9966856829610921
student, 578, 0.9999654901457183, 1.0, 0.996686406321908, 0.8624266635187957, 1.0
student, 685, 0.9997297229478322, 0.9994684151912564, 0.8653825229310835, 1.0, 0.9998415999035004
student, 120, 1.0, 1.0, 1.0, 1.0, 1.0
student, 710, 1.0, 1.0, 1.0, 1.0, 1.0
student, 547, 1.0, 1.0, 1.0, 1.0, 1.0
student, 354, 0.9998994435804859, 0.9999942637714101, 0.9363881542527936, 0.9435011359283172, 0.9998108369555397
student, 619, 0.9990723130862982, 0.9889800544165444, 0.982284849140785, 0.9987417366410999, 0.9995843968048583
student, 280, 1.0, 1.0, 0.9054065201806389, 0.9982041179853318, 1.0
student, 675, 0.9982030804830725, 0.9987470123888424, 0.97662984233447, 0.9987524623273111, 0.9983777529399314
student, 187, 1.0, 1.0, 1.0, 1.0, 1.0
student, 606, 1.0, 1.0, 1.0, 1.0, 1.0
student, 247, 0.8345197446153421, 0.9986541531745409, 0.9989570412665113, 0.9999173802104615, 0.9998902119048638
student, 304, 1.0, 1.0, 1.0, 1.0, 1.0
student, 563, 1.0, 1.0, 1.0, 1.0, 1.0
student, 199, 0.9998135017076285, 0.9326867097995502, 0.9995181407442433, 0.9994290388836639, 0.9995509794280915
student, 701, 0.999177386148684, 0.8932518900637133, 0.9514551365103368, 0.9996201592487924, 0.9989398978026848
student, 194, 0.9930017837120503, 0.991097082846826, 0.9924765126271468, 0.9193305305339756, 0.9927371167559691
student, 607, 1.0, 0.9974725844894605, 0.7455926471158868, 1.0, 0.9999941203058075
student, 157, 0.9989096012240382, 1.0, 0.8723726612675126, 0.996517265024565, 1.0
student, 542, 1.0, 1.0, 1.0, 1.0, 1.0
student, 65, 0.9994429736454645, 0.7843071754431397, 1.0, 0.9998770208995821, 0.9994610448431724
student, 775, 0.9981263199615729, 0.9555150438552258, 0.9831909888046375, 1.0, 0.9994864366994815
student, 580, 1.0, 1.0, 1.0, 1.0, 1.0
student, 101, 1.0, 0.907654714878142, 0.9993922226904426, 1.0, 0.9998415308886431
student, 202, 0.9949135108803984, 0.9937295091130149, 0.8309826909520156, 0.9978961806105602, 0.9956891492177505
student, 614, 0.9996916143695429, 0.9946070847198076, 0.8365763618988449, 0.9997352605819668, 0.9994208533337524
student, 257, 0.9997496340063895, 1.0, 0.9994617414567671, 0.9982477786673053, 0.8907860788595796
student, 119, 0.9977068833955159, 0.9947689724794612, 0.8988567221691469, 0.9974878564455346, 0.9966410751674216
student, 364, 0.9991768970075665, 0.8800512550779718, 1.0, 0.9984781095809848, 0.9993667388294514
student, 196, 0.9991201059185454, 0.9988766621908745, 0.9994654644785651, 0.7182779694873469, 0.9996741304740683
student, 485, 1.0, 1.0, 0.6458722150361857, 1.0, 1.0
student, 680, 1.0, 1.0, 0.5688139283986883, 1.0, 1.0
student, 250, 0.9193424167798222, 0.9978320572729497, 0.9979308256724063, 0.9985811341165433, 0.9991295403945603
student, 50, 1.0, 1.0, 1.0, 1.0, 1.0
student, 798, 0.9947771796548136, 0.999376623266637, 0.9851730383906486, 0.9865931983313799, 0.9953660479289943
student, 645, 1.0, 0.968635145583093, 0.9911440664051144, 0.9965660784684313, 1.0
student, 99, 0.9989108795597936, 0.9981507023279678, 0.8173811936595607, 0.9995785793002673, 0.9988050200978371
student, 456, 0.9948835208658047, 0.9952390558931694, 0.9672903935833683, 0.9927137991219509, 0.9954915440778991
student, 767, 1.0, 1.0, 1.0, 1.0, 1.0
student, 514, 1.0, 1.0, 1.0, 1.0, 1.0
student, 272, 1.0, 1.0, 1.0, 1.0, 1.0
student, 571, 0.9983949581132144, 0.9970443500132847, 0.7747785809644233, 0.999696131875475, 0.9987023628473318
student, 134, 1.0, 1.0, 1.0, 1.0, 1.0
student, 491, 1.0, 1.0, 1.0, 1.0, 1.0
student, 402, 1.0, 1.0, 1.0, 1.0, 1.0
student, 787, 0.9996691720536695, 0.9986189122898995, 0.8607906662567325, 0.9994706866556629, 0.9996229708251307
student, 52, 1.0, 1.0, 1.0, 1.0, 1.0
student, 596, 1.0, 1.0, 0.999999999999999, 1.0, 1.0
student, 360, 0.935654387837616, 0.9998048019232352, 0.999951511260667, 0.9998436258628459, 0.9997967171399318
student, 208, 0.9994664934173347, 0.9988666203885187, 0.9889865310098835, 0.9522456486858777, 0.9993901705075062
student, 605, 0.9989318528067528, 0.9994122412680515, 0.9536371819004988, 0.9959387558474138, 0.9984881148591643
student, 626, 0.9985212483057345, 0.9967329720369085, 0.8905200079868982, 0.88154795594267, 0.9986863363363033
student, 554, 1.0, 1.0, 1.0, 1.0, 1.0
student, 341, 1.0, 1.0, 1.0, 1.0, 1.0
student, 22, 1.0, 1.0, 1.0, 1.0, 1.0
student, 182, 1.0, 1.0, 1.0, 1.0, 1.0
student, 669, 0.9968450283380795, 0.996860455763311, 0.8305865172842969, 1.0, 1.0
student, 545, 1.0, 1.0, 1.0, 1.0, 1.0
student, 612, 0.9969625687790011, 0.9150172892088771, 0.9975047882058239, 0.9967766960202473, 0.9967911571927737
student, 296, 0.9997602394969372, 0.9996805747327885, 0.7072931402268688, 1.0, 0.9996551143330767
student, 128, 1.0, 1.0, 1.0, 0.9999924178600963, 1.0
student, 677, 0.9976735269615413, 0.9963091877635727, 0.9591674753341787, 0.9985478929338978, 0.9976761332271019
student, 89, 1.0, 1.0, 0.9999975556672319, 1.0, 1.0
student, 568, 0.9989313303296283, 1.0, 0.9960106233585273, 0.9989513768701019, 0.9990925036940626
student, 158, 0.9461322970385067, 0.9222929528959164, 0.996832014480177, 0.9975353019784368, 0.9998126867361824
student, 719, 1.0, 1.0, 1.0, 1.0, 1.0
student, 255, 0.9962379002797946, 0.998385587996294, 0.8821609345287026, 0.9989278065695553, 0.9993465485223079
student, 106, 0.9997421971883881, 0.916277443139722, 0.9978574854480443, 1.0, 1.0
student, 366, 1.0, 1.0, 1.0, 1.0, 1.0
student, 125, 1.0, 0.9997514123110502, 0.9378452089961076, 0.9959987412071512, 1.0
student, 26, 1.0, 1.0, 1.0, 1.0, 1.0
student, 193, 0.9996879630920125, 0.8669256059184811, 0.9972924283449291, 0.9999803718570346, 0.9999679801774595
student, 165, 0.9955148873971779, 0.9970504781573081, 0.9805329583463636, 0.9953581016174691, 0.9953498546789419
student, 259, 0.9958827045825046, 0.8950978338524088, 0.9836671805747882, 0.9975868721115926, 0.9950636607954811
student, 819, 1.0, 1.0, 1.0, 1.0, 1.0
student, 239, 1.0, 1.0, 0.3799766325819331, 1.0, 1.0
student, 174, 1.0, 1.0, 1.0, 1.0, 1.0
student, 384, 0.996798439025314, 0.9729334799170086, 0.9900609346491132, 0.9936468240376408, 0.9947853734525606
student, 25, 0.808280658871436, 0.9997503704380605, 0.9984520689076063, 1.0, 1.0
student, 573, 1.0, 1.0, 1.0, 1.0, 1.0
student, 629, 0.9982442944701807, 0.9978811984419639, 0.8492877603832734, 0.9961165254804633, 0.9988816857643006
student, 476, 1.0, 0.9989480341183813, 0.9586358668366067, 1.0, 0.8671914708589159
student, 769, 1.0, 1.0, 1.0, 1.0, 1.0
student, 711, 1.0, 1.0, 1.0, 1.0, 1.0
student, 104, 1.0, 1.0, 1.0, 1.0, 1.0
student, 611, 1.0, 1.0, 0.3700422663059985, 1.0, 1.0
student, 216, 1.0, 0.9987379598122409, 0.9986043860286822, 0.99717182661347, 0.8585535346417914
student, 327, 0.8165505294173501, 0.9993276384983985, 0.9998166364692628, 0.9998000294862691, 1.0
student, 145, 1.0, 1.0, 1.0, 1.0, 1.0
student, 727, 1.0, 1.0, 1.0, 1.0, 1.0
student, 715, 0.9996774161473824, 0.9984546235198081, 0.9895050590843456, 0.9439036321819659, 0.9991661377339749
student, 118, 1.0, 1.0, 0.8760641189415371, 0.9996817709382609, 1.0
student, 170, 1.0, 0.7998102131252443, 1.0, 1.0, 1.0
student, 608, 1.0, 1.0, 1.0, 1.0, 1.0
student, 135, 0.9987438798023156, 1.0, 0.8026521183829188, 1.0, 0.9996698961427173
student, 667, 0.9291980971146582, 0.9989460982063659, 0.9994987716558897, 0.9990674022553752, 0.9992269871003314
student, 141, 0.9989910954883261, 0.9994437988975815, 0.8156102375546799, 0.999606786133986, 0.9989069832687063
student, 790, 0.9990421654632801, 0.9996042551576481, 1.0, 0.8845293905589304, 0.9997441294239394
student, 210, 0.9969497227512761, 0.9991954651837315, 0.9854990199602964, 1.0, 1.0
student, 93, 0.9977119116090224, 0.9847987917756313, 0.9826547096638825, 0.9975603972629614, 0.9978331836492281
student, 267, 1.0, 1.0, 1.0, 1.0, 1.0
