item, 1 x 1, 0.5512054825292168, 0.9129853187871118, 0.8267570424244057, 0.7007680578540303, 0.898291726090835, 0.9921962919490325
item, 1 x 10, 0.593708422844736, 0.9362488290882578, 0.8511139789672298, 0.8158816668707904, 0.84852557705485, 0.9877629003560124
item, 1 x 2, 0.8445617663426611, 0.783485472920835, 0.9436193871910514, 0.7231485128990911, 0.8112127889734604, 0.9357092246779533
item, 1 x 3, 0.6995658178013499, 0.7995198467261666, 0.7677121746649705, 0.8058265614722175, 0.9523693872308037, 0.9004317777259442
item, 1 x 4, 0.6578540017991663, 0.7902363291757247, 0.8562922219695681, 0.713489508166215, 0.8610780848786959, 0.8084173253528407
item, 1 x 5, 0.7430850885929321, 0.7546826090163742, 0.6250221732252238, 0.42923545393934986, 0.7585714212470005, 0.958957680647037
item, 1 x 6, 0.7449422454524998, 0.5382217803336949, 0.6187766574809552, 0.6282685440822761, 0.8424515473954766, 0.758869166554234
item, 1 x 7, 0.5809521369233362, 0.8757754980281355, 0.6070170082435979, 0.8009461532234059, 0.9127620329524941, 0.7629343377718881
item, 1 x 8, 0.8503610062796848, 0.495382266959075, 0.6787393019120049, 0.23540324172563054, 0.6595834271949389, 0.9300187493930033
item, 1 x 9, 0.8437356248220514, 0.6643934333181393, 0.676540520982411, 0.631579769558876, 0.6447915456602307, 0.7775985575946224
item, 10 x 1, 0.5508193673467678, 1.0, 0.8833935611285199, 0.8274207432564368, 0.7494164368718741, 0.6160645623575453
item, 10 x 10, 0.6463414473499223, 0.7155896131290523, 0.8273207525480348, 0.998785440018858, 0.8973694147577534, 0.8150179710232257
item, 10 x 2, 0.8141643486744653, 0.651127403780254, 0.9416282102548789, 0.6673546470486581, 0.843259941091312, 0.8193137972787947
item, 10 x 3, 0.8414451996246235, 0.6863996259907705, 0.7598379243415778, 0.7799336502648584, 0.9977778647241802, 0.9786194538303302
item, 10 x 4, 0.531804262561463, 0.8767382293383418, 0.8958377540027129, 0.8273168191021552, 0.9985390612105695, 0.7461049872927262
item, 10 x 5, 0.7768150878743945, 0.8468229699379726, 0.6215839657678094, 0.9533633721437176, 0.6422533463221032, 0.6980274841506972
item, 10 x 6, 0.9550194298147311, 0.4463932008433614, 0.8600191962468987, 0.5939174789596136, 0.647788447178212, 0.9976652694653928
item, 10 x 7, 0.636233805204187, 0.9426170913592429, 0.7792786732752054, 0.8799034563877726, 0.8887126480170207, 0.6186952716930043
item, 10 x 8, 0.9489356439848039, 0.9950604676903481, 0.6702129859132047, 0.30067598494548997, 0.7469920060632016, 0.9298333231519476
item, 10 x 9, 0.9041965303684735, 0.9825312812331871, 0.8611044095149105, 0.5646379936573167, 0.9263175674265562, 0.7287038961768584
item, 2 x 1, 0.5633018908736382, 0.9209434344235445, 0.9879562148145303, 0.8310227008354688, 0.7105146380095246, 0.9950320156871353
item, 2 x 10, 0.7023224321602873, 0.6122819140491627, 0.977265844277838, 0.9993512582050887, 0.9677173840489994, 0.9847050659687999
item, 2 x 2, 0.8489905196021303, 0.8131716356626988, 0.9011433255252842, 0.8773827733079438, 0.9455855172898777, 0.9614680401865671
item, 2 x 3, 0.8978542893256631, 0.6726452528143493, 0.8559195298631059, 0.9479773767866142, 0.9679400898628069, 0.9574687156815125
item, 2 x 4, 0.6706265451713952, 0.8226865161307134, 0.9283660166223682, 0.9291632743876853, 0.7872365472615458, 0.8290638991136872
item, 2 x 5, 0.8856539635048004, 0.7663593345875086, 0.6343659490077295, 0.8855652653285672, 0.7936117684027759, 0.9805952863996598
item, 2 x 6, 0.8170174599551993, 0.5839673678040813, 0.9504247081506837, 0.813367287612494, 0.8660724819232359, 0.9986623285369345
item, 2 x 7, 0.79783558122852, 0.9517560129403656, 0.8518800597261034, 0.9129019218980551, 0.6559939227750304, 0.9497999460926237
item, 2 x 8, 0.9954598410196047, 0.8647719220884604, 0.8589897937685842, 0.9587528475392154, 0.7299422825705308, 0.9028078306241256
item, 2 x 9, 0.9997787651498397, 0.9891582141321194, 0.9578919506280291, 0.6653669753764128, 0.7345416077558121, 0.9090390993141865
item, 3 x 1, 0.5586134248022919, 0.9999337286190759, 0.9203227619183538, 0.760106783851436, 0.8899506737239753, 0.8074970063920369
item, 3 x 10, 0.5256922688761624, 0.7621116828844161, 0.7451119447628075, 0.998995205660337, 0.9914980033626167, 0.8253727314463957
item, 3 x 2, 0.956251041299436, 0.9059544128108595, 0.988826750699761, 0.7050234183103838, 0.9447874100811067, 0.9619957770880508
item, 3 x 3, 0.9857795295337634, 0.9280313172614439, 0.9801195860517692, 0.8468207086159928, 0.9814155947602972, 0.9984018320248415
item, 3 x 4, 0.999986889079613, 0.8439404892431737, 0.9531156894120383, 0.7864954537417715, 0.9901614944564601, 0.7321963563372809
item, 3 x 5, 0.999370555546534, 0.8884170202651319, 0.6758723220105134, 0.986793170772734, 0.7125639666416685, 0.9848095806069723
item, 3 x 6, 0.9989476062060993, 0.8039834682533993, 0.9961133448277191, 0.9634321497887885, 0.7537936092164729, 0.9991820092689222
item, 3 x 7, 0.9302591518788628, 0.9995431038789936, 0.7974968586355183, 0.9815283532219083, 0.9911685303490019, 0.9342684511314964
item, 3 x 8, 1.0, 0.9961710854107088, 0.9961818126034627, 0.9946458919493434, 1.0, 0.9351198136717465
item, 3 x 9, 0.9999515001986188, 0.9991001160745965, 0.9795435102382918, 0.9349884563622232, 0.9602598282515218, 0.9685348954910722
item, 4 x 1, 0.5375591852535199, 0.977105192171388, 0.9286503095815785, 0.7746710357228214, 0.8204762338675518, 0.8189724703583366
item, 4 x 10, 0.6165310890974968, 0.8661562460792054, 0.7959207357362956, 0.9955993841573124, 0.9314455547387268, 0.8462160043442593
item, 4 x 2, 0.9990004567477135, 0.8145885105091855, 0.9978405105553795, 0.8326094754547434, 0.920366779157181, 0.9206323215708219
item, 4 x 3, 0.9970797404350765, 0.9065794602402242, 0.9970736517403933, 0.7785612529884349, 0.9821476199116874, 0.9996479258071825
item, 4 x 4, 0.9860366595434604, 0.9584216708588801, 0.9516633964669388, 0.872063789735141, 0.9978455564909572, 0.754612205298533
item, 4 x 5, 0.9703951282822278, 0.7970258399981812, 0.6569934355895566, 0.8072071151819503, 0.9391648833967033, 1.0
item, 4 x 6, 0.9976204797155357, 0.8398480685333625, 0.9973434097957814, 0.9815399088894915, 0.9846828596926416, 0.999997248367911
item, 4 x 7, 0.9939137692587954, 0.9908878658470225, 0.9930292376191117, 0.9999075056234522, 0.9943124293995519, 0.9322536626667683
item, 4 x 8, 1.0, 0.9868632411416035, 0.9860244811807912, 0.9839243556921574, 0.994781199834501, 0.8401339373263575
item, 4 x 9, 1.0, 0.9998691101718961, 0.9995580825170757, 0.9931007666674705, 0.911467972935261, 0.9557671289422441
item, 5 x 1, 0.5062325584441858, 0.9752891045999628, 0.9024198465948269, 0.8352722250005046, 0.971181762942519, 0.728636832889074
item, 5 x 10, 0.5654100388890406, 0.6750260001526315, 0.7806424351612132, 0.9976716936733765, 0.9916393780137229, 0.8318629648663781
item, 5 x 2, 0.9176845777691548, 0.8809250330021472, 0.9980409390133728, 0.7207538096456056, 0.9226785646796156, 0.980162174375634
item, 5 x 3, 0.9836579318803718, 0.8071089269355837, 0.9278347600206927, 0.946317155232823, 0.98748234834718, 0.9738777766287797
item, 5 x 4, 0.9364453042168085, 0.9163611837585941, 0.9948228991488828, 0.9015845117588037, 0.8661569212670829, 0.7377086977966739
item, 5 x 5, 0.8946888649856618, 0.9461849337156862, 0.833982885166331, 0.9788711445473165, 0.9824024958618532, 0.973896940072592
item, 5 x 6, 0.9910193872744137, 0.8520049842248908, 0.9891943241290961, 0.8948024231854571, 0.7848575077511196, 1.0
item, 5 x 7, 0.9858635255551002, 1.0, 0.9992784601755813, 1.0, 0.9860468205328939, 0.9419346899453865
item, 5 x 8, 0.9998865380583031, 0.9901495973172684, 0.9706863960998663, 0.8939319116811116, 0.9997610853190988, 0.8748814917699641
item, 5 x 9, 0.9947692971833808, 0.9956606312031255, 0.9998512713885747, 0.9131471902700417, 0.9682656607385597, 0.8298804929900089
item, 6 x 1, 0.5209975670121025, 0.9939090766062558, 0.8675461171455713, 0.7906717860394821, 0.8407029913036779, 0.8650605610252547
item, 6 x 10, 0.558091007283728, 0.7684437097598897, 0.9038108513024484, 0.9995686935275766, 0.6880379827724448, 0.8706481183088445
item, 6 x 2, 0.9928679053204009, 0.7508381715477206, 0.9915840713175123, 0.7097855274636654, 0.8588373454754582, 0.9370537494264841
item, 6 x 3, 0.9999818716332805, 1.0, 0.9721911325075528, 0.9866829346295123, 1.0, 0.9861071342524342
item, 6 x 4, 0.9878038939387603, 0.9294784074863546, 0.9929797852719225, 1.0, 0.9999345458622402, 0.9563535761387084
item, 6 x 5, 0.9933908260353559, 0.9012265510308873, 0.767292172265408, 0.9306841191610061, 0.7264329721700966, 0.9996769208546619
item, 6 x 6, 1.0, 0.7456502430586084, 0.9887036765939072, 0.8028497006608146, 0.7438444794063275, 0.9943630262492856
item, 6 x 7, 0.9926862062331688, 0.9975648526231512, 0.9968140591233557, 0.9986681169965553, 0.9951170792057688, 0.9938049123584111
item, 6 x 8, 1.0, 0.9913416848013271, 1.0, 0.9929446837136138, 0.9938725827796687, 0.8743073318014164
item, 6 x 9, 1.0, 0.9998179966877285, 0.9965426110670251, 0.9869572876432621, 0.877551720122706, 0.9541698657297762
item, 7 x 1, 0.46767399164369605, 0.972386956803554, 0.9747001330031007, 0.8054518732207909, 0.7325720063544258, 0.841003578435
item, 7 x 10, 0.5620242308992964, 0.7971822262972195, 0.8671683155347543, 0.9972172930715716, 0.9096413584875517, 0.8455419682079766
item, 7 x 2, 0.9742958324791008, 0.9041092431035358, 0.9910796931476262, 0.8278608897135701, 0.9143227578236304, 0.9113894865055641
item, 7 x 3, 0.999886545403391, 0.9849978594382018, 0.9868341888797139, 0.9986838288152196, 0.9985700562071785, 0.9889513025303296
item, 7 x 4, 0.9998270693830384, 0.976989592682037, 1.0, 1.0, 1.0, 0.7974039804011395
item, 7 x 5, 1.0, 0.7658323901707935, 0.7108131470293677, 0.9997122889947543, 0.860535038943875, 0.992148806976664
item, 7 x 6, 1.0, 0.9911006223016916, 0.997281979694951, 1.0, 0.9519043892609268, 0.9999644840425324
item, 7 x 7, 1.0, 0.9810415212465087, 0.9997005351551699, 1.0, 0.9998325180450268, 0.9959282692076122
item, 7 x 8, 1.0, 1.0, 0.9996728272569514, 0.999974361442434, 1.0, 0.9089309042697548
item, 7 x 9, 1.0, 0.9992288015834551, 0.9995734271269023, 0.996075436748384, 0.9245680414629519, 0.9005511475848567
item, 8 x 1, 0.5373258729056208, 0.9806391984400242, 0.8789560712335465, 0.7779018612495712, 0.8284222344466656, 0.7375289200822516
item, 8 x 10, 0.5311416196839166, 0.8622212985453628, 0.9792273055373689, 0.997647943870935, 0.9270990555920146, 0.912484173647763
item, 8 x 2, 0.938255012011661, 0.8745271857960498, 0.9896218645496109, 0.808609161521057, 0.9177205888927487, 0.960018212182227
item, 8 x 3, 0.9999881310280638, 0.9736328354146324, 0.9987713349083658, 0.975779947412327, 1.0, 0.9997679417552789
item, 8 x 4, 1.0, 0.9873499668953617, 0.9732956291474076, 0.9958258523040638, 0.9978738990373327, 0.9199383058679523
item, 8 x 5, 0.9854247327451472, 0.949644553169977, 0.6197614531203681, 0.9983951301561231, 0.8627333854446744, 0.9974437221516872
item, 8 x 6, 1.0, 0.998946731432058, 1.0, 0.9798053370239175, 0.9375586627048442, 0.998149703837171
item, 8 x 7, 1.0, 0.9993466966159856, 1.0, 0.9999917231832974, 1.0, 0.9999135766441398
item, 8 x 8, 0.9973973312790708, 1.0, 0.9344289477884307, 0.9544820948953014, 0.9958752462659144, 0.9215738998853726
item, 8 x 9, 0.9986293647634734, 0.9977723083342595, 0.9990761530360459, 0.9687193341840973, 0.7639874245207362, 0.8018075351100665
item, 9 x 1, 0.5467789810600602, 0.9991564794813552, 0.8323842949446408, 0.7724205038481196, 0.6513788684492889, 0.9135016875946751
item, 9 x 10, 0.4884168100168028, 0.7549205042487068, 0.9214575459022718, 0.999960684055523, 0.6930039725065109, 0.8087424864991307
item, 9 x 2, 0.9623920669076969, 0.7638008359906451, 0.9721042557364048, 0.7791836405287794, 0.956819751547461, 0.9908506912653768
item, 9 x 3, 0.9999845435639216, 0.9837348511577317, 0.9995818645182459, 1.0, 0.9993627894458903, 0.9993567843637955
item, 9 x 4, 0.995871904002331, 0.9760518994711642, 0.9785951577253368, 1.0, 0.9816111635827599, 0.9089820773220004
item, 9 x 5, 0.9660284348661782, 0.8599309706687877, 0.8643136135937256, 0.9868793928087826, 0.7853471994965677, 0.90269970008024
item, 9 x 6, 1.0, 0.895916883961836, 0.9891567929744359, 0.98719114888682, 0.8775169021926655, 0.9944125634310479
item, 9 x 7, 0.9953992843305711, 0.9943572701696148, 0.9875125269394847, 0.9939173813919502, 0.9956088612913787, 0.9382854867366677
item, 9 x 8, 0.9936901231973778, 0.9909716613810933, 0.8948843129349523, 0.8855855227688298, 1.0, 0.8432577363316143
item, 9 x 9, 1.0, 0.9957667078531689, 0.998264133297909, 0.9318309349131116, 0.7053840783176417, 0.7875013077413008
student, 634, 0.9944444517195963, 0.9982166515419196, 1.0, 0.9501318759494526, 0.9979721669673227, 0.9993660746856659
student, 106, 0.8831638749423383, 0.9915170297860603, 0.9929625957470285, 0.9946288141009828, 0.9950335280173719, 0.9936989443462412
student, 747, 0.9855161396272822, 0.9864785853548658, 0.9866227706495452, 0.9224725995307331, 0.9879724094896163, 0.9874687611131635
student, 218, 0.9986416328221521, 0.9987097630342444, 0.9974256036245525, 0.9979395145373913, 0.9985755882442677, 0.9983584619289478
student, 501, 0.8421774007392153, 1.0, 0.9951242298026034, 1.0, 1.0, 0.9974542059378413
student, 92, 1.0, 1.0, 1.0, 1.0, 1.0, 1.0
student, 74, 0.9859355360896492, 0.9899015858593126, 0.8809667432176106, 0.9952029960783326, 0.9909268879196752, 0.9898366268174579
student, 509, 0.9984541271984865, 0.9223254924970874, 0.9977318233729986, 0.9976454871030235, 0.9983464165748537, 0.9986610963684016
student, 364, 0.7447072074659384, 0.9953575838746784, 0.9955894983701085, 0.9950745328695643, 0.9949089352299234, 0.9952371461383609
student, 394, 0.9960642173831554, 0.9915116934327882, 0.9975880027475751, 0.997977991655516, 0.9983783352509806, 0.9993903575209685
student, 327, 0.9066718741463223, 0.9950960190165651, 0.995576501207649, 0.995619376992072, 0.9963482271843549, 0.9949617283804814
student, 461, 0.9974438277764001, 0.9969469962772409, 0.9967293366305535, 0.997639430994729, 0.9268643313908083, 0.9974419053532183
student, 571, 0.8122824874698268, 0.9973205016590247, 0.997131152494876, 0.9961164761432789, 0.9986695545347645, 0.9970689875332579
student, 696, 0.9682166701314319, 0.9983494345238059, 0.9992746536999125, 0.9988915485584067, 0.9941159414985775, 0.9986098972973334
student, 331, 0.9937038717336601, 1.0, 0.9996893339450177, 1.0, 0.9995327011698866, 1.0
student, 480, 0.9991731138811721, 0.9428902002663778, 0.99831892087333, 0.9972187127646486, 0.9983816076747609, 0.9986207621642066
student, 570, 1.0, 1.0, 0.9998426556993694, 0.9828204300246001, 1.0, 1.0
student, 176, 0.9102534573183221, 0.9926370890696182, 0.9942986194309442, 0.9938527828840291, 0.9942864705323258, 0.9946549402361545
student, 563, 0.9576990990965459, 1.0, 0.9974907576950964, 0.9916090511000291, 0.9966000302109743, 0.9975192942114602
student, 548, 0.9979561981328848, 0.9939706186993674, 0.9978119000713779, 0.9982804979975393, 0.9977056724191281, 0.9982481803796286
student, 459, 0.9387864799671211, 0.9885293086381477, 0.9970279022975416, 0.9953023569045913, 0.9963333012395015, 0.9951062887178115
student, 611, 0.6051967142642027, 0.9974801145116866, 0.9964894747199005, 0.9901284258043064, 0.9947221293963571, 0.9911280050125814
student, 129, 0.9533707858833873, 0.9987534486263524, 0.9950416166719679, 0.9950899288241777, 0.9971310868423425, 0.9945532328328008
student, 659, 0.9627802212499864, 0.9950376332462135, 0.9969159747063612, 0.9952761613631442, 0.996276899675359, 0.9950205074909818
student, 569, 0.9982722454234464, 0.9980300032716944, 0.9976995680980515, 0.9979371468835467, 0.8533291400437168, 0.9989044939077808
student, 210, 0.9090862447630998, 0.9940875886331776, 0.9975968570215714, 0.994691641582815, 0.9965992109047844, 0.9989358300979242
student, 37, 1.0, 1.0, 1.0, 1.0, 1.0, 1.0
student, 491, 0.999990289205427, 0.9961653130430157, 0.9998003697947274, 0.9998099070254366, 1.0, 1.0
student, 448, 0.9002885462117615, 0.9947511886262853, 0.9942339222478939, 0.9956231804383022, 0.9949272044948905, 0.9973111200876321
student, 50, 0.9091978488539244, 0.9983543591067168, 0.9978119260342475, 0.998166069640073, 0.998443092965956, 0.9976733348934556
student, 407, 0.9786201457208286, 0.9890181272499361, 0.9858904975777515, 0.9905200409229499, 0.9896423216570234, 0.9901543585794288
student, 109, 0.9991610195673446, 0.9991724741933188, 0.9988244739770357, 0.9985984376050162, 0.9572226334772196, 1.0
student, 117, 0.8705538633256712, 0.9954617035106252, 0.9953161265317423, 0.9958619381633391, 0.9957225123390417, 0.995084394858831
student, 31, 0.9610106229098717, 1.0, 1.0, 0.9988745613012054, 1.0, 1.0
student, 196, 0.8469415396820631, 0.9849258814959999, 0.992005776671225, 0.9871883810418435, 0.9895735762760586, 0.9866732363674715
student, 256, 0.9907281748710794, 0.9944726534812081, 0.9967417979667591, 0.9491509402226436, 0.9955123239102622, 0.9967411921137005
student, 223, 0.995069787625209, 0.9933696558954143, 0.9531133191160229, 0.986429795694991, 0.9927893015458696, 0.9932650925260834
student, 700, 0.8056583413233928, 0.9977825176015664, 0.9986977954394304, 0.9978705885071536, 0.998576768464047, 0.9976903244329868
student, 499, 0.9927818190614321, 0.9664099708394914, 0.9923262558949286, 0.997916922728344, 0.9978009051098452, 0.9966837147947033
student, 589, 0.9971776769937709, 0.9961308848073339, 0.9970662073527171, 0.9973152830626959, 0.9898704829429295, 0.9990328945485735
student, 369, 0.9969157990568628, 0.9695789478238392, 0.9998270775917505, 1.0, 1.0, 1.0
student, 304, 0.9817284695919859, 0.9892588728933915, 0.9886851157736766, 0.9698103648260393, 0.9900848131956855, 0.988998256712153
student, 107, 0.8323807861579331, 0.9998245018159873, 0.9999376193457347, 0.9998757882281883, 0.9999896369565664, 0.9997910956700331
student, 464, 0.990090621371955, 0.9970649244455924, 0.9952033130578728, 0.9950431894421936, 0.9959451038867605, 0.9727898498286054
student, 280, 0.9942169306125596, 0.8815653755600771, 0.9947132834752479, 0.9944038241831934, 0.9939885304771596, 0.9946867366729499
student, 292, 0.9120633857156646, 0.9988295211182757, 0.9966239326528951, 0.9973720508822151, 0.9969695345778979, 0.9969511846099911
student, 523, 0.9009622070421756, 0.9965220627088334, 0.9933340832042665, 0.994462140001677, 0.9975854066447785, 0.9944696566859904
student, 21, 1.0, 1.0, 1.0, 1.0, 1.0, 1.0
student, 142, 0.8570244228213847, 0.9958099840994956, 0.9951971576827392, 0.9947509218925107, 0.995157997151102, 0.9912235349235992
student, 708, 0.9270199473808383, 0.9971348604005142, 0.9973456844826749, 0.9789899513178573, 0.9976711349570855, 0.9979455341856506
student, 560, 0.9952145492870633, 0.999922337681175, 1.0, 1.0, 1.0, 0.9980227192831015
student, 245, 0.979690466481676, 0.9912858323688867, 0.9896347204313619, 0.9907029036863687, 0.9928946171455527, 0.9887055115896669
student, 610, 0.8962093558038896, 0.9941786381462061, 0.9906637589770041, 0.9940070898887675, 0.9921438750936564, 0.9934949227199442
student, 666, 0.7997837305928114, 0.9989777244367255, 0.9981910439253655, 0.9995213862821513, 0.9988570654731562, 0.998900410153049
student, 296, 0.7885930516140138, 0.9912331996445033, 0.9916652507481176, 0.9888620603084943, 0.991015918960231, 0.9913623305060169
student, 625, 0.9956237280964426, 0.9956248058137886, 0.9913064155395463, 0.9956009373632289, 0.9954579287061261, 0.995613060937462
student, 377, 0.6554350596373768, 1.0, 1.0, 1.0, 1.0, 1.0
student, 212, 0.995178501874728, 0.9932735247711737, 0.8088230608167132, 0.9942290557408842, 0.9947051114900107, 0.9968192078450675
student, 663, 0.9546719291832414, 0.9959173463122931, 0.9970512939101391, 0.9957907242521684, 0.9966706996433917, 0.9966772774741133
student, 601, 0.9788026013923241, 0.9990047567375441, 0.9934032245017089, 0.9980102319050905, 0.993834780143238, 0.9962730089419929
student, 434, 0.9896637435225213, 0.9930046469386982, 0.9937205019950517, 0.9916579694752293, 0.9914046439127916, 0.9785367465059743
student, 133, 0.9228325107075362, 0.9974030944312741, 0.9969359738559433, 0.9961559612747889, 0.9970203450334422, 0.996691142966238
student, 325, 0.970100697014563, 0.9979357514269663, 0.997989394932303, 0.9979318424704251, 0.9978242912236884, 0.9986752264729059
student, 211, 0.995020237353495, 0.83777287007267, 0.9981030518426335, 0.9982379944312666, 0.9983928852863624, 0.9997948978959105
student, 25, 0.4169266685010432, 1.0, 1.0, 1.0, 1.0, 1.0
student, 819, 0.9985101652082684, 0.9986604754142059, 0.9786857924589117, 0.9983648306114818, 0.9991402250873874, 0.9993183482245143
student, 412, 1.0, 1.0, 1.0, 1.0, 1.0, 1.0
student, 539, 0.9357777524423457, 0.996320343777481, 0.9983649499973072, 0.99340558492687, 0.9976788298416865, 0.9899392496942967
student, 187, 0.7710323245047921, 0.9982418909727344, 0.9937438109197728, 0.9990146074543343, 0.9967015970852773, 0.9967106636576115
student, 73, 0.9964768094547648, 0.9899195904857192, 0.9937544687336474, 0.9963105562748203, 0.9961350662869503, 0.9934669871372558
student, 323, 0.9981654607234619, 0.9981428954264618, 0.9980852446257048, 0.9624297690116533, 0.9967508158992188, 0.9967988153472109
student, 356, 0.9192321763478561, 0.9977568916582774, 0.9950399172922307, 0.9814120849454773, 0.9939833509767948, 0.9958624907853905
student, 365, 0.9928269108102364, 0.9630899381144692, 0.9926646422128702, 0.9803131551218041, 0.9928780531648261, 0.9920712415807119
student, 788, 0.9320500740906287, 1.0, 1.0, 1.0, 1.0, 1.0
student, 113, 0.9850605872445998, 0.9976689180153104, 0.9976657206967526, 0.9985472874911087, 0.9975350969244774, 0.999333244992293
student, 524, 0.9760040647831182, 1.0, 0.9992095592788282, 0.9850283184872589, 1.0, 1.0
student, 257, 0.9865239817783152, 0.9964175993320118, 0.9238692703311137, 0.9977564743591836, 0.993533236536118, 0.9959188708112787
student, 641, 0.9693796499135251, 0.9973630889095478, 0.9971570002044465, 0.9368347760362248, 0.9972810947885216, 0.9974227228240018
student, 618, 0.9563593228685269, 0.9960907237900914, 0.9971227759887542, 0.9957554416058061, 0.9956773008961999, 0.9962518118382064
student, 273, 0.953768639635913, 0.9977216284037194, 0.9973630693361727, 0.9985369421840458, 0.9974193498280735, 0.9980467846136108
student, 706, 0.809462441405114, 0.9986958105240226, 0.9986732379693242, 0.9986802088331906, 0.9991017863372824, 0.9989033859872032
student, 202, 0.9319833953165241, 0.9974847649964834, 0.995073388036482, 0.9974701696926681, 0.9964470979274708, 0.99486996427305
student, 217, 0.9939752763671592, 0.9931816751357447, 0.997957445895378, 0.9998611252218876, 0.9804134888169924, 1.0
student, 675, 0.9588571440901655, 0.9911258245131458, 0.9905027557496516, 0.9907185279933725, 0.9902069918901416, 0.9923073410814273
student, 671, 0.9979532341558945, 0.9846721617309432, 0.9932190806724405, 0.9746510122951859, 0.9937718459787604, 0.9961459699874112
student, 528, 0.9381802665994816, 0.9911525852251092, 0.9916860130725709, 0.9912756743924513, 0.9930526322843364, 0.9903306230140065
student, 271, 0.8162959386041744, 0.9928803899187755, 0.990294304969963, 0.9935563322728371, 0.990210624993114, 0.9893583278214716
student, 557, 0.9161004188539477, 0.9950456826661846, 0.9945415477855161, 0.9935897908180444, 0.9944028263942696, 0.9946242142665007
student, 745, 1.0, 1.0, 1.0, 1.0, 0.7278207076050328, 1.0
student, 167, 0.9068138985530119, 0.9940552987701475, 0.9936916833671916, 0.9937102325563077, 0.9913894961371005, 0.9936586521424962
student, 169, 0.8092641536297567, 0.9897096049001132, 0.9889112231942556, 0.9865079856840644, 0.9881799955945246, 0.989939087473335
student, 444, 0.8742963845552647, 0.9993727391748312, 0.9992696147709339, 0.9994554043152695, 0.9981490022011744, 0.9993902295417874
student, 777, 0.9985469220334611, 0.9993944559345498, 1.0, 0.9802212115635112, 1.0, 1.0
student, 52, 0.6818139976353746, 0.9982689971832295, 0.99769944079993, 0.9978647730627637, 0.9977748342015563, 0.9980772128969332
student, 677, 0.8451561436724909, 1.0, 1.0, 1.0, 1.0, 1.0
student, 22, 1.0, 1.0, 1.0, 1.0, 1.0, 1.0
student, 738, 0.9618059766208155, 0.9875571282115968, 0.9857699469980777, 0.9864641012672238, 0.9861412415109674, 0.986503961238934
student, 577, 1.0, 1.0, 0.9986585528105123, 0.9663101363303476, 1.0, 1.0
student, 585, 0.9960961010586122, 0.9958775589494742, 0.9591729558488621, 0.9957088312678705, 0.9963734457758616, 0.9958842447160938
student, 55, 0.9471137084438344, 0.9955437438591892, 0.9989856619095737, 0.9963019464052996, 0.9972869716997075, 0.9957309696313966
student, 329, 0.9475422944494272, 0.9898313021560258, 0.9895568245214724, 0.991309173087536, 0.9889973163335729, 0.9883067523827453
student, 742, 0.9068133381625112, 0.9931212433942161, 0.9959592302843842, 0.985755823386836, 0.9948899776668496, 0.9918810262561228
student, 219, 0.9944714905127607, 0.9932305886892366, 0.9969184804283122, 0.995521061128522, 0.9624936627109618, 0.996227246728011
student, 692, 0.9999688387098065, 0.8771790415453865, 0.9999070744177267, 0.9997908829888826, 0.9977866523332879, 0.9982553580928045
student, 119, 0.9707881910821152, 0.9943854492407292, 0.9928937255460059, 0.99213321622248, 0.9928436669297027, 0.9933905070025546
student, 87, 0.9981298404711989, 0.9992288258377553, 0.9986933941201455, 1.0, 0.9650567294069663, 0.9999165331569891
student, 319, 0.9867408959383149, 0.9988708916016243, 0.9999366277150155, 0.9965106121699341, 0.9996406650567634, 1.0
student, 156, 0.8712481269489117, 0.9925620221280695, 0.9918551931212467, 0.993392811520811, 0.9929139324408377, 0.99579013043404
student, 201, 0.9175291438880765, 1.0, 1.0, 1.0, 1.0, 1.0
student, 180, 0.9970069892220369, 0.9989846804760426, 0.7226895197295783, 0.9992406850782146, 0.9983553341803219, 0.9995308208311928
student, 556, 0.9248738979346636, 1.0, 1.0, 1.0, 1.0, 0.9999268993357198
student, 242, 0.9894558904810324, 0.9980011815932397, 0.9969930960328355, 0.9982745069924663, 0.9993448544507859, 0.9979055540989018
student, 368, 0.7506891264696696, 1.0, 1.0, 1.0, 1.0, 1.0
student, 567, 0.9469782854336832, 1.0, 0.9970730321033276, 0.9994875313705557, 0.9966196248713354, 0.9973543114304804
student, 373, 0.9997080118916779, 0.9985806008733663, 0.9983583981246664, 0.9971470231209606, 0.9563857492911687, 0.9999137806086453
student, 798, 0.9948366666204367, 0.9949095498820983, 0.9948783495967496, 0.9939641182204236, 0.9912860291982067, 0.9949059755660737
student, 719, 0.9658308420277033, 0.9973974610388743, 0.9971566790944639, 0.9968424233810088, 0.9974465251949688, 0.9981211437327222
student, 234, 0.9502856459046144, 0.9995854505688394, 0.9996554153338778, 0.9993806954654205, 0.9995116546650002, 0.9994014355780143
student, 380, 0.696077084762154, 0.9926262990599005, 0.9937770039739702, 0.9932477516308694, 0.9937100644632215, 0.9939923488552057
student, 533, 0.9863968801889846, 0.8082398543167473, 0.9915782677403018, 0.9876117789152791, 0.9895378296302607, 0.9887342162770174
student, 293, 0.9843065686239201, 0.9944701938251775, 0.9932069102751082, 0.9944386563442698, 0.9935158172653067, 0.9938476810807289
student, 765, 0.96750894246914, 0.996866667488435, 0.9965965795440668, 0.9973955240151202, 0.9961082451309297, 0.995070492392293
student, 562, 0.9071541155552209, 0.994093977551478, 0.9935086534982019, 0.9922884560043417, 0.9936240687700747, 0.9934094958632393
student, 139, 0.8728271367396212, 0.9884993980506452, 0.9875172651925442, 0.9898099817659218, 0.9877383543382874, 0.9891377559567597
student, 204, 0.7850932369373985, 0.9951000966223692, 0.9956451290935319, 0.9947927150295599, 0.9947545011361066, 0.9952243673532758
student, 98, 0.7232769368517108, 0.9979609801701136, 0.9991985792888499, 0.9980633212689108, 0.9995476605466532, 0.9987703912963586
student, 578, 1.0, 0.7757448888814242, 0.9985769845495382, 1.0, 0.9989898705636623, 1.0
student, 758, 0.9279519401132948, 0.9973921032327041, 0.9968406130146955, 0.9952470861284078, 0.9982006278755403, 0.997072011924017
student, 39, 0.9962504934631979, 0.9961943620615702, 0.996234653980629, 0.9962275843465623, 0.9965493490262448, 0.9847726846111545
student, 150, 0.7367534916356304, 0.9956322073327726, 0.9912108830629258, 0.9961963491408617, 0.9941932017663588, 0.9929876400681762
student, 170, 0.8946520962504646, 0.9962059465082809, 0.9960122496531952, 0.9955946155350647, 0.9951082026992581, 0.995094375371794
student, 28, 0.7595684282707047, 1.0, 1.0, 1.0, 1.0, 1.0
student, 276, 0.994624666166843, 0.9503317435531886, 0.993439383778345, 0.955849925976129, 0.9914688545756466, 0.9934145565067506
student, 414, 0.9806294908467327, 0.9889383864420124, 0.992977824983351, 0.9870602194511185, 0.9797033502025447, 0.9913775632103351
student, 503, 0.916837060335374, 0.9814846328449602, 0.9686393756285618, 0.9850325153487166, 0.9850500604979215, 0.9892527794687638
student, 410, 0.9294531773679802, 0.9882073866901957, 0.9910492862729665, 0.9618359802214724, 0.9912342928729967, 0.9908048337901125
student, 743, 0.9222582979588546, 0.9960055799197085, 0.99313905239043, 0.9902487239014778, 0.9897301247261263, 0.9908345912786046
student, 115, 1.0, 0.9981770234507531, 1.0, 1.0, 1.0, 1.0
student, 216, 0.9973306800926662, 0.9971716450947236, 0.997176314617573, 0.9742585664470914, 0.9968549053855409, 0.9975232007242606
student, 583, 0.9885470072377275, 0.9906989077798706, 0.9888548577806772, 0.94691363787439, 0.9893439667011518, 0.9888787180788382
student, 75, 0.9978523563831805, 0.9879840566116228, 0.9993591687180887, 0.9992958868362715, 0.9992476845098701, 0.9992462530862567
student, 545, 0.887999257746058, 0.997073813761927, 0.9959400210625495, 0.9958538327283122, 0.9958061458821418, 0.9957514257795559
student, 483, 0.9175615293778181, 0.9772266363228198, 0.9928874119147615, 0.9950035332770735, 0.9943663105223529, 0.9937657544548922
student, 710, 0.9882693100281366, 0.9976792327647451, 0.9977387153320796, 0.9880625061087792, 0.9963012628949087, 0.9979429152037161
student, 457, 0.979750973497212, 0.9948825587614862, 0.9919305639564392, 0.9933223357134776, 0.9944926055138414, 0.9923760060379517
student, 184, 0.7563611729637872, 0.9993641678248677, 0.9983414146895944, 1.0, 1.0, 0.9993503967745017
student, 236, 0.9816043470597496, 0.9956238570519917, 0.958827225933675, 0.9941843771847636, 0.9941423713893361, 0.992947014677222
student, 268, 0.8677449521425532, 0.9958272566674343, 0.9928945505138481, 0.9929554899286884, 0.9959987402327541, 0.9972606563264114
student, 111, 0.8945820390212305, 0.9997345905554337, 0.9996363943560973, 0.9982716406639677, 0.999699069426459, 0.9994248195934906
student, 179, 0.9219622973845883, 0.96708486610101, 0.985951474847208, 0.987545556588147, 0.9887444328711988, 0.9927323784112099
student, 131, 0.8486162345508453, 0.9934249017146263, 0.9913035493759005, 0.9940207425532909, 0.9941121914834679, 0.9938826324005903
student, 152, 0.9571053178554901, 1.0, 1.0, 0.9976778334156919, 1.0, 0.9957712014172984
student, 158, 0.8379998805520507, 1.0, 1.0, 1.0, 1.0, 1.0
student, 724, 0.9890949470829957, 0.9927398289587541, 0.9910177981614569, 0.9929362430385156, 0.975032569865186, 0.989268310578751
student, 525, 0.9949533605608172, 0.979444779316171, 0.9956610062710491, 0.9961395342707147, 0.995858723884232, 0.9971195926534742
student, 783, 0.9522072247874692, 0.9942643993066789, 0.9951933276149122, 0.9934896944361791, 0.9946571072659872, 0.9943901064945252
student, 481, 0.9960722808608543, 0.9962070556375061, 0.9937699682196628, 0.7302524431861398, 0.9918853643434328, 0.9922679918424459
student, 66, 0.9909229133095765, 0.999717899383284, 0.999302683560439, 1.0, 0.9997912086408327, 0.6352626775105609
student, 550, 0.9924348581967721, 1.0, 1.0, 1.0, 1.0, 0.9997590735979005
student, 579, 0.9913866101151116, 0.9982534645235552, 0.994207144270552, 0.9953357075841994, 0.9944184027563281, 0.9459558958545552
student, 137, 0.93612746776716, 0.9859123567840159, 0.9867255431139383, 0.9877068932579414, 0.9853636733122546, 0.9855125910623531
student, 140, 0.6251628436306578, 0.9956183618791704, 0.9956232696817381, 0.9955724925134363, 0.9952940894730884, 0.9949225935276436
student, 321, 1.0, 1.0, 1.0, 0.9951906865608172, 1.0, 1.0
student, 48, 0.4720896842016235, 0.9982869708609741, 0.996806554067017, 0.9985964322602428, 0.9981361730292807, 0.9984986034691191
student, 643, 0.9092742805412712, 0.9899579495010213, 0.9887355135121789, 0.9859607848613022, 0.9850939933694083, 0.9896610692047074
student, 739, 0.995303166261813, 0.9962206669824553, 0.9974230631804389, 0.9493106096202919, 0.9988074466275383, 1.0
student, 693, 0.9993093542632575, 0.8076369862145193, 0.9985351609075662, 0.9989938317569754, 0.9987714125942279, 0.9987086068698535
student, 785, 0.997637882223307, 0.9746893034806222, 0.9936187912953439, 0.9978873162431786, 0.9989011774027494, 1.0
student, 43, 0.9954015484073908, 0.9953226308321861, 0.9964190967391302, 0.9700258127329242, 0.9840001327177098, 0.9965419178772724
student, 729, 0.9668078672674946, 0.9997478860330437, 0.9996623406514028, 0.9970457017475557, 0.9989916841359374, 0.9997087478259916
student, 628, 0.9963719195136989, 0.9962409380807737, 0.9968329514868828, 0.9983604818441371, 0.9960511124025752, 0.9937380970919814
student, 420, 0.9788251790495173, 0.9979806130207719, 0.9962589353830033, 0.9986604012328113, 0.9976609471928622, 0.9974796278926831
student, 674, 0.9986040870813311, 0.9743656464084268, 0.9976246968009483, 0.9955988895243986, 1.0, 1.0
student, 575, 0.9933998823197853, 0.9968430362717794, 0.9950183053122647, 0.9943244777856997, 0.9506942095021735, 0.9945934228471369
student, 446, 0.7733947058749238, 0.9982601548108136, 0.9978755701823534, 0.9983095163717866, 0.9977257971685879, 0.9978053054137928
student, 355, 0.9891834967607013, 0.9914823781168972, 0.9917160020978166, 0.9957372943537411, 0.9913447915058456, 0.9942273155144544
student, 685, 0.9615575313278436, 0.9949297890951873, 0.9975750761754186, 0.9760835479786975, 0.9978326985682288, 0.9941076841515296
student, 135, 0.9323200140016384, 0.9847309904329775, 0.9841599720373374, 0.9567701139290283, 0.9826702779259985, 0.9834370086265569
student, 478, 0.995455004085852, 0.99926297672169, 0.9589775889876545, 0.9990553718537505, 0.9993294779752078, 0.999298988778718
student, 105, 0.6533551363119552, 0.9974667176467096, 0.9977771134867841, 0.9977455609555056, 0.9977904444691895, 0.9978471004287973
student, 79, 0.9194914526070377, 0.997405697160655, 0.998016454757125, 0.9969536854282248, 0.997442053402883, 0.9977718865278117
student, 95, 1.0, 1.0, 1.0, 1.0, 1.0, 1.0
student, 576, 0.9987164027895938, 0.9982140670626368, 0.9978690251504732, 0.9787898877345733, 0.9984740712225563, 0.9979754770138362
student, 495, 0.9932239075152783, 0.9992703467793436, 0.9992681370847734, 0.9992575525802616, 0.9992668021246722, 0.9992641756659243
student, 359, 0.9295187724654358, 0.9928946959974959, 0.9925789960538626, 0.995376719081051, 0.9995954029025855, 0.9997663455874761
student, 259, 0.9483435205039802, 0.9869840528920466, 0.9875336372669742, 0.9865100587366343, 0.9869853307650432, 0.988455076601529
student, 335, 0.9944034542120067, 0.9983486599972327, 0.995478422166673, 0.9974543025030485, 0.9971850414264116, 0.8852047256590695
student, 712, 1.0, 1.0, 1.0, 1.0, 1.0, 1.0
student, 206, 0.9908196187712527, 0.8599736833580477, 0.9891173380131858, 0.9901264243460534, 0.9944015389977955, 0.9937989931001225
student, 357, 0.872133578213856, 0.9899445086335341, 0.9915323549903545, 0.9913708997326346, 0.9949178940392418, 0.9952994336066873
student, 183, 0.7900819487630177, 0.9960966256981393, 0.9966588099594323, 0.9954272521836849, 0.9964706917928016, 0.9958134736813674
student, 371, 0.8653071683205231, 0.9984307723811069, 0.9948390923577373, 0.9979724170034501, 0.998363699685408, 0.998113253843431
student, 537, 0.9463466107963057, 0.9993895069072589, 0.995741390359784, 0.9975897786688377, 0.9970544736474605, 0.9981279570723371
student, 345, 0.9953133617967893, 0.9952279512570676, 0.9950962870461374, 0.7517034556398573, 0.995467069050779, 0.9954771472772334
student, 99, 0.8778226043130392, 0.9999976447012551, 1.0, 0.9998709270016091, 1.0, 1.0
student, 185, 0.9965662014957959, 0.9974672026544119, 0.99618020502328, 0.9968766276295605, 0.9988705070851905, 0.9571180378016062
student, 473, 0.6798058909942449, 0.9955575174055651, 0.9961654279729651, 0.996182239098025, 0.993977168285136, 0.9962044924741046
student, 471, 0.9996051405239443, 1.0, 1.0, 1.0, 1.0, 1.0
student, 392, 0.9898653809553362, 0.9895655453103281, 0.9898531306457831, 0.9903977681569286, 0.9903622576798307, 0.9845737530763926
student, 453, 0.9824910584700204, 0.9945119855223716, 0.9969457619121951, 0.993887303379728, 0.9977060613493702, 0.9981804385311769
student, 605, 0.9909278378002148, 0.9954814409912752, 0.9954601711700451, 0.963296582897682, 0.9912206513050383, 0.9956629819151411
student, 363, 0.9175375834504182, 0.993601662820242, 0.9931280152503316, 0.994012762392944, 0.9929416935469798, 0.992634934525144
student, 132, 0.9996731762696472, 0.9939537300992508, 0.9904396830618661, 0.925417919377147, 0.9941078341785181, 0.9924606023055333
student, 362, 0.9442606205366633, 0.9959965303724793, 0.9842454251617025, 0.9968725464082754, 0.9967503872548019, 0.996673236631851
student, 587, 0.9983788963989062, 0.9990852369835986, 0.9993744130561453, 1.0, 0.9974588476283163, 0.8439367947963776
student, 114, 0.9909376718225149, 0.9922603776744401, 0.9945386303845813, 0.9931972983029127, 0.9938632343476418, 0.9924698391903158
student, 515, 0.8146930092310402, 1.0, 0.9990095987576059, 1.0, 1.0, 0.9986365173955843
student, 361, 0.9832501741823801, 0.9961877533945496, 0.9960500086416735, 0.9958358969310308, 0.9964937682013417, 0.9964228503164697
student, 238, 0.9970044371270099, 0.9921633053892701, 0.9977162150641486, 0.684164283614078, 0.9950520757408713, 0.9992630003065164
student, 430, 0.9190215039743082, 0.9997347143884789, 0.9983785391652086, 1.0, 0.99969086555716, 0.9988250277107323
student, 251, 0.9625177703815744, 0.992206722040807, 0.9935433862032989, 0.9869325931287839, 0.9928677228283036, 0.9944525826553052
student, 613, 0.9353014389863948, 0.9971862296722849, 0.9947485715728626, 0.9977593270085483, 0.997293801228181, 0.9969159633323932
student, 275, 0.9507088013719295, 0.9960166828959666, 0.9912368635166515, 1.0, 0.9933951182666751, 0.9935339309377732
student, 477, 0.9969347413555713, 0.9981636668590697, 0.9973635858015084, 0.9967707565853344, 0.9972129800869205, 0.8189629886671077
student, 316, 1.0, 0.860020792754592, 1.0, 0.9987115675832738, 0.9986141436234444, 1.0
student, 698, 0.8822958791159565, 0.9933020550691191, 0.9872602173898518, 0.9944718739032196, 0.9943954469120264, 0.9943869754531499
student, 554, 0.9803324846199132, 0.9983871915065246, 0.9991420879015538, 0.9992169651287478, 0.9987754344183453, 0.9993024720410016
student, 565, 0.8363023346785293, 1.0, 1.0, 1.0, 1.0, 1.0
student, 535, 0.8722860704859529, 1.0, 1.0, 1.0, 1.0, 1.0
student, 784, 0.9976817425461798, 1.0, 0.9995495722364731, 0.9945121169758478, 0.9981071278392178, 0.9988276884456144
student, 166, 0.7896434778919844, 0.9979025576842062, 0.9975177548822834, 0.9986391997195144, 0.9982343897917803, 0.9965694229084581
student, 100, 0.8879301722891805, 0.9950499269081539, 0.9942463691253007, 0.9920549603715441, 0.9934301392384096, 0.9950555805801226
student, 715, 0.9790516368766158, 1.0, 1.0, 0.998817889171686, 1.0, 0.9992903334382208
student, 697, 0.9864402149811216, 0.9982221702411637, 0.9976988992382195, 0.998446050969554, 0.9980756299463326, 0.9978868496646158
student, 534, 0.8419248807605376, 0.9938398995524925, 0.9992720517902167, 0.9997120196195947, 0.9987420848892081, 0.9989435099499744
student, 661, 0.9713738745810115, 0.9810163147074819, 0.9835670975578412, 0.9816087741724319, 0.9796596514115635, 0.9676114356150461
student, 283, 0.7265995889311747, 1.0, 1.0, 1.0, 1.0, 1.0
student, 544, 0.9934566751884575, 0.9932598280333842, 0.9937557825966598, 0.993196676095083, 0.9920706690687177, 0.993110448719429
student, 690, 0.9774988841365878, 0.9905991457944489, 0.9904382268909623, 0.9903406144421297, 0.9897346578786802, 0.9897488497801793
student, 638, 0.8844797055550742, 0.9960514466606366, 0.9938277653238924, 0.9957015286064865, 0.994486479164975, 0.9958319737428598
student, 77, 0.9821969945179795, 0.989352819035141, 0.9904732083936757, 0.9437547721589121, 0.9903376559064052, 0.9897429966225779
student, 163, 0.9493757507690851, 0.9931162585761826, 0.9933723497460093, 0.9957435281912619, 0.995085049678524, 0.995962325291794
student, 264, 0.9853987742574666, 0.9918527427012572, 0.9930518968085773, 0.9917757012896937, 0.9923042738804939, 0.9933195909552115
student, 604, 0.9931689875591129, 0.994794609342025, 0.9964202230737667, 0.8732751724356154, 0.9944321854722271, 0.9945111090831108
student, 581, 0.9213265490289121, 0.9916206074273826, 0.9916115399452438, 0.9620687098111833, 0.9911592781169025, 0.9912120157451911
student, 314, 0.991805530826657, 0.8459903940251177, 0.9981140328553137, 0.9949761669679392, 0.9950584157986602, 0.9981447810087929
student, 154, 0.9779438855584971, 0.9939418724765596, 0.9929977700532432, 0.9932331576756485, 0.9925826373482787, 0.9943809944795616
student, 181, 0.900141021937921, 0.9981895959315052, 0.9959126170555613, 0.9982027101625474, 0.9963127227670087, 0.9971133117997415
student, 103, 0.9749172740912584, 0.9983791695897619, 0.9975540470846027, 0.997728371277479, 0.998615101965879, 0.9976035527642823
student, 162, 0.8396684382936559, 0.9985399769214195, 0.9980471794473729, 0.9994096620047453, 0.9985192992024133, 0.9980225359517055
student, 366, 0.866306322811891, 0.994675305914195, 0.9940440905262032, 0.9949179273915976, 0.993561682681997, 0.9966168681990781
student, 404, 0.9976177708827568, 0.751922308969354, 0.9977328918474807, 0.9972772265155206, 0.9977560779988772, 0.9985068180819026
student, 418, 0.997620770406215, 0.9958964031260059, 0.9996966857745249, 0.9994941487960775, 0.9973507888762347, 0.8887246676432781
student, 520, 1.0, 1.0, 1.0, 1.0, 1.0, 1.0
student, 112, 0.9168253108334641, 0.9928596742364564, 0.9913463557533084, 0.9910657391308063, 0.9909166660507414, 0.9922870582760864
student, 467, 0.5460466646765519, 0.9999946278330364, 0.9996969329781535, 0.9997247481631287, 0.9997115071788086, 0.9987567990857392
student, 647, 0.9887151325337937, 0.9899988053716141, 0.9893603001497041, 0.9909133114325872, 0.8925661339728038, 0.9916064892041362
student, 386, 0.9974286419434567, 1.0, 1.0, 0.9985737628764866, 0.9980009283889326, 1.0
student, 310, 1.0, 1.0, 1.0, 1.0, 1.0, 1.0
student, 424, 0.948477393534408, 0.9956900330270813, 0.995030330082673, 0.9953558658835655, 0.9950064493135006, 0.9950835031529305
student, 136, 0.8201201209266922, 0.993132598431115, 0.9885551563064704, 0.989417933967369, 0.9908581986989339, 0.9893328296338968
student, 776, 0.9894150196926387, 0.9943361282876123, 0.9934269069083169, 0.9969499472229394, 0.9761973196281658, 0.9948846836686942
student, 400, 1.0, 1.0, 1.0, 1.0, 1.0, 1.0
student, 157, 0.6152054080908699, 0.9883233753703669, 0.9862940888798599, 0.9905773144963276, 0.9880877822438097, 0.9872165959926831
student, 173, 0.8793404534731093, 0.9976354496734329, 0.997862731900506, 0.9974865353985812, 0.9980195991446464, 0.9973837549644247
student, 408, 0.9217010794714776, 0.9886374432310104, 0.9119828991184484, 0.989844484134581, 0.9902106805146134, 0.9912911179405963
student, 485, 0.9911311485237944, 0.9946920350370848, 0.9935954396667328, 0.9931088799430048, 0.884505436797425, 0.9948411730881085
student, 93, 0.9927943497953253, 1.0, 1.0, 1.0, 1.0, 1.0
student, 779, 0.9938379737096781, 0.9970894172394815, 0.9993818584464722, 0.9971562370976618, 0.9977560729351277, 0.9948445883364537
student, 96, 0.9700793466896661, 0.995065062082983, 0.9968086585716588, 0.9272474031155191, 0.9951626829521752, 0.9939026371497817
student, 654, 0.8533709767574209, 0.9965396880687106, 0.9965342059786891, 0.9967861720784101, 0.9959417364886405, 0.9960589666817096
student, 778, 0.9912497193099173, 0.996572204154205, 0.9965642065260625, 0.9956611022511767, 0.9944213150509285, 0.9973812560335964
student, 529, 0.9900269305693564, 0.9925019767436526, 0.9914138535262731, 0.9198739618423225, 0.9923495866167895, 0.9907811974151283
student, 680, 0.7223381034613932, 1.0, 0.9999858257333306, 1.0, 0.9999871079466186, 1.0
student, 307, 0.9728066720129187, 0.9979834752988052, 0.9971967773085928, 0.9983809709032895, 0.9983385442480102, 0.9982074525248201
student, 102, 0.911367802791241, 0.9872781488350543, 0.9921248177132367, 0.9909408673558193, 0.9917558328447701, 0.9922615619506553
student, 177, 0.7640343095763766, 0.994582607679583, 0.9943702185082607, 0.9957190381954883, 0.9945392042114066, 0.9933914140410981
student, 651, 0.7964837114372046, 0.9920039178839174, 0.9930265412915, 0.9922792993424726, 0.992561583590293, 0.9928544587543547
student, 47, 0.8312327232227674, 1.0, 0.9996268305247765, 0.9993528805383928, 0.9998357230107255, 0.999776289372336
student, 94, 1.0, 1.0, 1.0, 1.0, 1.0, 1.0
student, 787, 0.9622350382982651, 0.9954112860284245, 0.9962772590655797, 0.9935001118577828, 0.9960659117902271, 0.9929346975501036
student, 682, 0.9484559384290309, 0.9974894772573485, 0.9972148683970825, 0.9983855064956592, 0.9968973217980656, 0.9963939656515689
student, 559, 0.9316349441321686, 1.0, 1.0, 1.0, 1.0, 1.0
student, 487, 0.7482686168161119, 0.99922649513682, 0.9978087362562641, 0.9988040601878595, 0.997925535604509, 0.9978306572249456
student, 716, 0.9621473364493024, 0.9809303622414358, 0.9794900207225822, 0.9804496894485489, 0.980542765955217, 0.9814193118916091
student, 614, 1.0, 1.0, 1.0, 0.994423936809487, 1.0, 1.0
student, 580, 1.0, 1.0, 1.0, 1.0, 1.0, 1.0
student, 165, 0.9692867849907135, 0.9902741997859615, 0.8986497052665458, 0.9952189499504568, 0.9936941300551853, 0.9942930328225463
student, 514, 0.9928957839968754, 0.9441768858912446, 0.9942177706288967, 0.992209758366704, 0.9936297309021914, 0.99302232543467
student, 301, 0.6505640912694048, 1.0, 1.0, 1.0, 1.0, 1.0
student, 741, 0.9896395558971401, 0.9921768060843249, 0.9949549258168725, 0.9739204837549904, 0.9890320171331882, 0.9875606701331564
student, 603, 0.8536347120240848, 0.9978749015207572, 0.9998182919280614, 0.9962014814751198, 0.9982268082983727, 0.9932877270823298
student, 101, 0.8778382464227622, 0.9929624299170486, 0.9938197642838266, 0.9940309093228755, 0.994660518586891, 0.9941183283288724
student, 29, 0.9925326832726806, 0.9959823796035582, 0.9961440243985353, 0.9959239673084609, 0.9964652829939351, 0.9964543165814342
student, 32, 0.9732676102505419, 1.0, 0.9988735869686179, 1.0, 0.9984892808987827, 1.0
student, 302, 1.0, 1.0, 1.0, 1.0, 1.0, 1.0
student, 240, 0.9918484839747439, 0.995143082821472, 0.9969083844028261, 0.9516738808025619, 0.9937183344454703, 0.9940072384613785
student, 476, 0.8212870578903404, 0.9954932437265154, 0.9937436867204084, 0.9945336623099615, 0.9925339032922029, 0.9927099657519314
student, 126, 0.9959992515072562, 0.9983553319189048, 0.8282650991114389, 0.9991082552832429, 0.9978156712758176, 0.9991978126547587
student, 164, 0.973884321160237, 1.0, 1.0, 1.0, 1.0, 0.9990816136989835
student, 432, 0.9951665019866365, 0.9980431667115884, 0.9980725739255286, 0.9774841670877363, 0.9979942587896071, 0.9980917110590057
student, 617, 0.9780984811135228, 0.9976253056770303, 0.9966644790269155, 0.9472434606048111, 0.9980643377326103, 0.9946138858324093
student, 507, 0.9868634729551309, 0.9952862093026902, 0.9942437750478089, 0.9965527959914205, 0.9932928377599801, 0.9960524593489593
student, 80, 0.6799953043986726, 0.9993428144242618, 0.9990061793816764, 0.9993155356992954, 0.9989768032722338, 0.9989031325461063
student, 536, 0.9669701396912899, 0.9941916731949003, 0.9912702746645529, 0.9936203288526343, 0.9944095610785276, 0.995648693831112
student, 222, 0.9959815669964096, 0.9942869406133847, 0.9964052131863705, 0.9957816824196241, 0.9955831258110228, 0.9965784501955464
student, 372, 0.9938558893648979, 0.8484486689480937, 0.9936187050556676, 0.9943515473974947, 0.9953169889750213, 0.9946468523283853
student, 736, 0.994979611369746, 0.9162645008420474, 0.9922353191021606, 0.9929294785457357, 0.9952620015780648, 0.9936142782097307
student, 547, 1.0, 0.9967193114827143, 1.0, 1.0, 1.0, 1.0
student, 346, 0.9720911796498909, 0.9990359138911692, 0.9986726944905093, 1.0, 0.9996946811221415, 0.9996182472046251
student, 205, 0.9760484105242037, 0.9928892832227834, 0.9870277740703227, 0.9901800759884797, 0.9927315509749532, 0.9876898463313106
student, 767, 0.8433189363561869, 0.9974966098644199, 0.9999436411733988, 0.9999647801876759, 1.0, 0.9999216905950998
student, 124, 0.9994330288974036, 0.9588467202348175, 0.9928418899599947, 0.9980334462713935, 0.9976511442535555, 0.9988379324220606
student, 195, 0.9879655989462672, 0.9859759756678007, 0.989565551708871, 0.9799675848856241, 0.9882537758148419, 0.9868300991910366
student, 630, 0.7349182897153173, 0.9968675257500564, 0.9961473860982838, 0.9972582325911267, 0.9964507795361569, 0.9965110211512954
student, 274, 0.9940933208523395, 0.9963837433377192, 0.9453703522481015, 0.9993144923196037, 0.997186889362579, 0.9970504911814881
student, 374, 1.0, 0.9898780456527427, 0.998798130057572, 0.9979561223782547, 1.0, 0.9980968017994246
student, 241, 0.9569236005279077, 0.9870141666232236, 0.9860887253689399, 0.9873915762316386, 0.9860547978675279, 0.985914830811495
student, 279, 1.0, 1.0, 0.9983683429871018, 0.9954998791353962, 1.0, 1.0
student, 489, 0.99636843410226, 0.9945123225244662, 0.9944211634212283, 0.9691535876287011, 0.9940987886404967, 0.9945439727892611
student, 781, 0.8450627663844092, 0.9967640386249681, 1.0, 0.9925405947150087, 0.9935830931373606, 0.998036918562983
student, 612, 0.9818477782768187, 1.0, 1.0, 0.9998730242856241, 1.0, 1.0
student, 828, 0.8775243335053449, 0.9989095117998776, 0.9956289117848384, 0.9970403880127782, 1.0, 0.9987962010570636
student, 161, 0.8816105752687949, 0.9877071610758472, 0.9859399741960275, 0.985919857343146, 0.9843055712086292, 0.9843826552256989
student, 261, 0.9825485473841018, 0.9911310049896758, 0.9914039083542431, 0.9891386017513153, 0.97437172176742, 0.9890001725833336
student, 263, 0.9912325307291615, 0.9942627731691466, 0.9963769109282261, 0.9565274917538217, 0.9956014941077698, 0.9950656092654302
student, 104, 0.9950835075388308, 0.844433087006049, 0.9947243715682261, 0.9966193609299449, 0.9938602336735141, 0.9954044261980436
student, 510, 0.9964606070087862, 0.9764470966601269, 0.9967561409835203, 0.9963602671358446, 0.985488663200641, 0.9987572763724899
student, 637, 0.9262817422051394, 0.9931799061263136, 0.9947605382068919, 0.9959638588583963, 0.9938973724737287, 0.9970724705238988
student, 352, 0.9358602730977573, 0.9940570951705956, 0.9937767166638753, 0.9936274982901758, 0.9948207864297622, 0.9950159813300233
student, 398, 0.9924455737274817, 0.994950436492143, 0.9966412039264625, 0.9931852152083187, 0.9940229616041627, 0.9949628346462466
student, 757, 0.9970631564875428, 0.9828601475273102, 0.9963810061028998, 0.9952051952969778, 0.9960383311310945, 0.9967765381544224
student, 568, 0.9955554407826444, 0.9926251311136487, 0.9926913963559537, 0.9898210513370657, 0.9862150746036523, 0.9907630536141019
student, 416, 0.9962258324189023, 0.9942804205721879, 0.9942942783049072, 0.992806983709221, 0.9960571628015713, 0.9861305575365604
student, 367, 0.9747079856775054, 0.9957112628380045, 0.9971339306673671, 0.9969688742896388, 1.0, 0.997777050546141
student, 452, 0.762211644589078, 0.9999881498685368, 0.9998468769937813, 1.0, 1.0, 1.0
student, 602, 0.8843649924588873, 0.9889203419531425, 0.9910140452428293, 0.98760750941888, 0.9897416701927765, 0.9889633474755513
student, 468, 0.8937899731460909, 0.9959333947609782, 0.9975527344868179, 0.9973034155655505, 0.9990414890462356, 0.9972759726397012
student, 462, 0.9889780951545541, 0.9926141836475312, 0.9945208077132005, 0.9676549662679096, 0.9942930011688836, 0.9930276303011468
student, 207, 0.9905959444777904, 0.9905504053736761, 0.9883433256389386, 0.9787654105482697, 0.9907439470799877, 0.9888395629079315
student, 61, 0.9616968164526531, 0.9946052751376768, 0.9958292932370557, 0.9981177748317991, 0.9972739114714116, 0.9968231026821921
student, 390, 0.9477739226810775, 0.9938611281478779, 0.9933187981004619, 0.9912694224564105, 0.9938502159608722, 0.9947163157088144
student, 516, 0.9904453433801725, 0.9870188271691994, 0.992044288768243, 0.9913774159637373, 0.9918189400236662, 0.9927015984794813
student, 749, 0.9120531174013784, 0.9995966437775184, 0.9996027936361984, 0.9473300573902329, 0.9996029141221763, 0.9995965239654215
student, 175, 0.8855466040451793, 0.9948917234816963, 0.9954497098931793, 0.9944636120332512, 0.9958177482031321, 0.995166822111355
student, 90, 0.9996300392846011, 1.0, 1.0, 1.0, 0.9992888627547373, 0.9492101882652457
student, 267, 0.4784345393243203, 1.0, 1.0, 1.0, 1.0, 1.0
student, 64, 0.9931959779585577, 0.9884384634196088, 0.9904254061771067, 0.9852022442157632, 0.9920767402193421, 0.9313996511672256
student, 376, 0.9981196139196598, 0.988833486722915, 0.9991981390765148, 0.9987264316184224, 0.9987496419068854, 0.9991205504759838
student, 622, 0.9960023326870097, 1.0, 1.0, 1.0, 1.0, 1.0
student, 440, 0.952085217602586, 0.990658526559413, 0.9894858888296558, 0.9894843319377864, 0.9891104181124101, 0.9935578132274681
student, 194, 0.9006008075035081, 0.9970158636889379, 0.9964378460659572, 0.9966251426168634, 0.9965233266398866, 0.99633334111475
student, 295, 0.7383195088947833, 0.9998128787738646, 0.9998033982486791, 0.9997752670414835, 0.9999136665245244, 0.9998253247306726
student, 116, 0.8982155487508758, 0.9972973229842603, 0.9951717009316422, 0.9971545533188947, 0.9959318872526514, 0.9961611979732083
student, 233, 0.9806838392865187, 1.0, 1.0, 0.9973639861978377, 1.0, 0.9953870186620265
student, 174, 0.7937529773197105, 1.0, 0.9983935368841002, 1.0, 1.0, 1.0
student, 312, 0.9893186063995428, 0.9930339848867616, 0.9907956822416824, 0.9970242922712882, 0.9974128124453518, 0.9966169464360307
student, 626, 0.9620237054141714, 0.9958715824805983, 1.0, 0.9988521264714106, 0.9975298099399665, 0.9973691696899213
student, 341, 0.9942164369348345, 0.9987167249187712, 0.9987099806754212, 0.9987144758034974, 0.9987171065184155, 0.9987116056137051
student, 469, 0.9996598595858793, 0.9960476045446575, 0.9926822296057697, 0.8679743523305439, 0.9875102413126557, 0.992270153293835
student, 197, 0.9886992158622067, 0.9839129654478875, 0.9864607319089008, 0.969102227914328, 0.986163435294891, 0.9881800829753465
student, 609, 0.9490140395674134, 0.9986530150666239, 0.9993041262328857, 0.9982988566004022, 0.9992670714243345, 0.9986504002373255
student, 475, 0.9946825939055454, 0.9956008031133635, 0.9937997913434173, 0.9833647988086042, 0.9949153736814688, 0.9950089637645285
student, 153, 0.9807350834490474, 0.9962927821775815, 0.9572291526751002, 0.9956223299265242, 0.9962196745086586, 0.9952485039888661
student, 546, 1.0, 1.0, 1.0, 1.0, 1.0, 1.0
student, 63, 0.7458001752654526, 0.9931095849567974, 0.9964287580773403, 0.9933566953651165, 0.9954150269492253, 0.9946689642808808
student, 735, 0.9934729466368867, 0.9928046035309507, 0.9943458687420282, 0.9845496181308002, 0.9929132592253773, 0.9935926441080474
student, 542, 0.9924878797720166, 0.9948028625138752, 0.9944819577335215, 0.9896790381857423, 0.9767402267374298, 0.9931174235366153
student, 772, 0.9974797914442772, 0.8745106870674294, 0.9966148877422855, 0.9852803524987074, 0.9153207435843144, 0.9983601859541636
student, 155, 0.8248547313982815, 0.9852758008501041, 0.9885407185178255, 0.9899517932600693, 0.9879200176572922, 0.9896277703214099
student, 178, 0.9237588415175376, 0.9927127114249632, 0.9935827131912645, 0.9842704928391356, 0.9934801101502698, 0.9929108575253508
student, 172, 0.8688944459062137, 0.9942773246903746, 0.9866305859532949, 0.9936398925649919, 0.9919427300187252, 0.987693449645386
student, 285, 0.6450082718734576, 0.991604953251722, 0.9974842090655391, 0.9910364367687563, 0.9939139834459743, 0.9921674890973068
student, 84, 0.7939339698789313, 0.9998845973089057, 0.9998393688711341, 0.9997240094442131, 0.9998204493442694, 0.9998895954757513
student, 252, 1.0, 0.9960400106738183, 0.9970731482741108, 0.9283972793170372, 0.9954412546649791, 0.9953655764191083
student, 138, 0.7176661867301425, 0.9993692645680402, 0.998417629874086, 0.9965502744140537, 0.997989460151246, 0.9968362996146618
student, 608, 0.84234246053103, 0.9922878482954753, 0.9996391895905381, 0.9913495194508639, 0.9945434626578896, 0.9912222760904612
student, 552, 0.9914960993566689, 0.9916462026280005, 0.9915435045673646, 0.978287601453805, 0.9913153372557155, 0.9918614380850683
student, 230, 0.9998888651686918, 0.9965296720176303, 0.9945678460455424, 0.8877973443304942, 0.9948633278704093, 0.9951402648352305
student, 225, 0.9125629554394458, 0.9996941819489736, 0.9997317936879506, 1.0, 0.9980109996134565, 0.9996393319224071
student, 667, 0.8635633668210667, 0.985469248395042, 0.9861860425918685, 0.9859587048292442, 0.9869966138580146, 0.986684913351014
student, 733, 0.9985070852710793, 0.9937092283743336, 0.9824878036621943, 0.9852866749571021, 0.9975625672659697, 0.9985709046403236
student, 773, 0.983907478186045, 0.9961551582148475, 0.996380169080104, 0.9974922860269619, 0.9964740748383604, 0.9973338037596146
student, 262, 0.9831442605146994, 0.997032569762616, 0.9980705902753956, 0.9963866536885094, 0.9971682147562706, 0.9962311362070373
student, 333, 0.9931616080280186, 0.992649385578105, 0.9915346437960014, 0.9908165095853669, 0.9857086784013019, 0.9919432003866663
student, 684, 0.8316474676396451, 0.9990530411292597, 0.999239333824483, 0.9990619395500782, 0.999280117223974, 0.9992701532828306
student, 247, 0.9751418158998583, 0.9504433194954115, 0.9956152389458347, 0.9937021264450171, 0.9941307242076485, 0.9951620046390579
student, 200, 0.9940801770915906, 0.9950380208999673, 0.9963082522549898, 0.9943822770739542, 0.9954386730780231, 0.9960899824983054
student, 17, 0.9964532185790647, 0.9938731461657153, 0.9954314225057553, 0.9828462353362333, 0.9913936811440486, 0.9956608251699355
student, 318, 0.9223336633784407, 0.996590085512425, 0.9964048632126598, 0.9961871068363193, 0.996373142639613, 0.99570771318487
student, 670, 0.9992139154988556, 0.997880242020036, 0.9706183529806839, 0.9400579954762868, 0.9994771411028077, 0.9990571217942467
student, 522, 0.9739768177527348, 0.995325741737793, 0.9929135995526837, 0.9922263478618705, 0.9943112401559627, 0.9935197937759246
student, 596, 0.995137501280309, 0.9957541567583821, 0.9955763937738009, 0.9952691358708975, 0.8944451314495628, 0.9952550732453695
student, 426, 0.9903284730526296, 0.9563390406826929, 0.9893859872023674, 0.9872899405709316, 0.9875579211253876, 0.9902124117604019
student, 65, 0.8190394857356221, 0.9978811743851144, 0.997027807687873, 0.9981350992376093, 0.9906266554806132, 0.9979446777616956
student, 255, 0.9419054751860653, 0.9967102911060076, 0.9995409843437701, 0.995997046761302, 0.9987522697991873, 1.0
student, 619, 0.9507354021908688, 0.9921691360574175, 0.9931407162275416, 0.9943331718525541, 0.9928972668378027, 0.9930103543074869
student, 703, 0.9495890662115599, 0.991071080099896, 0.9898794152863063, 0.9928971494348956, 0.990235369652559, 0.9905813730871562
student, 668, 0.9971333908395006, 0.9719947260097384, 0.9962657361601991, 0.9993078958334592, 0.9954963870372889, 0.9940933241139371
student, 553, 0.740204409186191, 1.0, 1.0, 1.0, 1.0, 1.0
student, 182, 0.914605167568957, 0.9985349727826671, 0.9968619536684975, 0.9948582853829784, 0.9965144898712425, 0.9976468902374723
student, 360, 0.9465340947466747, 0.9933519015513316, 0.9922795644541609, 0.9920839532719532, 0.994474240658457, 0.9917092365781329
student, 532, 0.9495856091999989, 0.9999747339579466, 0.9814080641890502, 1.0, 0.9953785946079908, 1.0
student, 159, 0.8472082464918096, 0.9989774508132245, 0.9999456555305374, 0.993583504446659, 0.9988718500557338, 0.9993806789351124
student, 249, 0.9217024081333146, 0.9942520386990146, 0.9912447086541685, 0.9935430627172228, 0.9917071229431825, 0.9920307980469434
student, 623, 0.9959234297994467, 0.9941260627473018, 0.9965911090653714, 0.9942035054454659, 0.9943324525835769, 0.9286404891531069
student, 278, 0.9956900691349948, 0.9947101572366577, 0.9952614268129896, 0.9656399757139733, 0.996355033375881, 0.9963824791607637
student, 27, 0.989100847900191, 0.9908148836021711, 0.9969872417165807, 0.9523045846648646, 0.9963550312490536, 0.9922197196445431
student, 656, 0.8916761933265104, 0.9940676635665056, 0.9954972167295139, 0.9961873433048827, 0.9942886602986687, 0.9959522769845359
student, 463, 0.9825052825992916, 0.9976897131092423, 0.9972939381992776, 0.9973824533180174, 0.9976850456853031, 0.9977356340182812
student, 442, 0.9990953895728798, 0.9989285671674539, 0.9991360322517047, 0.9989789670757689, 0.9991989963350965, 0.9050126650700006
student, 517, 0.8845672127927117, 0.9988458635998961, 1.0, 1.0, 1.0, 1.0
student, 640, 0.9362112181253543, 0.9986907044526177, 0.9771761176366464, 0.998872450555647, 0.9977046936757235, 0.9988142055102295
student, 193, 0.872872710746927, 0.99263086493889, 0.9935000096547155, 0.9917946896332546, 0.9913996354301888, 0.9943706785238152
student, 639, 0.7927592777037996, 0.9974248132469502, 0.9966885359761689, 0.9977287563991252, 0.9971176828884574, 0.9974469645056621
student, 186, 0.9673410052954293, 0.9960379008591553, 0.9964613016793461, 0.9946052554090739, 0.9828269226197737, 0.9961633147484952
student, 746, 0.9891850333054858, 0.9146162224504587, 0.9916918515243952, 0.9954588986347719, 0.9955013494322651, 0.9951365334009779
student, 339, 1.0, 1.0, 1.0, 1.0, 1.0, 1.0
student, 370, 0.938220107470079, 0.995091828525985, 0.9941095173659963, 0.9939833417136319, 0.9948196526512817, 0.993877370822532
student, 26, 0.9975771553149634, 0.9996511851520368, 0.9991890807692808, 0.9990777140860847, 0.9981655464201118, 0.8544432384637741
student, 384, 0.9500634856600084, 0.997245903318119, 0.9970549124270551, 0.9923414047577576, 0.9964474525291265, 0.996896887943149
student, 470, 0.7592526528713538, 0.9910651161022411, 0.9902133112825936, 0.9895658242699722, 0.9903326705221493, 0.9915601570143562
student, 449, 0.995073320784569, 0.9929467370011037, 0.9936286146299319, 0.9938431141951485, 0.8177804367298062, 0.9965044385511446
student, 277, 1.0, 1.0, 1.0, 0.7616864656529501, 0.9984829625211953, 0.999869257754523
student, 91, 0.9283118088556007, 0.9913364087414769, 0.991917807925999, 0.9916313045321746, 0.9923908418124522, 0.9935232948328222
student, 246, 0.9310375523927604, 0.9911388948359707, 0.9921358744563493, 0.9921477869478583, 0.9919879378015314, 0.9931759784146066
student, 472, 0.9987789202742463, 0.9959027916897853, 0.9998595906903538, 1.0, 0.9996004407282224, 0.9995543316557411
student, 549, 0.9906960829817715, 0.9944436364607306, 0.9943036651762465, 0.9942198117096859, 0.9945037285646483, 0.9944183762612776
student, 648, 0.992101177832647, 0.9888819432890544, 0.9921711088170307, 0.9915356218311941, 0.9915256829900997, 0.9784195672891631
student, 701, 0.9915535599673616, 0.9898813990628912, 0.9917517900925419, 0.980702111954388, 0.9594855925952083, 0.987111420678704
student, 723, 0.9979277247853855, 0.9986904440168048, 0.9893847775633258, 0.9984636311346239, 0.9983779584194096, 0.9981226271544567
student, 531, 0.926915419568075, 0.9928437525858658, 0.9919382394143779, 0.9894828606460195, 0.9880335281500999, 0.9938190444143655
student, 396, 0.902116979826611, 0.9890905680257468, 0.9929842516482378, 0.9915722614697513, 0.9917298721658462, 0.9910557281071627
student, 753, 0.9923313325862622, 0.991871499264124, 0.9927489184813011, 0.8517168620125537, 0.9924441468181667, 0.9911410939812528
student, 518, 0.9998772574637611, 0.9954583210301476, 0.9998971101257814, 0.9983342283699607, 0.9997203695070315, 0.9303521274147905
student, 192, 0.9026201755415537, 0.9829406446023687, 0.9867017245766669, 0.9824189580799337, 0.9838835401406162, 0.9831021467503852
student, 650, 0.8945491991994818, 0.9925961120726461, 0.9946554110651182, 0.9909125224692397, 0.9953814752645788, 0.9963249619656424
student, 88, 1.0, 1.0, 1.0, 1.0, 1.0, 1.0
student, 250, 0.9952087426775678, 0.9950769142365011, 0.995061609072073, 0.9344828751984602, 0.9939816699394791, 0.9947665806405479
student, 51, 0.9896306940709266, 0.977236155763491, 0.9896525936011867, 0.9911009530131637, 0.9884533289170653, 0.9904178567219454
student, 754, 0.9947596915081481, 0.9953929480244038, 0.9970326624994523, 0.9936611681322269, 0.8295816237723692, 0.9989495380336354
student, 512, 1.0, 0.7945928146029072, 0.998617918180061, 1.0, 0.9986269165366184, 0.9995223755602818
student, 645, 0.9219941821540185, 0.9927847401137093, 0.9924491770527372, 0.9871630219436871, 0.9912523421467093, 0.9890083245654653
student, 606, 0.9972320498653525, 0.9993222415836395, 0.9998642867244449, 0.9993128186288858, 0.9988514942724486, 0.962048119439042
student, 288, 0.8794055425657569, 0.9965614653377957, 0.9980481913032855, 0.9979788126145025, 0.996115961736093, 0.9920398371331811
student, 436, 0.9880240369654308, 0.9911618099795388, 0.9921011275084513, 0.9884161813257749, 0.7600754463795251, 0.991831067732979
student, 378, 0.9835181772310674, 0.9968870893373274, 0.996847112658452, 0.9968827988853272, 0.99688553124816, 0.996813847289942
student, 479, 0.9749456008023611, 0.9875991527180937, 0.988115912414954, 0.9880756582240865, 0.9875937901321484, 0.9916373351351216
student, 688, 0.8667680271019003, 0.9901820711889955, 0.9884162309475725, 0.989828880148947, 0.9889373166374164, 0.9894627764729814
student, 727, 0.6987483488325046, 1.0, 0.9988921941286463, 0.9994375097952621, 0.9986128423526168, 0.998328048438978
student, 334, 0.9965662682138452, 0.9957270101812175, 0.9965046080394881, 0.9861056118932378, 0.9964947997038186, 0.9968024129534268
student, 141, 0.7154858284586182, 0.9876141079824674, 0.9869721262011075, 0.9890879589972473, 0.9883380202504106, 0.9887070219376377
student, 54, 0.9999109107949913, 0.9120067428155176, 0.9912643485159697, 0.9937180870177439, 0.9919698160290481, 0.992357303928235
student, 354, 0.744309124475536, 0.9936021048084647, 0.993010490359346, 0.9947113852916174, 0.9920641882265994, 0.9927670975880106
student, 655, 0.9687359462666394, 0.9894008838202276, 0.9911100804458385, 0.9395195947546828, 0.9866325504160811, 0.985456433817175
student, 286, 0.9867562557990939, 0.9718572589520174, 0.9849335608972647, 0.9845033758693505, 0.9846124343280039, 0.984849546621331
student, 97, 0.7433090277713815, 0.9997448458301644, 0.9986769469440389, 0.9997165650885118, 0.9998322849963088, 0.9998825972174022
student, 248, 0.9376394654355141, 0.9873448492919021, 0.9882560113813118, 0.9892519222427155, 0.9901550533613985, 0.9912394519465503
student, 198, 1.0, 0.9984828648142019, 0.9989897248381265, 0.9936950118029284, 1.0, 1.0
student, 78, 0.9818484186716085, 0.9868032278435294, 0.9816482484136061, 0.9842445162838679, 0.9850331060908506, 0.9772950448017096
student, 344, 0.8742229077000029, 0.9988052750659404, 0.997864999108146, 0.998703601534178, 0.9983431852532636, 0.9981681090730505
student, 243, 0.9883758182238807, 0.9943666097503908, 0.978334664318022, 0.9953687730515303, 0.994675570057261, 0.9938582621232194
student, 353, 0.8347105440778065, 0.983167918506584, 0.985342385473403, 0.9844588130579736, 0.9843327916389447, 0.9840973985304318
student, 203, 0.9947628996990778, 0.989643030342916, 0.9941620631573364, 1.0, 0.9968927575314099, 0.9979572160855655
student, 714, 0.9957825635784779, 0.99619025321219, 0.9431160554480452, 0.9956514308733694, 0.9960650572147071, 0.9945575597563192
student, 253, 0.9713029766228525, 0.9888191002313962, 0.9892682687177208, 0.869539141196295, 0.9889284301425944, 0.9887588739513394
student, 220, 0.9954775229279431, 0.9954943164252759, 0.9941069441619774, 0.9904824545867819, 0.995834122261451, 0.9957396081879698
student, 168, 0.8985920668839998, 0.9999942588992957, 0.8929538605799854, 0.9979475384211128, 0.9973038285013923, 0.9945734603476053
student, 644, 0.9650689797557859, 0.9869036405491172, 0.9872490518066529, 0.9848695658701035, 0.9841748629700876, 0.9812487897318133
student, 678, 0.7008161871069102, 1.0, 1.0, 1.0, 0.9991372475182901, 0.9991690523342586
student, 269, 0.9093899492450166, 0.9912619380447344, 0.9916096031816083, 0.9929638295094377, 0.9918715944128316, 0.9927286980040916
student, 53, 0.9878332060511654, 0.9935907899432502, 0.9661592134288901, 0.9917975268712538, 0.990731854859176, 0.9908824264849522
student, 760, 0.9780125815382711, 0.9985238045505292, 0.9998680990137102, 0.9930832156311724, 0.9999501327143865, 0.9866468693730168
student, 282, 0.9977551606026467, 0.9949265987323938, 0.9490984202205283, 0.9922037965272491, 0.9961667487867677, 0.9952004476122115
student, 769, 1.0, 1.0, 0.5537143920105643, 0.9986348184449716, 1.0, 1.0
student, 143, 0.7390088537688859, 0.98972066616754, 0.9931013655715356, 0.990938261480949, 0.9946698449247343, 0.9932872707415982
student, 160, 0.945900207521483, 0.9869906668261642, 0.8818008499372291, 0.9882147600649402, 0.9870948034821889, 0.9869338620926906
student, 121, 0.9655476320121934, 0.991552502419211, 0.9899283144658801, 0.9911714840125413, 0.9901732809494073, 0.9908515865215716
student, 621, 0.9988129672362173, 0.9984366733982079, 0.9965014615414752, 0.9993647796885643, 1.0, 0.9420782819767968
student, 791, 0.9960414998485898, 0.9966458724194204, 0.9970581552000873, 0.9960863075092043, 0.9040030050007195, 0.9954705696309167
student, 221, 0.991874927056024, 0.9920205822391194, 0.9920400606387335, 0.9922306027048767, 0.9877808997878673, 0.9921845365748662
student, 527, 0.9575268155811064, 0.9997778980055881, 0.9968644250852818, 0.9987693677031084, 0.9988004546187648, 0.9983414691226103
student, 144, 0.6670173881620995, 0.9983047885681389, 0.9994214836235772, 0.9990196747935007, 0.9993131989441859, 1.0
student, 239, 0.9977516593093556, 0.6989663533007372, 0.9976961383604293, 0.9969040640958089, 0.9970862739336775, 0.998058841311698
student, 711, 0.9712641647143435, 0.9936743318492691, 0.9947733654300198, 0.9950340150532898, 0.9942923331412136, 0.9952770916517248
student, 790, 0.7942614389258061, 0.9945864132714185, 0.9904260781559124, 0.9928539025743621, 0.9915602300609796, 0.9935915538482438
student, 629, 0.8069337774622268, 1.0, 1.0, 1.0, 1.0, 1.0
student, 438, 0.9462456525426087, 0.9872681601108644, 0.9857757535625162, 0.9874988971670207, 0.9865689485204244, 0.9870062946043023
student, 574, 0.9941779968380251, 0.9995379374777318, 0.9977436511019377, 0.9970939182798605, 0.9920962331688423, 0.9687662984067216
student, 594, 0.9968233761766142, 0.9984034935643877, 0.9993489799824609, 0.9997409121241707, 0.9980140926880867, 0.8631289164113622
student, 465, 0.723475922644797, 0.9927970652565653, 0.9926531436182651, 0.9943761013319075, 0.9934568264102993, 0.993347055108401
student, 456, 0.9914325782737358, 0.9889704481227604, 0.978495664640437, 0.9886828549868789, 0.988755626210977, 0.9898688596543418
student, 789, 0.9649428387165501, 0.9850343085767957, 0.9855951186311224, 0.9839296867996384, 0.9858145850001726, 0.9842435236690064
student, 122, 0.9910080132725878, 0.9905448935745439, 0.9760753762613528, 0.9892122877901476, 0.992156942941492, 0.9926669197831262
student, 134, 0.9967199079935318, 0.9866682246681334, 0.9919442394296514, 0.9928624830796864, 0.9931653620975126, 0.9926277367903082
student, 775, 1.0, 0.9970527725979452, 1.0, 1.0, 1.0, 1.0
student, 573, 0.7530297412247972, 0.9987212942555231, 0.998852155170251, 0.9988480037631381, 0.9984555290543485, 0.9989810378552261
student, 118, 0.9765399732264667, 0.9947797504224845, 0.9953993171682325, 0.9943609603235817, 0.9942133223930476, 0.9936617095408233
student, 669, 0.9891065103590289, 0.9949047700605299, 0.9980180344702549, 0.9971266915834662, 0.9969639295043171, 0.9975717720903775
student, 171, 0.9505588971384036, 0.9959522682860739, 0.995970433853602, 0.9958148823061751, 0.9952588009885647, 0.9961263781055699
student, 721, 0.998283531327699, 0.9577952863808977, 0.9994220937252631, 0.9975650870000515, 0.9995718217441437, 0.9978112381628886
student, 607, 0.3114498592994908, 1.0, 1.0, 1.0, 1.0, 1.0
student, 76, 0.9902941358829084, 0.9403632451796357, 0.9888405566748564, 0.9904184924570197, 0.9901168722539028, 0.9913542702567065
student, 513, 0.960140328785746, 0.9942394993963042, 0.9915888795776102, 0.9958206525743981, 0.9935159058340707, 0.9945483435421816
student, 451, 0.9872690155880046, 0.9967566726419693, 0.996346377834321, 0.9961790553400889, 0.996482400240931, 0.9964620416027257
student, 526, 0.9721191100685475, 0.991548119891459, 0.9979028150619887, 0.9898402294732527, 0.9967431305734186, 0.9933877009550935
student, 284, 0.9948741640534954, 0.9960521181805624, 0.8946579126396376, 0.9951521895974508, 0.9929382854990297, 0.9956536113254738
student, 599, 0.9954815768583798, 1.0, 0.9978966583842442, 0.9984838459565485, 1.0, 0.7420946713888508
student, 375, 0.7206453928299237, 0.9993747595137656, 0.9996766045228483, 0.9960825939761081, 0.9998503071697442, 1.0
student, 110, 0.6475303563900525, 0.9999640906239975, 1.0, 0.9999821064977196, 0.9999695120789247, 0.9999653570676084
student, 281, 0.99940728268375, 0.9995660890925715, 0.9993570235549475, 0.8056507720240396, 0.998957464052898, 0.9994643839932545
student, 755, 1.0, 1.0, 1.0, 1.0, 1.0, 1.0
student, 771, 0.9909988097518931, 0.9910534840830244, 0.9907957352988045, 0.9509723900572041, 0.991938750099531, 0.9907688980299957
student, 764, 0.9932326544885672, 0.9988967127577634, 0.9988402937529588, 0.9991487286470485, 0.9988485991662699, 0.9997026963775469
student, 832, 0.9902038313796319, 0.9893485715230292, 0.9910884755483814, 0.9890261751910032, 0.9750184104485556, 0.9881836349424573
student, 272, 0.9987072615900996, 1.0, 0.9994832060071276, 0.9572694997126258, 1.0, 1.0
student, 199, 0.8574452377965259, 0.9947966169201974, 0.9951048150128945, 0.9958794614994951, 0.9946557595110358, 0.9971834841749377
student, 208, 0.9877582841265895, 0.9901608920827664, 0.8917492968707699, 0.9906116899943317, 0.9891428339462126, 0.9910200241386936
student, 460, 0.9842350231605821, 0.9853894912296942, 0.9711152494093187, 0.9890443231405316, 0.9925803286658702, 0.9878490075400481
student, 519, 0.985661689657774, 0.9975567914314906, 0.9973337066140977, 0.9993892589836287, 0.9991691769738664, 0.9969876512238842
student, 382, 0.9890016790593336, 0.99033395608035, 0.9820067241674466, 0.9897069769084983, 0.9908505409054356, 0.9916145948763209
student, 145, 0.7755933323562699, 0.9994329199178947, 0.9993517126471615, 0.9995334989282674, 0.9986054855172986, 0.9993319518831948
student, 226, 0.9656421051630238, 0.9963238136776035, 0.9971476447093752, 0.995915046716157, 0.9944162235077506, 0.9952357214904535
student, 125, 0.8057485249353057, 0.999854839850087, 0.9998675031274455, 0.9998474897587003, 0.9998662143733714, 0.9998984971887573
student, 454, 0.9929774320139344, 0.99429028017269, 0.9929925821017214, 0.9894281834006179, 0.9909190897414284, 0.9915076053330734
student, 49, 0.9897891082595381, 0.9886160616597193, 0.9871940674721308, 0.9713309264542407, 0.9881378556855346, 0.9906448883139589
student, 592, 1.0, 1.0, 1.0, 1.0, 1.0, 1.0
student, 388, 0.9967531046691009, 0.998313350582605, 0.9984741837713115, 0.9991177497448315, 0.9990808400037161, 0.9991370132524613
student, 287, 0.999934401688449, 0.999877284628245, 0.9997707856904776, 0.9998487311545964, 0.6590724647277805, 0.9999197807359647
student, 128, 1.0, 1.0, 1.0, 1.0, 1.0, 1.0
student, 337, 0.7493240346544746, 0.9964221766138412, 0.9948631265332721, 0.9959068482156265, 0.9966686887367128, 0.9951731171475434
student, 748, 0.9668699126469061, 0.9933278386601095, 0.9137917618515873, 0.9950020808766842, 0.9936332742526789, 0.9965507815408575
student, 215, 0.971316576199889, 0.9974901873951774, 0.9971613123587849, 0.9970381650515876, 0.9969490588674146, 0.9970777324690991
student, 358, 0.7272683987136179, 0.9982561896429755, 1.0, 0.9978683823131149, 1.0, 1.0
student, 803, 0.9950572330292142, 0.9959809973804503, 0.9599062918206871, 0.9957954474642893, 0.9950345703033849, 0.9947077280715192
student, 740, 0.9506652698670701, 0.9983988675543827, 0.9878400185819067, 0.9970187822986343, 0.9984457770724064, 0.9930248673133096
student, 402, 0.9916221200638684, 0.994111246033371, 0.9956523761286591, 0.9939694791737846, 0.993451190615038, 0.9942023786814449
student, 713, 0.9966248511902936, 0.994220178457889, 0.994091337608625, 0.9927454580275775, 0.9893445346230779, 0.9958585362009452
student, 591, 0.88399233879552, 1.0, 1.0, 1.0, 1.0, 1.0
student, 89, 0.9943729617188799, 0.9953659783809614, 0.9217870439524459, 0.993954706581164, 0.9974716792292735, 0.9941052254704549
student, 308, 0.9990221638565125, 0.9394673209038797, 0.9952121475304482, 0.9911443013144184, 0.9919904128671627, 0.9993529424108152
student, 652, 0.994069088561294, 0.984248724177069, 0.9948931508260398, 0.9940416114126552, 0.9955965158989734, 0.9950817957418763
student, 672, 0.7956411965856794, 0.9907707065076143, 0.9908606990937114, 0.9895161367035337, 0.9900569814525555, 0.9917213463153496
student, 123, 0.9964686102472741, 0.9930835266967498, 0.9925989767310959, 0.9924542156825805, 0.9930954542301786, 0.9864705035695126
student, 720, 0.9868452043570781, 0.9777629053827506, 0.9909902981947142, 0.9931438174331394, 0.9926714348732297, 0.9949059024029551
student, 343, 0.9975648055729406, 0.9964900270388642, 0.9970505661072973, 0.9965996367060884, 0.9971641050895309, 0.998191018592307
student, 750, 0.9860376127466489, 0.9950553720844793, 0.9942665733501456, 0.9229271648090337, 0.9945218156766178, 0.9947046774683193
student, 209, 0.9987726512294496, 0.9704144171369964, 0.9988402130573867, 0.993881065479864, 0.9983416833303937, 0.9987507509651864
student, 505, 0.8385774715062174, 0.9997614664485103, 0.9979035034671001, 0.9988012186314328, 0.9981456766530877, 0.9972570220151016
student, 30, 1.0, 1.0, 1.0, 0.6632599389336797, 1.0, 1.0
student, 538, 0.9325136710330414, 0.9808441199023287, 0.981899873295228, 0.9792977698500912, 0.9829442669316717, 0.9821460851780887
student, 794, 0.9974387979088587, 1.0, 0.9968363655752832, 0.7034632226600146, 0.9970798345726861, 0.9988418082132106
student, 725, 0.4860600805854504, 1.0, 1.0, 1.0, 1.0, 1.0
student, 120, 0.9531335429870891, 0.9992169591160037, 0.9982844459050614, 0.9988368067384401, 0.9967315729774926, 0.9985427217290161
