item, 1 x 1, 0.8084532652266913, 0.870039543378322, 0.6321361689557816
item, 1 x 10, 0.8643274785832574, 0.9999312849754695, 0.6648731903789615
item, 1 x 2, 0.9063993653237933, 0.9894736223675402, 0.8559238880493105
item, 1 x 3, 0.9991616767375339, 0.8427079388338751, 0.5292185160646989
item, 1 x 4, 1.0, 0.5836952839870868, 0.457130189041016
item, 1 x 5, 0.9464385870977607, 0.8362654776587658, 0.6152511983918131
item, 1 x 6, 0.732090007621294, 0.8093180267658361, 0.4137040325496989
item, 1 x 7, 0.2351500148332051, 0.7308632964659376, 0.4603369550552116
item, 1 x 8, 0.8547504901519922, 0.7231570842346765, 0.7089470900017315
item, 1 x 9, 0.9879843593442555, 0.6705846020668732, 0.7097885525861557
item, 10 x 1, 0.9528237863241342, 0.8368298856588282, 0.4750074614472261
item, 10 x 10, 0.9281976827020894, 0.9056224465450807, 0.5739585903185564
item, 10 x 2, 0.81141197014325, 0.9817087648967733, 0.7149301307835442
item, 10 x 3, 0.8767054211484511, 0.7894128588182526, 0.5645252313561611
item, 10 x 4, 0.7141138209462538, 0.46771136249934764, 0.5184823003265591
item, 10 x 5, 1.0, 0.8279969226665067, 0.5048751482204344
item, 10 x 6, 0.7853826804471594, 0.9993266911117981, 0.42614555810825605
item, 10 x 7, 0.9838065985025367, 0.5863838827385726, 0.5048020447536997
item, 10 x 8, 0.676043894074004, 0.991842069231572, 0.5086785198793723
item, 10 x 9, 0.777477678205287, 0.6629272653739402, 0.7104009354731282
item, 2 x 1, 0.6838544251276797, 0.9815469576707642, 0.5154274126488521
item, 2 x 10, 0.902854009435269, 0.9939284707386358, 0.748218316732238
item, 2 x 2, 1.0, 0.8216478087043374, 0.8167601548222516
item, 2 x 3, 0.9992888113566271, 0.9585549923413774, 0.7443197446309588
item, 2 x 4, 0.9983482966456931, 0.9353080034576419, 0.5607914458350873
item, 2 x 5, 0.9856365027993012, 0.994709127268475, 0.7119296780589611
item, 2 x 6, 0.7405206190927238, 0.9942520714938092, 0.6991123477233293
item, 2 x 7, 0.8796824427920964, 0.5504090138564547, 0.8231578262273012
item, 2 x 8, 0.9983504158843828, 0.7118131316607909, 0.9945238175837738
item, 2 x 9, 0.988660496563768, 0.6773253189823379, 1.0
item, 3 x 1, 0.9116112756740385, 0.7915793322973591, 0.37147806776690667
item, 3 x 10, 0.6504535640635486, 0.9825374464887883, 0.49351287014509965
item, 3 x 2, 0.8755103851793523, 0.9943610209861888, 0.926725479665812
item, 3 x 3, 0.9909676553590073, 0.9550368361945603, 0.8810097293292062
item, 3 x 4, 1.0, 0.5739837524614677, 0.9819199236336239
item, 3 x 5, 0.9972810722172702, 0.9992038597562558, 0.7261264119826716
item, 3 x 6, 0.9971313164904785, 0.9970814936287378, 0.9945626276638438
item, 3 x 7, 0.7103372434092263, 0.9955201871357106, 0.9988347245121103
item, 3 x 8, 1.0, 0.7495809924269498, 1.0
item, 3 x 9, 0.9963664096493795, 0.8691372286132064, 0.9999971842069945
item, 4 x 1, 0.7005562425419942, 0.7977043511372753, 0.19056290767757092
item, 4 x 10, 0.799852308214236, 0.9899425532520424, 0.4055781593171542
item, 4 x 2, 0.7573182469669918, 0.991445379372377, 0.9959898644626177
item, 4 x 3, 0.9998082986122434, 0.8237190364200392, 0.9825038708337208
item, 4 x 4, 0.9993365753509221, 0.7857134468916118, 0.9882124826961806
item, 4 x 5, 0.9986948101064308, 0.9990016671064774, 0.8553600068856518
item, 4 x 6, 0.9601372607566085, 1.0, 0.9974006219136285
item, 4 x 7, 0.6553992446276417, 0.9970880516807538, 1.0
item, 4 x 8, 0.7690640903915873, 0.7604943662148378, 0.9991057368766642
item, 4 x 9, 0.9986127322299572, 1.0, 0.9991078909901194
item, 5 x 1, 0.6984783914817861, 0.807145734079099, 0.3401720359155787
item, 5 x 10, 0.8423745634689175, 0.9723709388499872, 0.4344129747974102
item, 5 x 2, 0.933013553238835, 0.904155926673083, 0.9205501923411046
item, 5 x 3, 0.9948592392385937, 0.9793324732514962, 0.9257324529782603
item, 5 x 4, 0.7422602759307295, 0.8990142193347421, 0.9886615256594098
item, 5 x 5, 1.0, 0.9461242279653368, 0.7567463996954554
item, 5 x 6, 0.7338541799934465, 0.9945549491527982, 0.7897607023114498
item, 5 x 7, 0.7361025108196705, 1.0, 1.0
item, 5 x 8, 0.7022427962342751, 0.8931971405872612, 0.9924695796191019
item, 5 x 9, 0.9721552502551893, 0.8353348971849653, 1.0
item, 6 x 1, 0.6807220217756438, 0.8368879382560088, 0.39174282487788153
item, 6 x 10, 0.8700663851208635, 0.983868118912069, 0.5412008404674188
item, 6 x 2, 0.8985011834829845, 0.8995550800825232, 0.9569464370258624
item, 6 x 3, 0.9924579352258184, 0.8840872696696452, 0.9987685646284061
item, 6 x 4, 0.7827549782445496, 0.9842934374686787, 0.9903843897948962
item, 6 x 5, 0.7232378687635163, 0.9991251135661802, 0.8005764608084442
item, 6 x 6, 0.7195352100842283, 0.9972595359156902, 0.9930513416611535
item, 6 x 7, 0.999032311364074, 0.9975114995721609, 0.999357571221879
item, 6 x 8, 0.9206142130276986, 0.9067810530953739, 1.0
item, 6 x 9, 1.0, 0.865522573885379, 1.0
item, 7 x 1, 0.8708333841989588, 0.897606344727886, 0.17405457326281054
item, 7 x 10, 0.8609711813305471, 0.9838766175650162, 0.5331712189866502
item, 7 x 2, 0.6444633121409524, 0.9555168191804356, 0.9696578275972777
item, 7 x 3, 0.9438285423036326, 0.9100091484237454, 1.0
item, 7 x 4, 0.840501198866208, 0.995406637897264, 0.9999705994652103
item, 7 x 5, 0.9972395259208738, 0.9502176593664478, 0.8561089367495578
item, 7 x 6, 0.8047341820207511, 1.0, 1.0
item, 7 x 7, 0.9795573775418405, 0.9983413711506869, 0.9986913259298508
item, 7 x 8, 1.0, 0.7688993810047061, 1.0
item, 7 x 9, 0.9949124706730796, 0.9566590615010138, 1.0
item, 8 x 1, 0.8229582564614751, 0.8363814529936908, 0.26483168169355004
item, 8 x 10, 0.8495426899698526, 0.8154177077077996, 0.5806208412768344
item, 8 x 2, 0.7543627897168976, 0.8142585794883413, 0.8883169254251106
item, 8 x 3, 0.8225878529989511, 0.8986165118405496, 1.0
item, 8 x 4, 0.929437697068635, 0.8929582534089076, 0.9994786412658748
item, 8 x 5, 0.9949226258010773, 0.9921371204720795, 0.6889091501675648
item, 8 x 6, 1.0, 0.999360858496446, 1.0
item, 8 x 7, 0.9837904337466253, 0.9898158603444414, 0.9920343062346468
item, 8 x 8, 0.9979418693266522, 0.7453816385037726, 0.9977159489479468
item, 8 x 9, 0.9960226161399044, 0.6899600732198559, 1.0
item, 9 x 1, 0.6713258770811844, 0.7943262164815977, 0.3408921888232259
item, 9 x 10, 0.9321301889829541, 0.9813340159910132, 0.3558089628907006
item, 9 x 2, 0.8530498773285181, 0.9945474201761573, 0.8095582915412811
item, 9 x 3, 0.786275833653159, 0.8520515023630555, 0.9930209019561662
item, 9 x 4, 0.8440599395697678, 0.9531125917510812, 1.0
item, 9 x 5, 0.9890760211342684, 0.9959271132761293, 0.7978860215743555
item, 9 x 6, 0.7854510920651524, 0.998708490028838, 0.9989373291122194
item, 9 x 7, 0.9975862704211638, 0.749954380750756, 0.9965691637477265
item, 9 x 8, 0.9320027155529533, 0.8982823979949369, 0.83563056414231
item, 9 x 9, 0.6867937287413608, 0.8272211418236537, 1.0
student, 613, 0.9947223684005109, 0.9953384789276353, 0.9858107674816611
student, 156, 0.9969580708985087, 0.9991277560883697, 0.8619203695379343
student, 644, 0.9968009620281324, 0.9977356635591942, 0.9595724655679501
student, 48, 0.997304274861496, 0.9963551004406133, 0.6810183953235278
student, 787, 0.9955470487162158, 0.9971966230992066, 0.99743891071367
student, 623, 0.992107440765473, 0.9928693671483259, 0.9344250877537064
student, 169, 0.9993198751942776, 1.0, 0.7711016203480713
student, 333, 1.0, 1.0, 1.0
student, 392, 0.9961898263290091, 0.995435215616922, 0.9876390400390043
student, 451, 0.9902119054955494, 0.9927558253645535, 0.9812461705192153
student, 614, 0.9902296185963582, 0.9970140378002252, 0.9967327816150765
student, 361, 0.9977316963348786, 0.9981456081185326, 0.9388312266384483
student, 485, 0.9972236521954205, 0.9971099792337281, 0.9166928748669502
student, 754, 0.9986554503850359, 0.9979651078878241, 0.8268468517663359
student, 503, 0.9891215993313475, 0.9922961709570692, 0.915867174236022
student, 366, 1.0, 1.0, 0.7994732966875205
student, 64, 0.9945413599445168, 0.9890976162894228, 0.9964537636517677
student, 236, 0.9902779466121062, 0.9874582187623117, 0.9909708644745232
student, 522, 0.9976522712704596, 0.9923752074871797, 0.9627518221062222
student, 476, 0.9973781991845913, 1.0, 0.8934225744553085
student, 612, 0.9915462197268526, 0.9910097724865182, 0.9447189929306731
student, 133, 0.9989657262301872, 0.9999736352103534, 0.92093289633802
student, 204, 0.9996656921324197, 0.9999527955438631, 0.8286044280795579
student, 238, 0.9965476863062527, 0.8527374369938568, 0.9854831833879786
student, 571, 0.9980482982226047, 0.9984785377259884, 0.8286934118419301
student, 402, 1.0, 1.0, 0.9923313261359201
student, 375, 0.9867615304365973, 0.9881442617643327, 0.8023744185536252
student, 32, 0.9944135219866971, 0.9988651973983731, 0.9705850854193165
student, 125, 1.0, 1.0, 0.7215438581305412
student, 446, 0.9985721476968186, 0.997259490100799, 0.8050561937315469
student, 75, 1.0, 0.9998714110870562, 0.9847658420466409
student, 628, 0.9988744985273252, 0.9993412291800432, 0.9612328990425048
student, 495, 1.0, 1.0, 1.0
student, 544, 0.9964729095827253, 0.9998033312062307, 0.9733877349480055
student, 365, 0.9920212357677259, 0.9942192088142267, 0.9669803510696658
student, 755, 1.0, 1.0, 1.0
student, 510, 1.0, 1.0, 1.0
student, 468, 0.9957677619396814, 0.9961768703652805, 0.8701942006211629
student, 192, 0.9753230043853965, 0.9937040710655628, 0.9802446604533741
student, 240, 0.9898937301493718, 0.9727054281240853, 0.9789335982799577
student, 611, 0.9919444486143789, 0.6836192143746935, 0.9908446412832501
student, 111, 1.0, 1.0, 1.0
student, 416, 0.9885972020663675, 0.9957560197617747, 0.9962855246166211
student, 629, 0.9996266304272406, 0.9996591550702144, 0.8538067471629153
student, 110, 0.7898525702661425, 1.0, 0.996666802804232
student, 538, 0.9956159118575413, 0.9963055698610888, 0.8852212251607113
student, 132, 0.9996223868328918, 0.9953703618520803, 0.9691094551466423
student, 487, 0.9990768226753237, 0.998742281651012, 0.6403212646911144
student, 608, 0.9404452502401199, 0.9874238371054898, 0.989529627740848
student, 536, 1.0, 1.0, 0.968022924536114
student, 562, 0.9894838499148342, 0.9893723639943413, 0.8745634320947464
student, 107, 0.9988039151151444, 0.9989904239075758, 0.90297126941441
student, 742, 0.9941439834959742, 0.9936683181303518, 0.9433451411329768
student, 368, 0.9971158182548272, 0.9988664327662656, 0.8717473403025312
student, 301, 0.9995502486872128, 0.9996024425511771, 0.6277550007214225
student, 98, 0.9972194000607285, 0.9989366752236906, 0.7666947080062653
student, 465, 0.995060025671386, 0.991983748215384, 0.9099678915668462
student, 230, 0.9926408773250898, 0.9805991901850096, 0.9965744374194797
student, 577, 0.98943028922893, 0.9908265020589679, 0.9789374422327517
student, 275, 1.0, 1.0, 0.9525713789094031
student, 280, 0.9933122701285394, 0.9908219614980304, 0.9930459216577019
student, 76, 0.9944957999778021, 0.9966373727489913, 1.0
student, 163, 0.9903980692193811, 0.9911031573271891, 0.9795660349670657
student, 176, 1.0, 1.0, 0.880093737586421
student, 483, 0.9372643877442185, 0.9980190773314042, 0.9952711657742134
student, 352, 0.9917389749260556, 0.9932521287836261, 0.9238637540748594
student, 218, 1.0, 1.0, 1.0
student, 380, 0.9981203248276717, 0.9982165818216451, 0.9123577349535443
student, 295, 0.9918955360518164, 0.9723520527525528, 0.9798801937576674
student, 663, 0.984494388186755, 0.9845886925112359, 0.9767889313577433
student, 234, 0.9954745420446379, 0.9947865612692268, 0.9643040257055734
student, 706, 0.9969289359019319, 0.9812302207484209, 0.9968811843079926
student, 181, 0.9936010298448595, 0.9935541537274867, 0.897850889675811
student, 701, 0.9925065690752521, 0.9773743561271748, 0.9918999829072855
student, 773, 1.0, 1.0, 1.0
student, 378, 0.9993325228647738, 0.9991745721612556, 0.9609038274319175
student, 712, 1.0, 1.0, 1.0
student, 310, 1.0, 1.0, 1.0
student, 412, 1.0, 1.0, 1.0
student, 233, 0.9993934870285055, 0.9935300211095487, 0.987327454441407
student, 196, 0.9868124817511718, 0.973139507224216, 0.9845750425019653
student, 609, 0.9993241299333995, 0.9841636543209307, 0.9622393993185129
student, 54, 0.9920922531182714, 0.9917205897393484, 0.9794493822676082
student, 723, 0.9965100415853656, 0.9958312749177809, 0.9757043360690589
student, 603, 0.9966791491805012, 0.9974129684436934, 0.9220625244634134
student, 516, 0.9871136114307452, 0.9895966684490641, 0.9898068443203388
student, 749, 0.9902611994548031, 0.9894532462957113, 0.9504073647779758
student, 80, 1.0, 1.0, 0.6783054033098042
student, 142, 0.9922606176473628, 0.9937075653143174, 0.868407554389176
student, 52, 1.0, 1.0, 0.6616188482144724
student, 96, 0.9382789362974675, 0.9894156981530045, 0.9908640170319246
student, 239, 1.0, 1.0, 0.6640356765209493
student, 548, 1.0, 1.0, 1.0
student, 138, 0.9929974463513799, 0.9936960768479848, 0.7895546024956933
student, 177, 0.9945608053024589, 0.9951052988210745, 0.776670285085706
student, 677, 0.9953667430516047, 0.9967709665139466, 0.8134542005492305
student, 591, 1.0, 1.0, 0.8349939221878595
student, 547, 1.0, 1.0, 1.0
student, 475, 1.0, 0.9991588150464047, 1.0
student, 195, 0.990777738294164, 0.9958321557717161, 0.9963485345203167
student, 99, 1.0, 1.0, 0.8672343053843515
student, 30, 1.0, 1.0, 1.0
student, 199, 0.9973721278045967, 0.9964812491378526, 0.8219615031092741
student, 697, 1.0, 1.0, 0.9818736253711939
student, 531, 0.9992784559046599, 1.0, 0.9488380355153766
student, 373, 0.9971057372120935, 0.9800600626580792, 0.9823777435277111
student, 589, 0.9569923258911434, 0.9966736895263325, 1.0
student, 520, 1.0, 1.0, 1.0
student, 116, 0.9966040896604987, 0.9888344137716538, 0.9413190297113465
student, 222, 0.9926990901473237, 0.99946386837506, 0.986591073114633
student, 456, 0.9926060821311942, 0.9810636039324182, 0.9962630428707099
student, 583, 0.9116010507038648, 0.9979640824307334, 0.9972482869334027
student, 758, 1.0, 1.0, 0.8960546677594159
student, 264, 1.0, 1.0, 0.9840736063026349
student, 84, 1.0, 1.0, 0.8339591794624006
student, 467, 0.9965134770448766, 1.0, 0.48567362280087245
student, 671, 0.9993237912564206, 0.9993446917949483, 0.9731234931884157
student, 184, 0.9908369102165044, 0.9929149210796239, 0.6463033954347711
student, 117, 0.9647505360805838, 0.9976514908947092, 0.9963403846361139
student, 713, 0.9910730934541064, 0.9697471170088573, 0.9927567060664683
student, 74, 1.0, 1.0, 0.9910391765078582
student, 242, 0.9906964156340345, 0.9907894151579453, 0.9824181887856768
student, 471, 0.9997843490154756, 1.0, 1.0
student, 198, 0.9953000440371623, 0.9948495177997931, 0.993126888820173
student, 150, 0.9914730588211298, 0.9778796259729132, 0.9918716637093691
student, 287, 0.9260592785677344, 1.0, 0.7325383158279565
student, 640, 0.9986967981096527, 0.9999942128191786, 0.9046995978459311
student, 164, 0.9982484590363407, 0.9996193358486218, 0.9571156324036941
student, 209, 0.984336370036489, 0.9960070700414619, 0.992696605993473
student, 791, 0.9426994509179036, 1.0, 1.0
student, 276, 0.9943018751843911, 0.9686245606260808, 0.9983689623835941
student, 596, 0.9993880631085382, 0.9982177209155509, 0.8790574500942876
student, 118, 0.9946950059287831, 0.9940493458562619, 0.9898968587819691
student, 469, 0.9993665453238824, 0.9184905625944927, 0.9995084880352237
student, 28, 0.9976442722103315, 0.9969181516562663, 0.9005161147508658
student, 66, 0.9987084976488273, 0.7127330335416425, 0.9976576988140908
student, 507, 0.9933455894378072, 0.9944346221951754, 0.9886033284270036
student, 565, 0.99932155223177, 0.999118642112782, 0.7767132326456339
student, 601, 0.9907542743075742, 0.9882536489600687, 0.9633743096236849
student, 798, 1.0, 1.0, 1.0
student, 211, 0.9967268867774396, 0.9971410536285538, 0.9405760856082266
student, 775, 0.9895989488354628, 0.9953513151061316, 0.9909418783278883
student, 747, 0.9995559024508699, 0.9939569416241553, 0.9490727600815935
student, 358, 0.9940963790744725, 0.9957611462284012, 0.7564049590584264
student, 784, 0.9988809586058829, 0.998894244381552, 0.9934926247507898
student, 524, 0.9946179216739824, 0.9952799329763744, 0.9608520893328116
student, 136, 0.991934413162465, 0.991639903297484, 0.7693164748012603
student, 268, 0.9935452926356405, 0.9946173956279484, 0.8723727044962309
student, 505, 1.0, 1.0, 1.0
student, 168, 0.9977036066951145, 0.9871794529612467, 0.9075712898959158
student, 180, 1.0, 0.9969552486593595, 0.6208354236495325
student, 182, 0.9937520667639421, 0.9951240923471489, 0.9042746613978851
student, 292, 0.9946817009308608, 0.9918874396861344, 0.9589924546576944
student, 255, 1.0, 1.0, 0.9531503747017559
student, 364, 0.9995561235405969, 1.0, 0.6979277559736698
student, 532, 1.0, 1.0, 0.9271293502503987
student, 102, 0.9881990766619367, 0.9931739371004548, 0.8875635699424483
student, 592, 1.0, 1.0, 1.0
student, 400, 1.0, 1.0, 1.0
student, 170, 0.9974220503177387, 0.9974911499433804, 0.9326322568858497
student, 666, 1.0, 1.0, 0.7945503364793819
student, 139, 1.0, 1.0, 0.9068586737699746
student, 203, 0.9781804408129059, 0.9900444891498172, 0.9872938880317603
student, 126, 1.0, 1.0, 0.8275201566978375
student, 162, 0.9971485324021091, 0.9977862024413454, 0.799641039859704
student, 284, 0.945852280792702, 0.9996621293465424, 0.9981737345650136
student, 128, 1.0, 1.0, 1.0
student, 781, 0.9957973358552568, 0.9962439111648298, 0.9140424226622005
student, 205, 0.993417540300972, 0.9987414590607246, 0.974222853799728
student, 643, 0.9950818595098874, 0.9975769086061564, 0.9325352770013375
student, 356, 1.0, 1.0, 0.9251058470538747
student, 87, 0.9514879337634642, 0.9997117456977191, 0.9994039910267478
student, 159, 0.9988092943115027, 0.998735621430355, 0.9499063208484584
student, 449, 1.0, 1.0, 0.8137845411011797
student, 185, 1.0, 1.0, 1.0
student, 478, 0.9948760945564231, 0.9935219440500993, 0.9498772690676351
student, 587, 0.9988245977679217, 0.9988320379616226, 0.8668456720648795
student, 21, 1.0, 1.0, 1.0
student, 518, 0.997407241049032, 1.0, 1.0
student, 194, 0.9500985604185842, 0.9979925201948471, 0.9910161498505835
student, 219, 0.9988095923320205, 1.0, 0.9906530054949324
student, 682, 0.9735899978310523, 0.9879860775971546, 0.987022764933955
student, 432, 0.9930462090508064, 0.9941151163645449, 0.9697794793150827
student, 343, 0.9993308574676633, 0.9992264365220149, 0.9971581886605343
student, 672, 1.0, 1.0, 0.8057774932518301
student, 90, 1.0, 1.0, 1.0
student, 398, 1.0, 1.0, 1.0
student, 757, 0.9872530965322465, 1.0, 1.0
student, 724, 0.9926064854501635, 0.982607237242053, 0.9950121331857158
student, 630, 1.0, 1.0, 0.7610898618497358
student, 696, 0.9592925020822703, 0.9929430213678918, 0.9927426753607212
student, 388, 0.9951696116532067, 1.0, 0.9925403077893041
student, 765, 1.0, 1.0, 1.0
student, 153, 0.9961633313157452, 0.9955536294155463, 0.9582696755700896
student, 776, 0.9928590469199978, 0.9949058450762271, 0.9651835885501097
student, 121, 1.0, 1.0, 1.0
student, 546, 1.0, 1.0, 1.0
student, 440, 1.0, 0.9996792067643998, 0.9289987433325043
student, 519, 0.9991741082083901, 0.9995002387140937, 0.9828280270729642
student, 53, 0.9990096484444356, 0.9988369618692512, 0.9568999622904365
student, 186, 0.9644265493050236, 0.9985528528570247, 1.0
student, 619, 0.9969593877491432, 0.996956463199226, 0.9446150176172645
student, 738, 0.9972830718721103, 0.9920676610207401, 0.9561451640366978
student, 746, 0.9963743202113493, 1.0, 0.9347812040149398
student, 407, 1.0, 1.0, 0.9719968462849745
student, 210, 1.0, 1.0, 0.9202190644196678
student, 670, 0.9571596443659532, 0.9972425624974126, 1.0
student, 79, 0.9981551527964329, 0.9978604308408512, 0.9638384457210211
student, 155, 0.9942857460080131, 0.9920659830503344, 0.9166217124115281
student, 714, 0.998366546368711, 0.993505993751041, 0.9061812586812714
student, 288, 0.9487290609209004, 1.0, 0.9479533622967075
student, 73, 1.0, 1.0, 1.0
student, 408, 0.993875772796925, 0.9959029630497263, 0.8761371285053958
student, 457, 0.9973806738408605, 0.9968336923109834, 0.9627321528801077
student, 37, 1.0, 1.0, 1.0
student, 124, 0.9960377215739219, 0.9976679288311086, 0.9923307080025588
student, 31, 0.9860328922299461, 0.9865037681419124, 0.9445916397824243
student, 201, 0.9995755939920518, 0.9996087090683518, 0.8750344194799315
student, 109, 1.0, 1.0, 1.0
student, 725, 1.0, 1.0, 0.4609567014153593
student, 777, 1.0, 1.0, 0.983883513373518
student, 410, 0.9956650516703378, 1.0, 0.9057958996088291
student, 605, 0.9960521635252423, 0.9954182779785946, 0.9750498210339814
student, 669, 0.998131026363613, 0.9983012231847339, 0.971081485732467
student, 259, 0.9942786331898532, 0.9971544992869777, 0.9485104103179831
student, 129, 0.9984387576205432, 0.9986426742202681, 0.9221446830564783
student, 785, 0.9952861548440366, 0.9929090179423585, 0.9815686081165996
student, 100, 0.9964038230306728, 0.9975092141567595, 0.8586161632716354
student, 739, 0.9937075405030384, 0.9916340345678983, 0.9368095259361601
student, 220, 0.9971204176016303, 0.9966505611452375, 0.9851237243394454
student, 370, 0.9991074543912294, 0.9989399336273627, 0.9520434694426234
student, 61, 0.9940744588577219, 1.0, 0.9854758068340941
student, 372, 0.994914357749226, 0.999785097160509, 0.882181441755453
student, 438, 1.0, 1.0, 0.9135359941885874
student, 556, 1.0, 1.0, 1.0
student, 599, 0.9997799644662788, 0.9259371455886276, 1.0
student, 157, 0.9957859079746973, 0.994799424792122, 0.623569354543604
student, 559, 1.0, 0.997555251582893, 0.8990353461718456
student, 535, 1.0, 0.998517253936643, 0.8940928886440606
student, 217, 0.9957249759028375, 1.0, 0.9867011318104565
student, 166, 0.9926065453051155, 0.996331946053062, 0.8093527959380349
student, 382, 0.9888882983107106, 0.9973952872129349, 0.994054299858231
student, 89, 1.0, 1.0, 1.0
student, 641, 0.9995772705755251, 0.9995557101254736, 0.8912209334147679
student, 250, 1.0, 0.8987932094084782, 0.993826829727787
student, 617, 0.9915356970172386, 0.9875502527481624, 0.991445858160588
student, 651, 0.9984709992867574, 0.9991765932453719, 0.8049803854573612
student, 733, 0.9969205363027948, 1.0, 0.980883375826163
student, 384, 0.9927882135365376, 0.9936591854186907, 0.9431450589359265
student, 473, 0.7675349558937358, 0.9975619808696262, 0.9923616189638532
student, 750, 1.0, 0.9983327931873089, 0.9322972546391041
student, 790, 1.0, 1.0, 0.863400835712747
student, 359, 0.9963132804579053, 0.999124700603756, 0.9257801002838054
student, 715, 0.999266952047047, 0.9957813023331157, 0.9591479898819593
student, 263, 1.0, 0.9983043308165797, 0.960768641365549
student, 789, 0.9938210434413549, 0.998169434861685, 0.9738295728921417
student, 575, 0.9948489262527817, 0.9943580898621319, 0.9132701748156851
student, 160, 0.9965450391828733, 0.9967697474507548, 0.7713757897430521
student, 655, 0.9971158876927007, 0.9949712908148284, 0.9215799134197437
student, 144, 0.9997346006915997, 0.9999039308813253, 0.6588063464172826
student, 659, 1.0, 1.0, 1.0
student, 91, 0.9948504801050638, 0.9968293468832546, 0.9475399587469966
student, 207, 0.9907298553212104, 0.9909929697415636, 0.992666490586038
student, 92, 1.0, 1.0, 1.0
student, 489, 0.9873084208585154, 0.9713415413602279, 0.9941285283886232
student, 803, 1.0, 1.0, 1.0
student, 607, 0.9966113935770098, 0.9997814569544262, 0.7165166826908467
student, 573, 0.9998031900263297, 0.9998453629731764, 0.6761085026738584
student, 652, 0.9993816728952056, 0.9997136775934471, 0.982705689976845
student, 463, 1.0, 1.0, 0.9911145758262913
student, 226, 0.9842929377435808, 1.0, 0.9817310360361399
student, 461, 0.9980153854445811, 0.9981336195582995, 0.9359308812182527
student, 246, 0.9696124792946126, 0.991351932988311, 0.9899196814697738
student, 460, 0.9946836970680202, 0.996096305785989, 0.987103734503928
student, 248, 0.9932280604343684, 0.9909337228227371, 0.9517466337897441
student, 251, 0.9581549323926651, 0.9940657810951871, 0.9932058040091527
student, 307, 0.9993435637874296, 1.0, 0.9960889127202289
student, 675, 0.9850025909215825, 0.9837503115654758, 0.9590611113331049
student, 193, 0.9960302430003959, 0.9954508403295803, 0.9490543013828026
student, 523, 0.9944930658594282, 0.9932872804156492, 0.9664382662405543
student, 141, 1.0, 1.0, 0.8371686364145435
student, 481, 1.0, 1.0, 0.9873521645598562
student, 225, 0.9828845093856181, 0.994005823441208, 0.9512476101009917
student, 312, 1.0, 1.0, 1.0
student, 371, 0.9992018307365316, 0.9991504974243501, 0.8052914124462376
student, 354, 0.9955424194621164, 0.9942364409203693, 0.9176511251754754
student, 285, 0.9406789958233452, 0.9972866161029619, 1.0
student, 367, 0.9925671818679211, 0.9916857783640287, 0.9806850987492095
student, 517, 1.0, 1.0, 0.8168481959347833
student, 650, 0.9865288124910518, 0.9858926472113649, 0.8984948671204441
student, 318, 0.9948964941025503, 0.9953765381627574, 0.8851157335803552
student, 97, 0.9991178340892646, 1.0, 0.8874906985672343
student, 678, 0.9971122972083402, 0.997053234893224, 0.6559044291673599
student, 690, 1.0, 1.0, 0.9905119144952698
student, 137, 0.9961957818825454, 0.9977096516910109, 0.9447178846829579
student, 528, 0.989918143789552, 0.9888685398684021, 0.947317546181928
student, 491, 1.0, 1.0, 1.0
student, 165, 0.9897612454171175, 0.9904766232363262, 0.880365560025021
student, 604, 0.9798480557250645, 0.9939696803974789, 0.9949378155937489
student, 743, 1.0, 1.0, 0.9393470175146976
student, 22, 1.0, 1.0, 1.0
student, 319, 0.9958718348321854, 0.9970212804413444, 0.9848018234121285
student, 39, 1.0, 1.0, 1.0
student, 321, 0.9941320694699141, 0.9922977982682073, 0.9941787305676509
student, 453, 0.9802848499833227, 0.9836579943472441, 0.98018804559729
student, 634, 0.9565929498048686, 0.9929402282140448, 0.9951238111358752
student, 703, 0.9945282124942947, 0.995866915988044, 0.9206473057145104
student, 47, 1.0, 1.0, 1.0
student, 252, 0.9948388838505915, 0.9684766625516211, 0.9991520560925927
student, 788, 0.9982847367543878, 0.9980309986235867, 0.899814549088135
student, 249, 0.96122751676843, 0.9933477142463204, 0.9832599893272802
student, 257, 0.9985165534576229, 0.9963443284661532, 0.8679515175203976
student, 569, 0.9996108233394532, 0.9994248008702442, 0.8353572300252161
student, 753, 0.9946633242351255, 0.9159337526453751, 0.9916845693243186
student, 27, 0.9963434037871339, 0.9865864465579972, 0.9967495640853871
student, 685, 0.9979957894331077, 0.9992842944536605, 0.9713973026240821
student, 247, 0.9987791566712244, 0.9991259287791969, 0.9305210838104013
student, 344, 0.9962937616254395, 0.9960051569559834, 0.8553988154773278
student, 175, 1.0, 0.9999449453053543, 0.8277821301347309
student, 95, 1.0, 1.0, 1.0
student, 680, 0.9997645903025104, 0.9984542366426075, 0.7442716474907906
student, 115, 1.0, 1.0, 1.0
student, 161, 0.9965782158452713, 0.9548383717633268, 0.9540601106514959
student, 355, 0.9941951174076192, 0.993680076989101, 0.9720422761983286
student, 693, 0.9890026660868061, 0.9905738302018949, 0.9674047297849806
student, 278, 0.9881966230212541, 0.997529783307662, 0.9823365867727043
student, 533, 0.9897020586268149, 0.9887312560849894, 0.914972977192118
student, 420, 0.9936036651722542, 0.9924095192375078, 0.9743325139068004
student, 212, 0.9986999336040313, 0.9964579508334539, 0.8416700350153606
student, 525, 0.989952952341192, 0.9931659687286825, 0.9647751056066871
student, 279, 1.0, 1.0, 1.0
student, 736, 0.985949183852194, 0.9932565787653156, 0.9645663211413765
student, 581, 0.9952116533503078, 0.9692277921227017, 0.9933720647476373
student, 103, 0.9954391178001802, 0.9952124417441391, 0.9493699155470414
student, 323, 0.9982654176812747, 0.9566469370583806, 0.9982853693293552
student, 377, 0.9998436266411874, 1.0, 0.6892989154001194
student, 454, 0.9938718950370768, 0.9842239639889812, 0.9911053418882362
student, 576, 0.9971695922765754, 1.0, 0.9483170212186859
student, 819, 0.9969423272465716, 0.9969628492235674, 0.9579583203684967
student, 526, 0.9953058343621866, 0.9960863404244467, 0.9814714743250011
student, 131, 0.9994292873718047, 0.9994298951889703, 0.8949362338725897
student, 171, 1.0, 1.0, 0.9890262880038725
student, 63, 1.0, 1.0, 0.8343077861280004
student, 552, 0.9999214466818975, 1.0, 0.9420404913951728
student, 119, 1.0, 1.0, 0.9831800979279433
student, 243, 0.9949553493741543, 0.9979809673520394, 0.978891371120105
student, 674, 0.9891608386125759, 0.9887572598244201, 0.9487565304230127
student, 529, 0.992251165194846, 0.9930773616690522, 0.9443091930142792
student, 282, 0.9949949142225171, 0.9818561396802449, 0.9964131164803985
student, 316, 0.9996571543504001, 0.9980368134001533, 0.9897148619386775
student, 472, 1.0, 1.0, 1.0
student, 542, 0.9944436096492077, 0.9955681232860454, 0.9835197129604322
student, 281, 0.9932658982561556, 0.931787732365056, 0.9760988270746607
student, 656, 0.9812812906541568, 0.9997455157816953, 0.9474418922182324
student, 501, 0.9961104326461118, 0.9950485537569663, 0.833472128777711
student, 514, 0.9506542865758693, 0.9907217943478644, 0.9911295546972346
student, 376, 0.9960215413777884, 0.9970094262996443, 0.9689921650909284
student, 49, 0.9956486760342539, 0.9640481374590903, 1.0
student, 325, 0.9839117011208638, 0.9839507443797392, 0.9632807953119861
student, 256, 0.9961547958181101, 0.9979373478172373, 0.9338751062144268
student, 17, 0.9992831599345474, 0.996892988673931, 1.0
student, 272, 0.948783943075608, 1.0, 1.0
student, 553, 0.9924650539566534, 0.9918003546773402, 0.9964241891693201
student, 29, 0.9959836247088839, 0.9957754117489, 0.9921377835749556
student, 654, 0.9974298708160302, 0.9966173984199271, 0.8832824665197728
student, 688, 0.994184351116731, 0.9933099641005542, 0.8886591096704513
student, 223, 1.0, 0.9968164748154038, 0.9818961322064599
student, 158, 0.9977342625579191, 0.997903195734697, 0.8506547863316055
student, 200, 1.0, 1.0, 0.9981377237580424
student, 729, 1.0, 1.0, 1.0
student, 215, 0.9938144331994989, 0.9939626094699046, 0.9750352480890304
student, 442, 1.0, 1.0, 1.0
student, 179, 0.9889448696120098, 0.9888627211793293, 0.8537566534632802
student, 771, 0.9980528146812938, 0.9267099285165467, 0.9981152581322064
student, 667, 1.0, 1.0, 0.8420682433969887
student, 123, 0.9942397487059099, 0.9927921929488054, 0.9964506915304999
student, 271, 0.99134354963469, 0.9913135036322595, 0.8542325660678755
student, 625, 1.0, 1.0, 1.0
student, 778, 0.9972409176647878, 0.9971552249615353, 0.9918417734886408
student, 120, 0.9944418783886135, 0.9783202228873388, 0.9940117722290042
student, 708, 0.9989223613140817, 0.9978353538618127, 0.9514078998221349
student, 122, 0.9932625712913676, 0.961194319859632, 0.9886926341564609
student, 286, 0.9917980573050059, 0.9955615958935659, 0.9993479260972888
student, 585, 0.9944217702764446, 0.9874712664035659, 0.9445797716509019
student, 648, 0.9977090594760726, 1.0, 0.9924027873045119
student, 418, 0.9982274799666349, 0.9974512279812209, 0.9234080258370959
student, 77, 0.9970429315046797, 0.9966982435944244, 0.9464331968039384
student, 459, 0.9985541155143456, 0.9953733152634474, 0.9631291983878835
student, 277, 1.0, 1.0, 1.0
student, 206, 1.0, 0.9991366767065363, 0.930129148232355
student, 269, 0.9969183039670021, 0.9955927642240894, 0.9285645959593201
student, 626, 0.9990495690863553, 1.0, 0.9513396844881458
student, 618, 1.0, 1.0, 1.0
student, 550, 1.0, 1.0, 1.0
student, 580, 1.0, 1.0, 1.0
student, 357, 0.9999018839956877, 1.0, 0.8634065092187438
student, 426, 0.9997657515551376, 1.0, 0.9631905843997893
student, 638, 0.9952023231102131, 0.9938890196090647, 0.9617678268476378
student, 452, 0.9992492605616418, 0.9994818831565223, 0.6908931566887664
student, 700, 0.997398821765939, 0.9999475284184678, 0.8897460068205902
student, 253, 0.9966538641705447, 0.9974303917682309, 0.8839361789588972
student, 135, 0.996921135290455, 0.9969922190903628, 0.908417348639977
student, 154, 1.0, 0.9988706683329798, 0.9865218823271614
student, 335, 0.9986367215738677, 0.9994343909736256, 0.9363873815226889
student, 549, 1.0, 1.0, 1.0
student, 513, 1.0, 1.0, 1.0
student, 112, 0.9991253888274094, 0.9988831935958435, 0.9433031910257158
student, 710, 0.9918845823104313, 0.9930877852481725, 0.9248822775929112
student, 563, 1.0, 0.9998389327108576, 0.9242768181566625
student, 721, 0.9941632547234249, 0.9763981379749068, 0.9932486336418082
student, 183, 0.9924133925927628, 0.9918367404112868, 0.8605545455138685
student, 448, 0.9920428580677362, 0.9930124791669477, 0.8911389491480489
student, 668, 0.9976634985776118, 0.9928543498722143, 0.9976576330156395
student, 794, 1.0, 1.0, 1.0
student, 404, 0.9938670821823475, 0.9988235234008617, 0.8554304844975469
student, 760, 0.9919675800228848, 0.9884164875562236, 0.9616327552837628
student, 173, 0.9933877585389675, 0.9942973688164245, 0.9129515578293725
student, 698, 0.9944004821215999, 0.9973194169788552, 0.9720931871050207
student, 261, 0.9926001513831559, 0.9912752684658157, 0.9559431544371693
student, 241, 0.9949366962069927, 0.9945349247631717, 0.9778892228438909
student, 764, 1.0, 1.0, 0.9801654414208796
student, 499, 0.9930598389750708, 0.996414460641369, 0.9569117105545014
student, 745, 0.9918378757175038, 0.9919448212425668, 0.8308307046387398
student, 308, 0.901492551416891, 0.999744374933611, 0.9999970635569521
student, 114, 0.992349344487774, 0.9916475392306252, 0.9803871656966743
student, 274, 0.9944540742439246, 0.9942733048774656, 0.9743969959704594
student, 557, 0.9996981639914666, 0.9988298972380573, 0.8661263415755316
student, 390, 0.9880569656967232, 0.989270279281384, 0.9039889562856899
student, 579, 0.9986245130979459, 0.9950428260803516, 0.9506258310765403
student, 470, 0.9982460226258313, 0.9983448341401658, 0.6529407505343994
student, 369, 0.9994283671104711, 0.9992709067694843, 0.9641425549343312
student, 436, 0.9982076455034792, 0.9983870569790146, 0.7840667796032158
student, 527, 1.0, 0.9617687286039679, 0.9861758477663837
student, 606, 0.9988791568936719, 0.9989177624435983, 0.9671687112614105
student, 187, 0.9999863053196381, 0.9998366110467964, 0.8543889445871085
student, 462, 0.9957084819608942, 0.9982662412574181, 0.9856967162918624
student, 479, 0.9936846483001388, 0.9969233975910989, 0.9721681874294559
student, 509, 0.9900108853706525, 0.9506030821702294, 0.9949865235117844
student, 55, 1.0, 1.0, 1.0
student, 772, 0.9988015988540554, 0.998705196309646, 0.7424162809359187
student, 594, 1.0, 1.0, 0.8644406136918403
student, 50, 0.9966989170260647, 0.9994353750455721, 0.9329746498478129
student, 353, 1.0, 1.0, 0.8626295164027843
student, 727, 0.9991295915121593, 0.9979356667871294, 0.7551795881209928
student, 748, 0.9884241099298235, 0.9844111433355341, 0.9018421102720114
student, 327, 1.0, 0.9976209458319321, 0.8900132066102314
student, 331, 1.0, 1.0, 1.0
student, 93, 0.9913200293852831, 0.9887187916733176, 0.9899058542199006
student, 339, 1.0, 1.0, 1.0
student, 134, 0.9953260796501249, 1.0, 0.9867538907369562
student, 396, 0.9942758511651896, 0.995069002970291, 0.9027443474187978
student, 515, 1.0, 1.0, 0.692673226516969
student, 216, 0.9863576391891272, 0.9970396167075604, 0.9947278057987935
student, 221, 0.9896874042768834, 0.9933915588134747, 0.9856175708130184
student, 304, 0.9957250298386348, 1.0, 0.9468700275146594
student, 394, 0.9857874173413638, 0.9943331289730193, 0.9957140605817186
student, 414, 0.992574959438538, 0.9965875721774548, 0.9644752414202072
student, 94, 1.0, 1.0, 1.0
student, 645, 0.9996264532486953, 0.997830135363995, 0.9612866372429236
student, 692, 0.982245515289512, 0.998724143216266, 0.9969626392386781
student, 828, 1.0, 1.0, 0.8115044452201828
student, 832, 0.9893324796939394, 0.9978441272409132, 0.9975665621075247
student, 622, 0.9970682845221934, 0.997741708139957, 0.9952242241177646
student, 167, 0.9996238059477336, 0.9997470592707889, 0.9158011003708503
student, 345, 0.9998957949860257, 0.7716838660719606, 0.9998867269868714
student, 26, 0.9999041270313412, 0.9999628958560165, 0.7181291096735822
student, 735, 1.0, 1.0, 0.9800721079420744
student, 779, 1.0, 1.0, 1.0
student, 152, 0.9871687760065389, 0.9875870874146836, 0.9401778165078707
student, 202, 1.0, 1.0, 1.0
student, 145, 0.998757145498578, 0.9991342324063616, 0.9093548134344052
student, 740, 0.9990833645026171, 0.9990606692751384, 0.9160035319914452
student, 208, 0.9960756745763283, 0.992672824903895, 0.9223515568742112
student, 578, 0.8902987106770831, 0.9997666084768384, 0.9981532513519364
student, 610, 0.9991724222471441, 0.9993111770732799, 0.8626036073568835
student, 88, 1.0, 1.0, 1.0
student, 434, 0.9969046737263454, 1.0, 0.9913605004183121
student, 684, 0.9929068254627591, 0.9942130259045591, 0.9924098040576428
student, 337, 0.9227763357917981, 0.9962331429677227, 0.9959940033789465
student, 360, 0.9938343722717918, 0.9939552426596044, 0.9253237677614338
student, 43, 1.0, 1.0, 1.0
student, 639, 0.9998035349015647, 0.9995987091311095, 0.8498216900417717
student, 720, 1.0, 1.0, 0.9649644337052046
student, 477, 0.9931827326033047, 0.927173446244395, 0.9685427203986238
student, 539, 0.984430776396094, 0.991186584645544, 0.9649139620664623
student, 430, 1.0, 1.0, 0.9709367109142555
student, 25, 0.9967116754914273, 0.9974381467650593, 0.7570977437615064
student, 362, 0.9959061526636417, 0.9943054592950239, 0.9165155301446999
student, 174, 0.9982150012815488, 0.9997685899934582, 0.8977880348492242
student, 267, 0.9990452865570227, 1.0, 0.9697110740458861
student, 424, 1.0, 1.0, 1.0
student, 741, 0.9939536337165219, 0.9942684077549857, 0.9668017981600063
student, 534, 1.0, 1.0, 0.820944172446771
student, 374, 0.9963252550355888, 0.983058896683765, 0.9959835512517459
student, 113, 1.0, 1.0, 0.9469128361554182
student, 51, 0.9928596520970832, 0.9955032897892637, 0.9815535343726324
student, 602, 1.0, 0.9962343800529507, 0.88929363450679
student, 537, 0.9963971319135747, 0.9938248424022178, 0.94673798345396
student, 568, 0.994894307085261, 0.9800015371931571, 0.9969860011369517
student, 283, 0.9986291824446514, 0.9987631469181001, 0.7521854655198768
student, 262, 1.0, 1.0, 0.9896737807946128
student, 329, 0.9984429388239454, 0.9468653645725108, 0.9965003499424386
student, 245, 1.0, 0.9892624284767271, 0.9989659067969683
student, 105, 0.7700109573636827, 0.9935892160488381, 0.9328665874530878
student, 560, 1.0, 1.0, 1.0
student, 567, 0.990054278013461, 0.9917339037397223, 0.9566001964934634
student, 78, 0.9989873883917949, 0.9966135944165068, 0.9981585692401205
student, 769, 1.0, 1.0, 1.0
student, 346, 0.9969993637089005, 0.9973468592933723, 0.9670691124400559
student, 101, 0.9943283823422249, 0.9937094351732828, 0.8348812173889649
student, 178, 1.0, 1.0, 0.9539863268381329
student, 65, 0.9927621414852151, 0.9923515257270231, 0.816434917131671
student, 172, 0.9254833415549041, 0.995963832781931, 0.9427098132988301
student, 140, 1.0, 1.0, 0.6668009153761073
student, 480, 1.0, 1.0, 1.0
student, 711, 0.9921661802901035, 0.9950502179052689, 0.9842075665732276
student, 293, 0.991875947361282, 0.9923127885765426, 0.9903124308744785
student, 783, 0.9874287972512297, 0.9316472628512216, 0.9861049110292686
student, 545, 1.0, 1.0, 0.7827614625263913
student, 106, 0.9808075113014689, 0.9912897390479142, 0.9123767360114782
student, 104, 0.9983517961699719, 0.9973779142144187, 0.8681977001820749
student, 273, 1.0, 1.0, 0.9855476482477087
student, 444, 0.9847448180044756, 0.9933557351097795, 0.9429183929808052
student, 570, 1.0, 1.0, 1.0
student, 143, 0.999654006008653, 0.9990578981074061, 0.8330440915712876
student, 334, 1.0, 1.0, 1.0
student, 464, 0.9927655645767606, 0.9928189282809166, 0.9675176527989401
student, 512, 0.9561353690554067, 0.9985622743853926, 0.9985031855006568
student, 314, 0.9997042290870325, 0.9977644799154771, 0.8099816754531164
student, 197, 1.0, 0.9988960034764134, 1.0
student, 341, 1.0, 1.0, 1.0
student, 363, 0.9974021463976618, 0.9977969691404528, 0.9326590084396748
student, 661, 0.9996496753866915, 0.9913478872796166, 0.9865229408418781
student, 637, 0.998087023778495, 0.9982911723778953, 0.9585885376991039
student, 647, 1.0, 0.9979911401492589, 0.9096966977004655
student, 716, 0.9949459397565621, 0.9966227179974595, 0.9668672824520093
student, 621, 0.9614600881951172, 0.9988636859303158, 0.999702916578781
student, 554, 0.9967877788958964, 1.0, 0.9626937161924564
student, 767, 0.9984586930479117, 0.9989882689386459, 0.9488291153111553
student, 302, 1.0, 1.0, 1.0
student, 386, 0.9958127602152026, 0.9956281331070597, 0.9876508165694673
student, 574, 1.0, 1.0, 0.8525682180142555
student, 719, 1.0, 1.0, 0.9562850568003441
student, 296, 0.9970353311482171, 0.9982018328131781, 0.8888530611817401
